RegionID,SizeRank,RegionName,RegionType,StateName,3/31/18,4/30/18,5/31/18,6/30/18,7/31/18,8/31/18,9/30/18,10/31/18,11/30/18,12/31/18,1/31/19,2/28/19,3/31/19,4/30/19,5/31/19,6/30/19,7/31/19,8/31/19,9/30/19,10/31/19,11/30/19,12/31/19,1/31/20,2/29/20,3/31/20,4/30/20,5/31/20,6/30/20,7/31/20,8/31/20,9/30/20,10/31/20,11/30/20,12/31/20,1/31/21,2/28/21,3/31/21,4/30/21,5/31/21,6/30/21,7/31/21,8/31/21,9/30/21,10/31/21,11/30/21,12/31/21,1/31/22,2/28/22,3/31/22,4/30/22,5/31/22,6/30/22,7/31/22,8/31/22,9/30/22,10/31/22,11/30/22,12/31/22,1/31/23,2/28/23,3/31/23,4/30/23,5/31/23,6/30/23,7/31/23,8/31/23,9/30/23,10/31/23,11/30/23,12/31/23,1/31/24,2/29/24,3/31/24,4/30/24,5/31/24,6/30/24
102001,0,United States,country,,51,48,45,43,44,46,50,54,59,66,72,73,70,63,57,53,52,54,56,59,62,67,72,72,65,58,54,54,53,50,47,44,43,43,46,47,42,34,28,24,22,22,24,26,28,31,33,32,29,24,20,19,20,24,29,33,37,42,49,51,49,43,37,33,32,33,35,36,39,44,49,52,49,43,39,37
394913,1,"New York, NY",msa,NY,68,65,63,64,66,71,77,82,87,93,100,102,100,92,86,81,81,85,89,92,95,101,107,109,101,92,87,84,77,72,68,66,66,70,78,84,81,72,63,59,58,57,60,62,66,69,73,72,67,58,50,47,46,50,53,57,60,65,72,76,73,65,58,54,54,55,56,56,57,61,68,71,67,58,51,49
753899,2,"Los Angeles, CA",msa,CA,35,32,31,32,33,36,40,43,46,51,56,59,56,51,46,44,44,45,47,48,50,53,56,53,45,38,35,36,37,36,34,32,31,32,35,35,32,27,24,23,22,23,24,25,26,27,29,27,23,19,18,19,22,27,32,36,39,44,50,52,49,42,35,31,29,29,30,31,33,36,40,41,37,33,30,29
394463,3,"Chicago, IL",msa,IL,51,44,40,39,40,44,49,54,60,69,77,78,71,59,51,47,48,51,56,60,66,75,83,82,72,61,56,55,52,49,45,43,42,46,52,53,47,37,29,25,24,25,28,31,36,41,46,44,36,27,22,20,20,24,29,33,37,43,50,52,46,37,30,26,24,25,26,27,30,36,42,43,38,31,26,24
394514,4,"Dallas, TX",msa,TX,46,42,38,37,38,41,45,49,54,60,65,66,62,56,51,49,49,51,54,58,61,65,69,69,64,56,52,50,49,47,46,44,44,44,45,44,40,33,28,25,23,24,26,28,30,31,32,31,26,18,13,12,14,18,24,29,33,40,46,49,45,37,30,27,28,31,34,37,40,45,51,52,49,43,39,38
394692,5,"Houston, TX",msa,TX,49,46,43,42,44,47,52,57,62,67,71,73,69,63,57,54,54,56,60,64,67,72,77,76,69,61,57,58,57,54,51,50,48,47,48,48,44,38,31,26,23,24,26,29,31,33,35,34,32,27,23,21,21,25,30,36,41,47,54,57,55,49,43,39,37,39,41,44,47,53,58,63,60,54,49,47
395209,6,"Washington, DC",msa,VA,53,45,42,38,37,36,38,42,46,54,59,56,47,37,32,31,34,37,39,40,43,49,53,50,39,30,27,28,28,26,25,22,22,23,25,25,21,16,13,13,14,16,19,21,24,27,28,25,20,15,13,13,16,20,24,28,32,37,42,41,33,24,20,18,18,19,21,22,26,30,34,32,26,20,17,17
394974,7,"Philadelphia, PA",msa,PA,60,56,52,52,51,52,53,56,60,65,71,72,66,56,49,45,47,49,52,53,55,62,67,66,57,50,45,44,39,35,35,33,33,32,36,36,32,26,21,19,18,20,23,24,26,29,33,33,29,22,18,17,19,22,25,27,29,33,38,40,38,32,27,24,23,23,24,25,29,33,37,38,35,30,26,24
394856,8,"Miami, FL",msa,FL,59,62,64,67,68,69,72,74,77,80,85,88,87,86,84,84,83,84,85,86,87,90,92,92,88,85,83,84,85,84,81,79,78,80,82,83,79,73,65,58,50,44,41,42,43,44,45,45,41,35,31,27,27,30,34,39,43,48,54,58,60,58,56,54,52,52,52,51,52,56,61,64,66,67,68,68
394347,9,"Atlanta, GA",msa,GA,40,35,32,31,32,34,37,40,44,48,53,54,51,45,41,39,40,42,45,47,50,55,60,61,55,47,43,44,46,45,43,40,38,38,38,36,30,24,19,17,16,17,20,21,23,24,27,27,24,21,18,17,19,22,27,32,37,44,51,54,51,43,37,34,33,33,35,37,40,45,50,52,48,44,41,41
394404,10,"Boston, MA",msa,MA,34,27,23,21,24,27,30,33,37,43,50,50,44,35,30,28,29,33,35,37,40,49,55,52,40,30,27,28,27,26,27,26,27,29,34,34,28,21,17,15,16,17,19,20,22,26,30,28,21,15,13,15,17,21,23,25,27,32,37,38,34,27,21,18,19,20,22,22,24,28,31,32,28,22,19,18
394976,11,"Phoenix, AZ",msa,AZ,47,46,47,46,48,49,48,49,52,55,58,58,57,54,52,49,48,46,44,42,42,45,47,47,41,37,35,36,37,35,31,28,27,29,30,29,25,21,18,18,18,19,20,22,23,25,27,26,23,19,18,19,22,29,37,46,53,61,69,73,71,64,57,50,46,42,40,40,41,46,50,50,47,45,44,44
395057,12,"San Francisco, CA",msa,CA,23,19,18,19,21,24,25,28,31,37,41,40,35,30,28,27,29,31,33,33,35,41,44,40,31,25,25,27,28,27,26,26,26,30,32,31,26,20,18,17,17,18,20,21,22,26,27,25,20,16,16,18,22,27,31,34,36,43,49,49,41,33,28,26,25,26,28,28,30,38,42,41,33,27,24,25
395025,13,"Riverside, CA",msa,CA,43,40,39,39,41,43,48,51,55,59,63,65,63,60,57,54,52,51,52,53,55,58,62,62,57,50,47,47,48,44,37,30,27,29,31,31,27,22,18,16,16,18,19,21,23,25,27,25,22,18,18,19,23,29,35,40,46,51,58,61,58,51,44,39,37,36,36,37,40,43,48,49,47,43,39,39
394532,14,"Detroit, MI",msa,MI,42,34,28,24,25,28,31,37,43,51,57,62,57,49,40,35,34,37,40,46,50,58,65,67,60,55,48,46,40,35,32,30,31,33,39,38,33,24,19,16,15,17,20,23,25,27,30,30,27,22,17,16,17,21,25,29,33,38,43,47,44,37,29,24,23,23,25,27,30,34,39,40,36,31,26,24
395078,15,"Seattle, WA",msa,WA,22,17,15,15,17,21,26,31,37,45,49,47,39,30,24,22,24,27,30,32,35,39,41,35,25,17,15,17,18,17,17,16,18,20,22,20,15,12,10,10,11,12,13,14,15,16,16,14,10,8,8,10,15,21,27,31,36,42,50,48,40,28,21,18,18,20,23,25,29,35,39,36,28,20,17,17
394865,16,"Minneapolis, MN",msa,MN,43,36,32,32,32,35,39,43,49,57,65,66,60,47,39,34,34,37,40,44,49,56,61,61,53,42,35,33,34,34,33,32,33,37,42,40,33,24,18,17,18,20,23,25,29,34,37,35,28,21,17,17,19,24,29,33,38,46,54,56,49,37,27,24,24,26,29,32,37,44,52,53,47,37,30,29
395056,17,"San Diego, CA",msa,CA,35,33,33,35,40,43,46,48,52,58,61,63,59,55,49,46,46,48,50,51,51,56,60,56,47,41,40,40,37,33,30,26,25,27,28,28,24,20,17,16,16,17,18,19,20,20,19,17,14,13,13,15,18,24,29,33,36,40,46,46,39,30,24,21,21,21,23,24,27,31,34,34,30,26,24,25
395148,18,"Tampa, FL",msa,FL,45,43,42,41,42,44,47,49,51,53,58,61,59,57,55,53,52,51,52,55,56,57,57,55,50,44,43,44,44,39,35,32,31,30,32,31,28,22,17,14,13,14,15,16,17,18,18,18,16,13,12,13,15,20,24,29,33,40,45,49,49,45,40,35,33,33,34,35,38,43,49,53,53,50,49,49
394530,19,"Denver, CO",msa,CO,23,19,17,17,19,23,27,31,35,40,44,42,37,30,26,25,27,31,34,37,39,43,46,43,34,26,23,25,25,25,24,23,23,24,25,25,20,15,11,10,10,12,14,15,16,18,18,16,12,10,9,10,14,20,26,31,36,43,49,47,38,28,22,20,21,24,27,31,36,42,46,44,36,28,24,24
394358,20,"Baltimore, MD",msa,MD,59,54,50,47,49,48,50,54,58,67,72,73,65,55,47,45,47,51,54,55,57,61,67,67,60,50,45,43,43,40,39,33,30,29,31,30,24,18,15,14,14,16,18,20,23,25,27,26,22,17,14,14,15,18,21,24,26,31,35,36,32,26,22,19,19,20,21,22,25,28,32,33,30,24,21,20
395121,21,"St. Louis, MO",msa,MO,51,46,42,39,39,41,45,49,54,61,68,67,60,49,42,37,38,39,41,43,46,53,59,60,51,43,37,37,35,33,30,29,30,33,36,36,30,25,19,16,14,15,17,19,21,23,25,25,22,18,15,13,14,16,18,20,22,26,31,32,28,24,20,18,17,18,19,20,23,28,33,33,30,24,21,20
394943,22,"Orlando, FL",msa,FL,43,40,38,37,38,39,42,45,50,54,57,58,56,52,48,46,46,46,48,53,56,58,57,57,51,44,42,43,44,41,38,37,36,38,40,42,39,33,27,21,18,17,19,20,21,22,22,21,18,15,14,14,16,20,25,31,36,42,49,51,48,41,37,34,32,32,33,35,37,42,48,51,51,47,46,47
394458,23,"Charlotte, NC",msa,NC,35,31,28,28,30,33,37,39,43,47,52,52,48,42,38,36,36,37,40,42,44,46,50,49,43,35,33,34,34,30,27,24,23,24,27,24,21,15,14,13,13,14,15,17,19,21,23,23,20,15,12,12,14,18,23,28,32,38,44,49,47,39,31,25,23,23,25,28,31,35,38,41,38,34,30,30
395055,24,"San Antonio, TX",msa,TX,58,56,54,53,53,54,56,59,64,68,74,76,74,68,62,60,59,61,63,66,70,75,80,82,77,69,63,61,60,58,55,54,54,53,53,49,41,30,22,17,16,17,19,22,23,25,27,28,26,21,17,17,18,22,27,33,39,46,54,58,58,53,48,44,45,47,50,54,58,63,70,75,75,69,63,61
394998,25,"Portland, OR",msa,OR,37,30,25,25,27,31,38,43,50,56,61,61,53,44,36,33,33,36,40,44,48,54,57,54,43,31,27,28,29,27,25,25,25,28,30,28,22,18,14,14,14,16,18,20,22,24,25,22,18,14,12,13,16,22,28,33,38,44,52,52,47,35,28,25,25,28,32,36,41,48,54,56,49,39,32,29
395045,26,"Sacramento, CA",msa,CA,31,27,24,24,27,30,35,39,43,47,52,51,46,36,31,29,30,33,36,38,41,45,47,44,36,29,28,30,32,29,26,22,20,21,23,22,18,14,13,13,14,15,17,19,21,23,24,22,19,15,14,16,20,26,33,37,42,46,51,53,48,38,29,24,23,24,26,28,31,35,40,39,34,27,25,25
394982,27,"Pittsburgh, PA",msa,PA,67,63,59,53,51,50,53,59,64,71,77,83,82,74,64,58,55,55,53,56,59,66,71,74,70,67,62,58,51,44,43,41,43,46,51,51,45,35,26,21,20,21,23,27,30,35,40,43,38,30,23,21,21,24,27,29,33,40,48,51,48,40,34,29,28,28,30,31,34,41,48,52,47,39,32,29
394466,28,"Cincinnati, OH",msa,OH,43,37,32,29,28,31,33,37,42,48,55,57,53,44,36,32,31,31,33,36,39,42,45,46,41,33,30,28,26,23,21,20,20,22,26,26,23,18,14,12,12,12,14,17,19,21,22,21,17,13,10,10,11,14,16,18,21,24,28,28,26,20,16,14,14,16,17,19,21,25,30,32,27,21,17,17
394355,29,"Austin, TX",msa,TX,39,33,31,30,33,38,44,49,53,58,61,59,50,41,36,34,35,37,41,43,45,49,53,50,40,32,30,31,32,30,29,27,27,26,30,28,25,19,17,17,17,19,22,26,30,34,36,34,28,21,19,20,25,33,44,54,62,72,79,85,82,76,67,61,59,61,64,71,77,84,88,87,79,69,62,61
394775,30,"Las Vegas, NV",msa,NV,46,47,41,36,28,31,33,38,41,47,53,56,57,54,53,52,53,55,58,60,62,65,67,65,56,48,45,47,50,48,45,42,44,45,51,51,47,34,24,20,19,20,21,23,24,25,27,25,22,19,17,17,20,26,35,44,51,60,69,74,73,66,56,48,42,39,38,38,40,44,48,49,46,41,37,35
394735,31,"Kansas City, MO",msa,MO,44,39,34,32,33,35,41,43,45,47,52,57,54,47,38,33,33,34,36,38,41,48,54,56,49,42,37,35,34,30,28,26,25,27,29,28,23,16,12,10,10,12,14,15,16,19,21,21,18,13,10,9,10,13,16,19,22,26,31,31,28,22,18,16,15,16,17,19,22,26,31,33,30,24,20,19
394492,32,"Columbus, OH",msa,OH,32,25,20,19,20,22,25,29,33,39,45,46,42,33,26,23,22,24,26,29,32,36,41,40,34,26,22,22,20,18,18,17,18,19,23,23,20,14,10,9,9,10,12,13,15,17,19,18,15,11,9,9,10,12,15,17,20,24,28,29,25,19,15,13,13,14,17,18,21,26,30,30,26,21,17,15
394705,34,"Indianapolis, IN",msa,IN,46,42,34,28,25,27,31,35,40,47,54,57,53,45,35,30,29,30,32,34,37,44,50,51,45,37,32,31,29,26,23,21,22,24,27,27,23,19,14,12,11,12,13,15,15,18,20,21,17,14,11,10,11,14,18,21,25,30,37,39,36,28,21,19,19,21,23,25,29,35,41,43,38,31,26,24
394475,35,"Cleveland, OH",msa,OH,64,62,58,55,54,55,58,62,67,73,78,82,79,73,65,60,57,57,59,61,65,71,74,76,68,62,53,49,45,40,40,37,38,47,54,55,39,27,20,16,15,15,18,21,24,26,29,30,26,21,16,14,15,17,20,22,26,31,37,38,35,28,23,20,19,19,20,21,23,27,33,35,32,27,21,19
395059,36,"San Jose, CA",msa,CA,21,18,16,16,20,24,28,31,34,40,44,44,38,32,30,30,33,37,42,43,45,49,51,46,34,28,28,34,35,34,30,30,32,36,37,38,31,28,25,25,23,23,25,27,30,32,33,28,22,18,18,21,25,31,35,40,41,44,47,49,46,40,34,27,22,20,22,23,25,29,31,30,24,18,16,18
394902,37,"Nashville, TN",msa,TN,40,36,35,35,36,38,41,44,48,54,63,64,60,51,45,43,43,46,50,57,62,69,70,71,65,59,55,52,52,55,53,51,44,44,47,43,34,21,15,12,11,12,13,15,17,19,20,19,16,12,11,11,13,18,24,30,36,43,50,53,51,45,38,34,32,34,37,40,43,47,54,56,52,44,37,36
395194,38,"Virginia Beach, VA",msa,VA,74,72,72,71,73,73,77,83,89,96,101,101,98,88,79,71,70,72,75,79,85,103,108,110,103,109,110,109,104,100,85,69,57,50,49,46,43,38,31,28,25,26,28,30,33,34,36,34,30,24,21,21,22,26,29,33,35,39,44,46,44,36,31,28,27,29,31,33,38,42,48,49,45,39,34,34
395005,39,"Providence, RI",msa,RI,51,45,40,37,38,41,50,54,61,63,70,75,71,64,53,50,49,51,51,52,55,61,67,68,63,55,50,45,41,35,33,31,30,34,41,42,36,26,23,22,20,19,20,23,25,27,28,28,24,19,15,15,17,21,25,26,28,30,35,37,35,28,23,20,20,22,22,23,25,30,34,36,31,26,22,21
394714,40,"Jacksonville, FL",msa,FL,52,52,51,52,52,55,57,60,64,67,72,74,73,70,64,59,56,54,56,57,59,60,63,64,58,53,51,53,53,50,48,43,39,35,36,34,28,22,19,17,16,16,17,19,20,23,24,23,20,17,14,14,16,21,26,32,39,47,57,63,64,59,53,49,47,47,48,50,53,57,60,63,61,59,57,58
394862,41,"Milwaukee, WI",msa,WI,,,,,,,,,,,,,66,54,51,51,51,49,50,55,59,67,70,76,69,61,52,51,50,48,42,41,46,49,57,50,53,42,38,30,29,31,32,36,38,43,46,44,38,29,26,24,26,28,34,38,41,44,45,46,41,33,27,24,26,26,28,29,33,41,47,48,38,33,28,27
394935,42,"Oklahoma City, OK",msa,OK,76,67,58,52,51,51,55,58,65,72,79,84,81,73,62,55,52,51,52,54,57,63,66,66,59,51,47,45,45,42,40,37,37,39,42,43,38,30,21,16,14,15,18,20,21,23,25,26,23,18,15,14,15,18,22,26,30,34,40,43,43,38,34,31,31,34,37,40,44,49,54,56,53,48,45,43
395012,43,"Raleigh, NC",msa,NC,31,26,25,24,26,29,31,33,35,39,43,42,39,34,31,30,31,33,34,36,38,42,45,43,36,28,26,27,27,25,22,20,21,23,24,22,17,13,11,10,10,10,11,12,13,15,16,16,13,10,9,10,12,17,21,27,33,41,47,47,40,32,25,22,22,23,25,28,30,35,40,41,34,28,24,25
394849,44,"Memphis, TN",msa,TN,60,52,45,40,43,43,49,49,57,62,72,73,68,57,45,37,36,38,42,43,46,50,54,54,49,41,35,31,33,33,32,29,26,25,23,35,34,35,25,22,22,23,25,27,28,30,36,36,34,24,21,21,23,25,28,30,33,39,44,48,46,43,39,37,37,39,41,44,45,49,53,58,57,54,51,50
395022,45,"Richmond, VA",msa,VA,41,31,31,31,35,36,42,46,52,55,60,59,52,43,35,33,35,39,41,44,47,57,60,58,44,35,31,32,32,28,24,23,21,22,23,23,20,15,12,11,11,13,14,15,16,18,19,18,15,11,10,10,11,14,17,19,21,25,29,28,25,21,18,15,15,15,16,17,20,23,28,28,25,20,17,17
394807,46,"Louisville, KY",msa,KY,42,36,32,31,32,34,35,39,42,52,59,64,58,50,43,39,37,36,39,41,45,52,61,61,53,44,40,39,35,31,29,25,24,27,33,34,30,22,16,14,13,14,16,19,20,23,25,27,23,18,13,13,14,16,20,22,25,30,34,36,33,29,26,22,20,20,23,24,27,30,35,37,35,31,26,23
394910,47,"New Orleans, LA",msa,LA,59,59,58,60,60,62,61,63,67,72,79,80,79,73,69,60,57,57,61,62,66,71,80,82,77,68,63,62,63,61,57,49,44,43,43,41,37,30,26,23,23,24,29,31,33,33,35,33,29,23,22,23,25,30,34,40,45,52,59,62,61,57,54,55,58,60,62,62,67,73,80,82,79,74,70,69
395053,48,"Salt Lake City, UT",msa,UT,33,24,22,21,24,25,28,30,34,41,48,49,43,37,30,27,29,34,36,35,37,43,45,42,34,28,24,25,23,21,18,17,16,18,23,22,17,11,9,9,10,11,13,14,16,17,17,14,11,8,9,11,15,21,27,32,37,44,51,54,48,39,29,25,25,27,31,33,39,43,49,49,43,33,28,27
394669,49,"Hartford, CT",msa,CT,63,52,46,40,42,47,52,57,61,72,82,84,74,61,53,48,48,50,54,57,63,71,79,81,72,60,52,47,42,37,34,33,31,32,38,38,33,22,16,14,14,16,18,20,22,25,27,27,21,15,12,11,13,16,19,20,20,22,26,27,23,17,13,12,12,13,15,16,18,21,23,24,22,18,14,13
394425,50,"Buffalo, NY",msa,NY,50,42,34,32,32,34,38,42,48,55,61,65,62,53,44,37,37,37,39,40,46,54,62,64,59,55,50,45,36,31,28,28,29,32,35,36,32,26,21,19,18,19,20,22,24,27,30,30,28,22,18,16,16,19,23,25,28,31,38,38,33,26,22,21,20,20,22,23,26,30,35,36,33,27,23,20
394388,51,"Birmingham, AL",msa,AL,49,43,40,41,42,46,48,52,54,59,65,67,61,53,46,43,42,43,46,49,52,56,59,59,53,45,39,39,39,37,34,32,31,31,35,37,35,27,20,17,15,16,17,19,20,22,24,27,25,22,17,16,17,20,24,28,31,37,43,45,42,36,31,29,29,31,33,35,37,42,49,50,48,42,41,39
395031,52,"Rochester, NY",msa,NY,51,42,37,33,34,37,42,47,51,58,63,65,59,49,39,34,33,35,38,42,46,55,58,57,49,45,42,38,33,30,31,29,30,32,36,34,28,22,18,17,15,16,17,18,19,22,25,26,23,18,14,13,14,15,17,19,21,24,27,26,23,20,18,16,16,16,16,17,18,22,24,24,21,18,16,15
394640,53,"Grand Rapids, MI",msa,MI,37,32,26,24,23,25,30,34,37,41,43,49,46,41,33,30,28,30,33,37,39,45,53,56,50,41,33,34,30,29,24,22,22,24,27,26,22,18,15,13,12,13,15,15,17,18,21,21,18,13,11,11,12,15,18,20,22,26,31,32,30,23,18,15,15,16,17,19,23,28,31,32,27,21,16,15
395167,54,"Tucson, AZ",msa,AZ,47,46,44,42,41,41,41,41,41,45,50,54,54,49,46,42,43,41,42,41,39,40,43,44,40,36,35,36,35,30,25,22,23,25,29,27,23,16,13,12,12,12,15,17,19,22,25,25,22,17,14,13,14,20,25,30,35,42,49,51,49,44,39,35,31,28,28,29,31,36,43,45,44,40,39,39
753924,55,"Urban Honolulu, HI",msa,HI,,,,,,,,,,,,,,,,,,,,,,,,,,,,,,,,,,,61,62,68,55,49,44,39,36,34,33,34,36,41,38,38,31,31,30,30,31,35,38,40,42,49,56,58,55,51,47,45,45,46,49,50,53,56,59,59,56,54,55
395169,56,"Tulsa, OK",msa,OK,65,62,61,59,60,61,66,70,77,87,93,95,87,80,74,71,68,66,66,66,66,70,73,75,69,64,58,55,52,49,45,39,38,39,44,48,43,35,24,21,19,20,22,24,26,27,29,29,26,22,18,16,17,20,23,27,32,36,42,43,44,40,37,34,34,37,39,41,41,44,52,57,58,52,47,44
394619,57,"Fresno, CA",msa,CA,35,33,31,31,32,33,35,35,41,48,53,56,51,46,40,38,40,39,41,43,48,50,53,53,49,49,46,49,46,39,31,26,26,28,29,28,25,22,20,18,18,19,24,23,24,22,24,22,20,16,15,15,18,22,27,31,34,39,44,46,43,38,32,28,25,26,27,27,29,34,38,39,37,33,31,30
395238,58,"Worcester, MA",msa,MA,43,36,28,25,26,29,33,38,42,52,57,60,54,46,35,30,31,33,36,38,42,46,50,50,44,36,30,30,30,28,26,23,23,26,29,29,23,16,13,12,14,16,18,19,20,23,26,26,23,18,14,15,16,19,19,21,23,27,32,34,30,24,18,16,17,18,19,19,21,24,28,28,25,21,18,17
394938,59,"Omaha, NE",msa,NE,40,38,34,34,34,36,39,40,43,50,66,73,66,55,46,41,36,36,38,49,53,62,62,63,56,47,39,39,38,39,36,32,28,25,30,28,24,15,13,12,12,13,15,17,19,21,22,20,17,13,11,11,13,15,18,18,23,27,30,28,24,19,15,14,16,18,20,22,24,29,35,35,30,24,21,20
394415,60,"Bridgeport, CT",msa,CT,66,56,50,48,54,61,66,73,79,89,93,93,85,78,70,68,71,77,83,87,91,103,110,108,93,82,81,79,70,58,52,52,52,53,57,58,51,39,30,26,25,29,32,37,39,43,44,42,35,27,20,18,19,24,30,33,35,39,45,45,39,30,24,21,23,27,29,29,27,31,34,35,31,27,23,21
394653,61,"Greenville, SC",msa,SC,44,41,37,35,36,39,42,46,51,58,63,65,60,55,49,49,48,49,49,52,55,61,64,66,57,51,46,48,49,48,44,40,39,39,40,37,33,27,22,17,15,15,16,18,19,21,23,22,20,16,14,14,14,18,20,23,26,33,40,42,40,34,31,28,27,28,29,30,32,37,41,43,41,38,38,36
394312,62,"Albuquerque, NM",msa,NM,53,48,42,39,41,45,49,53,57,63,69,69,64,54,47,42,41,41,42,43,47,50,54,52,45,36,32,32,31,30,26,25,24,26,29,28,23,18,14,13,12,13,15,16,17,19,19,18,15,13,11,11,12,16,21,24,26,28,33,35,32,27,22,20,20,21,22,24,27,32,36,38,34,29,25,26
394357,63,"Bakersfield, CA",msa,CA,52,48,47,47,47,48,47,51,58,66,70,69,71,66,62,54,55,55,56,57,65,72,84,86,85,74,68,66,66,58,51,40,36,36,37,35,27,21,18,17,17,17,19,21,23,24,25,25,24,21,20,20,22,26,30,35,40,47,52,55,51,47,39,34,31,32,32,33,36,40,43,43,41,38,35,33
394308,64,"Albany, NY",msa,NY,65,60,54,49,48,50,53,58,66,74,81,85,83,74,63,55,51,50,52,58,63,74,83,88,79,71,63,56,47,43,39,37,36,39,42,39,34,27,22,18,18,20,24,27,33,37,41,38,33,26,21,19,19,22,26,28,31,35,43,45,41,32,26,23,23,24,25,25,28,31,37,39,37,30,24,22
394753,65,"Knoxville, TN",msa,TN,54,52,48,47,46,47,49,52,55,60,66,69,64,59,51,49,45,45,46,48,49,53,58,59,54,45,43,45,46,42,35,31,31,31,34,36,33,26,18,15,14,14,16,18,20,22,23,24,20,16,13,13,14,17,21,24,27,30,37,38,36,30,25,23,21,22,24,26,28,33,39,43,40,34,30,28
394367,66,"Baton Rouge, LA",msa,LA,,,,,,,,,81,96,114,104,108,111,110,100,92,92,97,94,88,90,97,101,98,89,86,83,80,73,68,65,65,63,65,68,69,61,48,37,32,30,31,33,31,30,29,27,26,23,22,20,21,24,27,31,34,42,47,50,48,44,43,42,41,40,42,44,51,57,63,67,67,64,58,53
394843,67,"McAllen, TX",msa,TX,82,85,83,83,89,93,100,93,97,98,124,130,131,117,127,123,129,126,132,128,119,116,124,121,118,109,109,108,107,104,97,84,69,70,73,77,73,67,62,61,57,55,48,46,46,46,50,55,59,56,49,45,44,47,51,52,56,58,66,67,75,77,80,77,74,74,73,78,79,84,82,87,86,93,95,94
394908,68,"New Haven, CT",msa,CT,65,56,48,44,46,50,57,63,68,74,78,80,73,64,55,51,51,53,56,59,62,68,75,77,66,55,51,48,46,37,34,31,32,33,38,37,33,22,16,15,17,19,21,23,27,30,32,29,25,17,13,12,15,19,22,23,23,28,33,35,30,24,19,16,16,17,19,20,21,25,30,30,27,23,20,18
394561,69,"El Paso, TX",msa,TX,,,,,,,,,,,,,,,,,,,,,,,,,,,,,,,,,,,,,32,26,28,24,21,15,17,18,20,20,22,23,22,18,15,14,15,18,19,26,27,33,36,39,36,35,34,38,37,38,38,40,45,52,57,61,61,62,57,54
394318,70,"Allentown, PA",msa,PA,75,74,66,62,62,67,71,74,85,92,96,99,99,100,87,78,67,71,75,88,90,98,100,107,101,97,87,80,66,59,54,47,41,36,39,39,34,25,18,17,16,17,18,19,21,22,25,24,22,17,15,14,15,17,24,27,30,32,37,38,34,27,21,18,18,21,22,23,24,27,31,30,28,23,22,21
394952,71,"Oxnard, CA",msa,CA,36,33,32,32,34,38,43,46,50,54,58,60,57,52,45,43,43,45,48,50,51,53,54,52,45,39,39,40,43,39,35,30,27,26,25,24,21,18,16,15,15,15,17,18,21,21,22,18,16,14,15,16,20,24,28,33,37,42,47,48,43,34,28,24,25,25,28,29,29,31,34,35,31,27,24,24
394486,72,"Columbia, SC",msa,SC,71,69,66,64,55,59,64,76,83,102,110,102,92,76,77,71,72,73,76,89,93,91,83,72,75,79,82,74,64,64,56,48,47,44,45,35,36,31,26,25,22,21,15,23,27,,50,52,31,22,18,21,23,22,26,31,34,38,41,43,43,39,42,35,34,27,28,30,33,36,40,41,39,36,34,33
753906,73,"North Port, FL",msa,FL,62,66,69,72,75,76,76,76,78,81,83,83,86,88,92,92,90,90,86,83,78,79,78,75,70,67,71,74,74,69,63,58,53,52,51,48,41,32,23,19,17,17,16,17,17,19,19,19,16,14,14,14,17,23,29,35,38,41,43,44,43,44,44,45,46,48,49,49,50,55,59,62,62,65,69,74
845158,74,"Dayton, OH",msa,OH,48,44,36,32,31,33,36,38,44,53,60,65,60,51,38,30,28,29,34,36,38,41,46,46,39,32,28,27,25,22,20,19,19,21,24,26,23,18,13,11,11,12,13,15,18,20,22,21,17,13,10,10,13,15,19,19,22,25,30,33,30,25,18,16,14,14,15,17,19,24,29,31,28,23,18,16
394457,75,"Charleston, SC",msa,SC,48,46,45,44,46,50,54,60,63,67,72,72,69,62,61,62,62,63,65,69,74,78,78,75,69,63,61,63,66,64,59,53,49,48,50,47,41,31,22,17,16,18,20,21,23,22,24,22,19,15,13,14,15,19,23,28,32,37,43,45,41,37,32,30,27,28,29,32,36,40,45,45,43,40,37,37
394648,76,"Greensboro, NC",msa,NC,69,70,64,59,55,52,53,52,53,56,63,66,60,51,43,37,35,36,37,41,42,49,51,54,48,46,41,39,36,33,30,29,27,26,25,28,27,22,16,15,14,14,15,17,19,21,24,25,24,19,14,12,14,17,20,24,27,33,37,39,36,31,27,24,25,25,26,26,29,31,36,38,37,32,29,28
395134,77,"Stockton, CA",msa,CA,32,29,26,26,28,30,32,34,38,45,51,53,47,40,36,36,35,36,36,38,39,44,49,46,39,29,28,32,32,28,22,19,18,18,18,16,14,13,13,13,13,14,17,19,22,24,24,21,17,15,15,18,22,27,33,39,45,48,53,55,51,42,33,28,25,25,25,27,28,33,38,39,35,28,25,26
394440,78,"Cape Coral, FL",msa,FL,63,70,75,78,80,82,85,85,87,87,91,93,96,100,104,105,106,104,102,98,94,91,93,94,92,88,88,91,89,85,79,73,69,66,66,61,55,,34,25,23,23,26,29,31,34,38,39,39,36,35,32,34,36,41,47,52,55,55,57,59,62,66,70,75,81,86,86,81,78,77,79,80,80,84,85
394399,79,"Boise City, ID",msa,ID,40,32,27,24,25,26,29,33,35,40,48,51,47,39,35,33,30,31,35,41,46,49,50,47,39,28,23,24,25,25,23,20,20,18,21,20,20,17,12,9,11,13,16,19,24,29,31,27,20,14,12,14,19,27,35,43,50,57,65,66,58,45,35,30,30,32,36,40,43,49,52,52,44,36,29,30
394484,80,"Colorado Springs, CO",msa,CO,28,24,21,19,20,24,29,34,37,42,45,44,39,32,28,26,26,28,34,38,41,42,44,47,44,36,32,31,35,37,42,42,44,47,45,35,22,13,11,10,10,11,13,16,17,19,17,16,12,11,10,11,14,21,28,33,38,43,50,53,47,36,26,24,24,28,33,38,43,49,55,56,50,39,32,30
394798,81,"Little Rock, AR",msa,AR,73,62,55,52,59,64,68,72,85,92,100,94,88,86,83,81,73,71,70,75,79,93,93,97,82,77,59,49,35,32,41,47,49,44,46,39,30,17,16,21,25,29,27,28,31,34,35,34,31,28,25,23,23,26,31,34,37,41,46,48,44,40,37,35,37,41,43,46,47,53,55,59,56,52,48,44
394766,82,"Lakeland, FL",msa,FL,49,47,45,42,40,39,40,42,44,51,57,58,56,52,51,50,50,49,51,56,59,59,59,59,56,53,50,51,48,47,42,38,34,34,35,36,34,29,24,19,16,16,16,17,19,20,21,19,16,14,13,14,17,21,25,30,37,41,49,52,55,51,47,45,43,45,44,44,46,51,56,59,58,56,57,59
394304,83,"Akron, OH",msa,OH,62,61,58,55,54,53,56,58,65,71,76,78,75,68,59,52,50,51,54,59,61,66,68,71,65,59,53,46,40,35,36,36,35,36,41,41,34,24,17,13,12,13,16,18,21,22,26,26,24,18,14,12,12,15,19,21,23,27,33,35,32,26,21,19,18,19,19,19,22,28,33,33,29,23,20,18
394531,84,"Des Moines, IA",msa,IA,51,47,43,42,42,45,48,51,56,63,70,74,75,72,65,55,53,53,56,59,65,74,80,84,81,73,65,60,58,55,52,48,48,53,59,57,49,35,24,17,17,19,21,24,27,30,32,31,26,19,15,15,16,20,25,29,32,38,46,48,42,32,26,23,24,25,29,32,35,42,50,55,50,43,36,34
395115,85,"Springfield, MA",msa,MA,53,47,40,35,34,38,43,49,53,57,65,66,62,52,46,41,40,41,43,45,48,56,62,64,55,45,38,35,33,30,28,27,28,31,33,33,29,24,20,17,16,17,18,20,24,26,28,28,26,21,17,16,18,20,23,25,27,31,36,38,38,30,25,18,17,18,20,21,23,27,31,31,29,22,19,17
845159,86,"Poughkeepsie, NY",msa,NY,,,,,,,,,,,,,,,,,,,,,,,,,,,,,,,,,,,,,24,32,36,39,43,50,59,61,68,76,90,104,106,104,84,71,60,66,69,78,82,84,76,63,53,45,44,44,46,49,51,54,57,65,73,79,76,67,57,52
394931,87,"Ogden, UT",msa,UT,34,27,24,23,24,25,27,32,37,43,46,47,41,35,29,27,25,28,30,35,35,42,46,50,40,33,25,25,21,20,17,15,12,14,18,19,15,11,10,10,10,11,13,14,16,17,18,16,13,10,11,13,17,22,30,37,44,51,59,62,58,47,38,32,31,33,34,37,42,50,54,56,48,39,31,29
394816,88,"Madison, WI",msa,WI,50,46,43,42,43,46,52,61,69,78,82,79,68,56,50,47,48,49,56,60,71,80,87,84,73,64,57,50,46,44,50,48,51,52,53,48,41,34,26,21,22,23,28,31,38,43,42,37,26,20,16,15,16,20,23,26,32,37,41,37,31,25,21,20,21,22,23,24,27,36,39,39,29,24,21,19
395235,89,"Winston, NC",msa,NC,70,69,65,62,58,56,53,52,58,64,70,67,60,52,44,41,42,42,43,43,47,53,56,55,47,44,43,44,42,39,32,28,26,29,31,31,24,19,15,16,16,16,17,19,21,24,27,28,25,19,16,15,16,19,22,24,27,30,37,39,38,32,27,24,25,26,26,29,30,33,36,38,36,33,29,29
394528,90,"Deltona, FL",msa,FL,58,53,50,53,53,61,68,76,78,78,88,91,92,87,88,89,88,87,88,86,80,76,76,76,70,67,68,71,72,70,62,55,48,47,48,49,45,41,34,29,23,22,23,25,28,30,31,31,28,23,20,19,21,25,31,37,41,46,51,56,55,52,49,48,47,48,48,50,55,59,65,68,67,67,64,68
395143,91,"Syracuse, NY",msa,NY,78,74,69,61,59,58,66,69,77,80,92,99,97,85,71,60,52,51,53,57,58,68,75,80,75,72,64,52,42,36,36,36,35,38,44,46,42,31,22,17,15,18,21,24,26,30,35,35,31,23,19,17,17,18,20,21,23,28,34,38,35,29,23,18,17,15,17,18,22,24,27,29,29,26,20,18
395006,92,"Provo, UT",msa,UT,38,33,31,27,28,28,32,33,38,42,50,50,45,37,35,35,36,35,38,40,48,51,54,51,40,33,26,28,26,25,21,20,18,18,20,20,18,13,11,11,12,13,15,16,18,19,20,17,14,11,11,14,19,27,35,42,48,54,60,60,55,45,38,33,35,37,40,41,44,49,54,54,49,41,35,34
395160,93,"Toledo, OH",msa,OH,60,54,46,40,40,43,46,50,55,66,73,77,70,62,51,43,42,42,45,47,49,53,63,65,62,50,47,46,42,37,31,29,28,31,36,38,33,26,21,17,15,16,18,20,23,25,27,29,27,21,15,12,14,16,20,22,25,27,32,34,33,25,20,17,17,18,21,23,24,26,30,33,32,27,23,19
395224,94,"Wichita, KS",msa,KS,57,55,50,45,44,45,49,50,54,57,64,68,69,62,54,51,47,42,42,46,49,52,55,59,53,47,39,38,36,34,33,31,30,30,36,37,32,23,16,13,12,15,18,21,21,23,24,23,19,16,13,11,12,15,17,19,20,24,28,29,27,22,19,16,18,18,20,22,25,28,31,34,32,27,24,24
394549,95,"Durham, NC",msa,NC,34,28,27,27,28,30,33,36,39,45,51,53,46,36,30,30,33,35,37,38,42,46,51,50,45,38,35,33,33,32,30,28,28,32,33,32,27,21,17,13,12,12,13,14,16,17,19,19,18,14,12,12,13,16,22,28,34,41,46,46,39,29,23,21,22,23,25,27,33,40,46,45,38,30,26,25
394352,96,"Augusta, GA",msa,GA,,,,,,,,56,58,70,88,104,103,96,87,78,67,62,62,62,61,65,69,73,70,64,60,54,50,45,45,40,40,36,34,30,27,25,22,19,18,18,20,21,22,23,25,25,23,19,16,15,17,19,24,26,29,31,36,39,38,34,31,30,30,31,32,34,37,41,45,47,46,44,42,40
394957,97,"Palm Bay, FL",msa,FL,49,48,47,46,48,50,54,56,60,65,72,75,72,66,62,63,62,59,56,57,59,59,62,64,61,55,52,57,59,57,57,51,46,36,36,35,31,26,21,18,17,17,19,21,21,23,24,23,20,16,15,14,16,19,25,30,34,40,45,48,47,44,41,39,37,38,38,40,42,49,55,58,58,60,58,57
394711,98,"Jackson, MS",msa,MS,62,63,63,61,60,61,65,70,77,84,94,94,88,79,72,68,64,67,68,69,72,75,82,81,77,72,66,67,63,61,56,54,50,48,45,43,36,30,28,24,20,19,22,26,27,27,27,28,26,21,17,17,20,23,26,28,30,36,42,46,43,39,35,34,34,40,42,44,43,47,52,58,53,51,45,45
394666,99,"Harrisburg, PA",msa,PA,58,50,44,40,40,40,44,47,50,56,63,65,57,50,41,39,38,40,41,43,44,46,48,52,51,47,41,38,37,32,32,27,26,25,27,29,24,19,14,12,13,15,17,18,19,19,22,22,20,15,12,12,12,14,16,17,19,23,28,29,28,22,20,16,16,15,15,16,18,22,26,27,23,20,17,17
395113,100,"Spokane, WA",msa,WA,59,52,44,40,40,41,43,45,51,57,65,68,66,56,45,39,41,43,41,39,40,50,55,55,43,31,24,23,23,25,25,26,25,27,32,30,25,15,12,10,11,12,14,16,19,23,26,24,19,12,10,11,15,20,27,33,38,45,52,55,47,36,26,24,25,29,34,37,40,47,55,59,52,41,32,29
395075,101,"Scranton, PA",msa,PA,85,85,79,77,76,70,82,86,105,118,128,139,126,112,94,93,98,100,97,100,98,104,99,99,101,119,123,115,92,79,64,56,46,50,45,46,38,34,25,20,23,32,38,45,48,53,54,55,49,41,30,25,24,28,34,39,43,47,55,59,59,51,45,43,44,41,39,38,42,49,59,65,61,52,44,38
394460,102,"Chattanooga, TN",msa,TN,50,46,42,39,37,39,43,48,51,57,64,66,63,54,51,49,47,48,53,56,58,61,67,70,64,57,49,47,46,43,40,35,32,35,39,37,31,24,20,16,15,15,17,19,23,24,23,22,19,16,15,15,17,20,25,30,35,42,46,48,45,41,36,33,31,32,33,34,36,40,46,49,47,42,40,38
394871,103,"Modesto, CA",msa,CA,34,31,28,28,28,31,36,40,42,45,51,53,51,43,36,32,30,32,33,34,36,37,41,39,36,29,27,27,28,26,22,18,17,19,22,22,19,15,13,13,13,15,16,18,19,22,24,23,19,14,15,16,20,25,30,35,38,40,46,45,44,37,31,26,23,24,26,27,28,30,36,36,34,28,27,26
394768,104,"Lancaster, PA",msa,PA,49,40,38,34,37,36,40,40,41,42,51,53,52,42,35,32,30,31,30,32,35,42,47,46,43,39,40,39,35,27,28,27,26,22,26,27,24,19,15,14,13,14,15,16,17,18,19,19,15,13,11,11,11,14,16,17,17,20,23,23,19,16,14,13,14,15,16,16,17,21,23,23,21,17,15,13
394997,105,"Portland, ME",msa,ME,54,52,45,40,37,42,53,58,68,75,86,85,76,62,49,41,38,42,46,48,52,64,75,86,80,65,55,47,47,43,51,49,45,40,43,48,46,42,32,27,23,21,21,23,25,29,33,35,29,21,15,15,17,20,24,26,29,35,43,44,41,34,28,22,19,20,21,22,23,30,38,39,35,27,23,20
395245,106,"Youngstown, OH",msa,OH,78,84,81,77,71,70,72,75,81,89,96,100,101,99,91,83,79,79,79,79,84,85,91,89,89,84,80,78,72,67,60,54,50,50,57,55,48,33,27,22,20,21,22,25,26,30,33,37,35,29,24,19,19,19,22,26,29,34,38,42,40,36,30,24,21,20,22,25,29,35,41,44,41,37,31,28
394770,107,"Lansing, MI",msa,MI,65,61,52,47,44,44,49,53,61,69,77,85,84,79,66,56,51,50,50,56,59,66,75,83,83,79,71,66,60,53,49,46,46,46,53,50,41,27,21,20,20,23,26,30,34,35,36,33,29,23,17,14,13,16,21,24,26,31,40,45,41,33,26,21,17,16,17,20,24,30,35,38,35,29,23,20
394590,108,"Fayetteville, AR",msa,AR,53,53,49,49,45,47,50,54,63,73,77,74,67,63,58,58,57,56,59,67,74,78,71,69,62,62,57,51,42,34,29,31,33,41,39,35,25,21,18,17,17,21,25,27,28,30,31,33,29,24,20,17,19,23,30,38,40,40,41,52,59,57,47,35,32,31,32,44,48,49,53,62,68,57,47,39
394589,109,"Fayetteville, NC",msa,NC,64,67,65,65,65,67,70,72,77,79,84,85,83,72,60,50,47,49,48,49,51,58,64,64,59,49,44,38,33,29,27,25,22,22,25,23,21,15,13,11,11,12,13,15,16,17,17,17,15,12,10,11,13,14,15,18,19,22,24,25,24,21,19,18,18,18,19,22,25,30,34,36,34,30,26,25
394792,110,"Lexington, KY",msa,KY,49,43,36,33,33,36,40,46,53,62,69,72,67,61,51,48,43,43,46,49,54,59,66,68,65,57,53,49,48,42,37,35,34,33,35,41,41,31,20,14,14,15,17,19,23,24,26,24,20,14,11,10,14,17,20,21,25,28,34,33,29,23,20,18,19,21,22,24,26,33,38,39,35,27,24,21
394971,111,"Pensacola, FL",msa,FL,,49,39,41,51,51,48,40,53,67,72,66,56,51,43,40,38,47,49,53,53,64,66,68,54,53,46,49,41,34,38,41,46,40,44,40,36,27,24,23,22,20,19,21,23,29,29,28,23,21,19,17,18,23,31,37,40,42,47,50,49,44,40,39,40,43,43,43,44,49,58,61,63,59,55,53
395068,112,"Santa Rosa, CA",msa,CA,30,27,26,26,28,32,37,42,44,50,57,60,55,45,36,32,35,39,43,44,48,54,59,56,46,39,40,44,48,48,45,37,32,32,38,40,38,29,24,21,23,23,25,27,29,35,36,31,21,15,15,17,20,24,27,31,35,40,47,46,43,36,30,26,26,30,34,35,40,43,48,46,39,31,26,27
395019,113,"Reno, NV",msa,NV,34,27,26,24,29,33,39,44,51,56,65,67,65,56,45,37,34,39,46,53,55,62,66,65,51,38,35,41,41,39,32,29,26,28,33,32,25,18,16,16,16,16,17,18,21,24,27,26,21,16,14,16,21,28,39,45,54,60,69,71,66,55,41,34,31,33,36,41,43,49,53,57,49,42,33,32
394698,114,"Huntsville, AL",msa,AL,63,60,52,51,47,54,55,57,56,60,69,67,62,50,41,38,38,39,41,38,40,43,47,45,39,34,35,35,31,25,23,20,20,18,26,28,28,19,15,13,11,12,12,14,16,17,19,18,16,13,11,12,13,16,19,21,24,29,37,41,42,38,33,30,28,30,32,35,36,42,49,55,55,49,42,39
394995,115,"Port St. Lucie, FL",msa,FL,59,60,65,68,71,71,72,73,73,73,77,82,86,88,88,85,81,79,82,87,88,92,91,90,88,87,87,88,88,84,78,74,69,62,60,57,53,41,33,24,21,20,20,21,23,24,24,24,22,20,18,18,19,23,29,36,42,47,51,55,57,56,53,51,49,48,47,47,49,52,57,62,66,68,69,67
394761,116,"Lafayette, LA",msa,LA,80,83,78,84,81,86,85,94,101,108,109,110,112,110,104,96,92,94,98,103,99,102,106,108,106,99,97,94,88,86,85,84,80,73,73,72,67,57,48,45,39,36,36,40,41,37,35,36,36,35,30,27,24,27,29,36,40,46,51,51,51,46,48,45,43,39,42,46,50,53,58,62,64,59,55,52
394898,117,"Myrtle Beach, SC",msa,SC,66,66,66,68,70,71,75,79,83,88,91,95,91,86,79,79,80,84,84,85,84,89,94,94,88,93,96,102,92,85,76,71,70,70,66,59,51,46,39,34,28,25,24,25,27,27,28,26,23,18,17,17,20,25,31,36,41,45,52,55,57,53,49,45,45,45,46,46,49,56,63,64,59,54,53,56
395116,118,"Springfield, MO",msa,MO,50,45,41,37,38,40,44,47,52,61,68,71,66,59,51,47,42,40,41,44,45,49,54,57,52,48,42,40,36,35,31,30,29,32,34,32,26,19,14,12,13,15,17,19,22,24,26,27,24,19,16,14,16,19,22,27,31,36,41,45,45,42,37,34,32,33,35,34,34,37,43,48,44,39,31,31
395195,119,"Visalia, CA",msa,CA,40,38,38,36,38,40,41,40,44,50,58,60,57,52,47,46,43,44,43,45,43,44,46,48,45,41,39,41,40,36,31,24,24,23,25,27,25,21,18,17,17,17,20,21,22,22,25,24,22,19,19,19,20,23,27,31,34,40,47,48,45,39,38,34,33,31,33,33,36,39,46,45,44,37,35,34
394746,120,"Killeen, TX",msa,TX,51,46,42,38,37,39,44,50,53,53,58,57,54,46,40,37,37,37,40,43,46,49,48,50,44,40,36,36,34,31,30,27,25,23,25,23,21,16,15,14,13,13,16,19,20,22,23,23,20,19,17,16,17,21,25,32,38,45,52,57,57,53,49,47,48,52,52,55,56,66,73,75,73,71,69,66
394338,121,"Asheville, NC",msa,NC,57,52,47,46,49,52,54,57,63,71,83,89,86,71,64,60,63,62,66,70,76,84,91,92,83,70,64,62,65,63,57,52,50,52,57,54,49,36,27,21,21,24,27,30,32,39,43,45,38,31,25,23,24,28,31,35,37,45,52,57,55,50,49,48,48,45,45,46,51,55,63,64,64,55,47,46
395244,122,"York, PA",msa,PA,62,55,52,49,47,44,47,55,59,63,69,71,70,57,46,41,40,44,45,47,50,58,68,64,54,45,44,43,38,33,32,30,28,24,26,25,22,15,12,11,13,14,15,16,16,17,17,17,15,14,12,12,12,15,18,20,22,23,26,28,25,20,14,13,14,14,16,18,20,24,29,32,30,23,18,15
395183,123,"Vallejo, CA",msa,CA,28,24,24,24,26,28,32,36,41,45,52,54,51,44,37,35,34,35,36,39,41,42,46,45,40,35,31,32,28,25,25,20,21,20,23,21,21,17,14,11,12,12,14,15,17,20,21,20,15,13,12,15,19,25,31,37,42,48,54,54,48,38,29,24,24,24,27,28,31,35,40,42,38,32,28,28
753917,124,"Santa Maria, CA",msa,CA,48,44,42,42,45,50,55,57,63,67,72,67,65,61,60,57,56,57,61,64,64,69,71,70,58,48,50,55,61,57,53,49,41,38,36,36,32,27,25,21,20,19,19,19,19,21,23,22,20,17,17,18,21,25,28,31,36,42,45,45,40,37,29,24,22,25,28,32,33,36,36,37,38,38,37,33
395050,125,"Salinas, CA",msa,CA,48,43,40,40,40,43,46,50,51,56,62,67,64,58,55,55,59,59,61,63,65,70,78,78,66,49,51,57,66,58,53,47,41,39,37,39,39,35,29,24,23,25,27,27,29,31,34,32,25,22,20,23,26,30,33,36,39,42,48,52,49,43,37,34,32,32,37,39,40,41,44,47,42,37,33,34
395048,126,"Salem, OR",msa,OR,41,36,33,32,35,36,37,38,44,54,62,61,59,56,52,47,43,44,48,50,56,64,70,71,58,48,41,42,42,38,35,34,32,37,39,39,25,16,13,12,13,15,17,22,23,28,26,25,19,16,15,14,17,21,27,32,37,46,53,53,47,38,33,28,28,31,35,39,44,49,53,54,52,47,40,36
394870,127,"Mobile, AL",msa,AL,,,,,,,,,,,,,,,,,,,,,,,,,,,,,,,71,56,59,52,59,47,47,36,31,29,27,25,26,28,31,29,34,38,40,35,29,26,25,27,31,35,39,43,50,46,43,31,36,41,42,38,31,39,40,45,49,57,62,51,49,43
395015,128,"Reading, PA",msa,PA,58,54,47,40,37,39,42,45,50,52,58,59,58,51,39,35,33,38,41,43,44,47,54,55,48,47,47,50,42,34,31,27,25,25,29,28,23,19,16,14,14,15,15,16,18,23,29,29,25,18,14,13,13,15,16,19,21,24,26,25,24,20,18,17,18,19,17,16,19,25,29,28,25,22,19,17
394502,129,"Corpus Christi, TX",msa,TX,75,76,75,71,72,74,81,87,91,92,95,100,98,91,84,84,84,85,89,94,93,96,100,104,100,88,81,74,72,70,66,65,59,55,55,56,51,46,37,34,30,28,28,29,32,37,43,43,39,34,30,28,28,31,37,42,47,55,64,71,70,65,59,54,51,54,53,55,57,63,72,74,76,69,67,69
394421,130,"Brownsville, TX",msa,TX,74,84,86,89,83,82,89,100,115,123,127,116,104,97,96,95,92,103,105,108,98,96,94,93,96,100,109,120,124,130,119,115,92,91,86,91,81,71,66,55,47,36,35,34,40,46,50,58,55,52,39,40,40,43,44,48,50,54,57,62,60,63,69,71,71,66,69,67,68,65,70,75,79,89,91,89
394820,131,"Manchester, NH",msa,NH,40,30,24,22,22,23,29,34,42,46,51,48,39,29,23,25,25,31,32,34,33,39,44,46,34,29,22,23,22,22,28,28,27,22,24,22,18,11,10,9,10,11,13,14,14,16,15,15,12,10,9,9,11,13,14,16,18,20,23,22,19,14,12,11,11,12,14,15,17,18,19,20,18,16,13,12
394612,132,"Fort Wayne, IN",msa,IN,,,,,,,,,,,,,,,,,,,,,,,,,,,52,41,27,21,23,24,23,21,25,25,22,14,10,8,8,9,11,13,14,15,16,17,14,11,8,7,9,11,14,15,16,19,24,27,26,20,15,12,12,14,15,18,21,26,31,35,34,30,23,21
394658,133,"Gulfport, MS",msa,MS,,,,,,,,,,,,,,,,,,,,,,,,,,,,,,,,,,,,,,,,,39,42,49,51,46,42,36,34,32,28,26,22,24,26,31,33,36,40,44,47,47,45,42,40,40,38,38,39,44,50,57,62,62,60,57,58
395051,134,"Salisbury, MD",msa,DE,74,72,72,78,83,89,93,101,106,104,109,107,105,98,94,97,96,102,101,103,104,109,111,105,101,91,87,88,92,87,75,60,49,44,44,44,37,30,24,24,24,26,24,25,26,30,33,33,29,24,21,22,23,26,28,31,34,39,46,49,49,42,38,36,38,40,40,38,38,43,50,54,50,47,43,45
394596,135,"Flint, MI",msa,MI,46,41,35,29,27,30,35,41,48,55,63,65,61,52,44,40,36,36,35,39,45,53,58,60,59,63,60,57,41,34,27,26,24,27,33,33,28,19,14,12,13,15,18,19,23,24,33,34,37,28,21,17,17,20,25,29,34,38,45,47,47,41,33,29,26,26,25,26,33,40,44,46,41,36,28,25
394972,136,"Peoria, IL",msa,IL,86,91,90,85,79,83,88,96,103,109,119,122,126,118,107,92,86,83,86,89,96,100,109,115,118,110,100,91,82,75,69,67,69,73,73,72,67,60,44,35,29,29,31,34,38,40,44,47,44,35,26,20,20,22,26,29,32,37,43,47,43,36,27,23,21,21,22,22,23,25,33,37,37,31,26,23
394439,137,"Canton, OH",msa,OH,63,58,55,48,47,47,51,55,56,60,64,67,68,65,61,54,51,50,49,50,51,61,66,69,62,57,53,48,43,39,37,35,33,34,42,43,37,24,18,14,14,15,16,19,21,26,29,29,25,19,15,12,14,16,20,22,26,27,33,36,36,30,23,19,18,19,20,22,24,28,35,38,35,27,20,19
395070,138,"Savannah, GA",msa,GA,52,49,52,56,58,60,61,64,67,70,73,76,73,68,65,63,63,59,63,65,68,71,75,77,69,60,58,61,63,62,61,58,54,54,54,56,48,39,30,22,19,18,19,22,24,26,26,27,22,18,13,13,14,16,19,21,25,28,33,37,34,29,24,23,24,27,29,31,35,41,46,47,46,44,41,42
394327,139,"Anchorage, AK",msa,AK,57,52,47,46,47,51,59,69,78,88,89,89,77,66,53,49,50,53,57,62,69,77,84,82,71,57,45,45,43,44,42,45,46,49,48,43,34,25,21,18,18,20,24,29,32,35,36,32,24,16,13,13,16,21,27,29,31,34,42,39,31,22,17,17,15,19,22,26,30,35,39,39,34,27,21,18
394372,140,"Beaumont, TX",msa,TX,44,46,43,41,37,39,46,50,55,56,62,63,63,63,61,58,55,60,66,67,66,64,75,76,80,72,72,65,60,57,64,67,68,69,67,62,56,49,48,45,43,38,35,37,41,45,47,47,45,41,37,34,35,37,41,43,47,53,63,72,71,67,57,52,53,57,57,57,57,69,77,84,79,70,65,64
395096,141,"Shreveport, LA",msa,LA,,,,,,,,,,,,,,,,,,,,,,,168,158,143,114,105,109,114,109,91,84,85,86,81,71,64,54,44,34,28,28,30,32,37,42,49,48,45,39,31,26,24,28,31,32,36,42,50,54,52,48,44,43,42,38,41,41,47,57,68,70,66,61,63,58
395164,142,"Trenton, NJ",msa,NJ,64,57,55,57,59,61,61,66,70,78,78,79,73,67,57,54,57,63,68,74,77,80,81,80,71,61,55,55,52,47,43,40,37,42,44,45,35,28,20,19,20,22,26,29,30,32,35,33,27,20,19,19,22,24,28,29,31,34,39,40,35,28,24,24,24,22,23,23,26,28,31,31,27,24,22,22
394875,143,"Montgomery, AL",msa,AL,67,66,69,75,78,78,78,88,93,102,96,101,95,91,83,78,79,79,81,82,81,82,82,80,76,71,65,65,61,57,51,49,45,44,47,48,44,36,29,25,20,19,19,22,24,25,23,22,20,20,21,20,21,19,23,23,27,28,35,38,42,38,33,28,29,32,33,37,42,48,51,50,46,41,39,41
394520,144,"Davenport, IA",msa,IL,62,56,51,50,48,49,51,53,63,69,80,86,87,77,61,55,52,55,55,57,62,67,73,75,73,70,61,56,53,51,50,46,45,42,43,46,45,37,29,22,21,21,25,29,35,40,48,49,48,38,29,23,20,23,24,26,27,32,37,40,39,32,28,22,22,22,24,24,25,31,36,39,37,33,30,26
395146,145,"Tallahassee, FL",msa,FL,50,49,46,46,45,49,51,62,71,76,74,69,64,57,54,51,49,51,54,55,57,63,67,67,61,54,50,46,50,48,48,44,44,43,45,43,40,34,26,21,19,21,23,27,30,34,36,37,29,23,16,15,16,21,25,29,30,32,38,42,42,35,30,26,25,27,28,31,31,35,38,44,42,40,37,37
394576,146,"Eugene, OR",msa,OR,37,31,25,23,26,29,36,42,49,53,56,55,51,45,36,30,27,30,33,36,39,46,48,47,37,30,28,32,35,33,31,29,28,28,28,25,22,18,17,15,15,17,21,22,23,26,27,25,19,16,15,15,18,23,27,29,32,39,45,45,37,32,29,30,28,30,31,35,37,50,60,63,51,44,38,40
394901,147,"Naples, FL",msa,FL,75,81,88,90,94,99,103,106,107,109,113,116,115,115,118,121,122,122,126,124,123,123,124,124,117,116,117,119,120,115,114,109,104,95,89,83,,,,,24,24,24,25,24,26,26,25,22,18,18,21,26,33,40,47,51,53,53,54,54,55,55,56,58,61,64,64,64,65,68,70,70,73,78,85
394332,148,"Ann Arbor, MI",msa,MI,38,29,25,25,27,31,36,42,48,55,58,58,50,41,35,33,37,38,46,50,56,63,71,73,62,56,47,47,43,44,49,51,53,54,59,57,47,34,25,20,17,20,25,32,36,40,40,35,25,17,13,13,14,17,22,26,32,37,43,44,37,29,21,18,17,19,21,22,24,31,39,37,30,21,16,15
394927,149,"Ocala, FL",msa,FL,59,61,62,63,62,63,66,67,68,68,71,70,69,67,72,71,69,67,69,68,68,69,74,73,68,64,60,64,63,62,53,45,41,41,45,46,44,36,28,23,19,21,20,22,21,24,27,28,27,22,20,19,21,24,28,33,37,42,49,55,58,58,56,56,55,53,50,49,50,54,60,67,69,70,67,69
394679,150,"Hickory, NC",msa,NC,64,53,44,43,39,41,43,51,57,65,70,70,70,68,61,57,54,54,55,53,57,61,69,69,58,54,54,60,59,53,44,34,33,34,35,34,29,25,21,18,17,18,20,24,27,29,32,31,28,25,22,22,23,26,30,33,36,39,46,48,48,44,43,45,50,57,58,54,54,60,65,61,62,54,51,47
394697,151,"Huntington, WV",msa,OH,,,,,,,,,,,133,139,126,121,122,114,108,101,104,100,100,104,118,124,124,117,123,132,125,102,77,70,69,64,65,68,78,73,61,44,37,33,30,29,29,34,40,42,44,39,35,29,28,27,31,34,40,48,55,57,57,53,46,39,33,31,30,33,36,44,54,56,54,47,45,41
394602,152,"Fort Collins, CO",msa,CO,41,36,33,31,31,33,39,48,57,65,71,77,76,71,58,45,37,37,42,47,51,54,57,56,46,38,31,35,35,35,34,34,34,36,40,40,35,28,23,18,20,21,26,22,20,19,23,22,22,17,17,29,34,38,33,44,54,58,60,56,50,35,26,22,26,33,41,48,53,53,58,60,55,41,31,32
395033,153,"Rockford, IL",msa,IL,55,52,45,40,40,41,42,47,53,60,63,68,67,60,49,44,39,40,40,46,54,63,68,69,66,59,53,46,41,37,36,32,29,28,35,40,38,28,16,12,14,17,20,21,22,25,30,32,27,19,15,14,15,15,18,21,24,29,35,37,32,26,19,15,13,14,15,17,20,24,33,35,32,22,17,15
394796,154,"Lincoln, NE",msa,NE,,,,,,,,,,,,,,,,,,,,,,,71,68,56,38,27,22,22,20,23,21,22,17,25,26,25,17,12,10,10,13,14,16,19,24,25,23,19,14,12,10,11,15,19,21,22,26,30,33,28,23,18,17,17,19,22,25,30,36,43,45,40,31,26,22
394622,155,"Gainesville, FL",msa,FL,47,47,43,42,45,52,60,68,75,76,79,75,70,61,55,54,54,59,64,66,64,63,64,61,51,46,48,54,52,52,49,46,44,47,51,51,47,40,30,21,19,20,24,28,31,35,37,35,30,23,18,16,18,23,28,31,37,42,49,50,49,44,39,34,32,32,37,40,42,41,48,54,55,49,44,45
394405,156,"Boulder, CO",msa,CO,33,26,23,23,26,31,37,41,49,58,61,60,52,45,41,38,38,40,44,49,54,60,66,62,50,35,31,31,33,32,33,34,38,45,48,42,33,23,19,16,14,15,22,24,27,25,28,24,19,12,11,17,23,28,32,36,45,55,64,58,50,38,33,29,29,32,34,41,47,56,60,62,51,43,33,36
394646,157,"Green Bay, WI",msa,WI,75,77,77,69,64,59,66,68,76,87,96,103,100,98,90,80,71,67,69,72,82,85,97,98,100,89,80,77,73,80,74,74,66,68,69,79,73,72,56,53,46,48,47,52,54,60,62,65,61,54,47,42,42,41,44,47,52,52,59,56,56,48,46,43,43,43,47,50,51,51,54,53,54,52,51,51
394488,158,"Columbus, GA",msa,GA,72,74,79,91,94,87,81,96,105,113,113,113,99,92,88,84,73,68,80,77,82,68,76,84,86,76,61,59,61,54,53,46,43,41,46,54,45,44,31,28,21,21,21,22,25,28,31,30,27,24,20,20,19,21,26,27,32,39,46,45,41,35,31,28,27,29,28,30,30,34,35,40,41,40,35,30
395107,159,"South Bend, IN",msa,IN,,,,,,,,,,,,,,,,,,,,,,,,,,,83,70,53,60,66,58,41,34,44,49,46,32,22,16,13,15,17,19,22,25,25,25,21,17,14,13,15,17,20,22,23,26,31,34,32,26,21,20,20,22,22,23,26,31,39,44,44,37,32,28
395109,160,"Spartanburg, SC",msa,SC,48,49,46,42,39,41,42,45,53,55,61,61,65,63,58,51,48,46,49,50,52,56,62,65,62,55,57,61,63,56,57,46,42,32,36,35,32,26,27,25,21,15,13,15,19,20,22,20,17,15,13,13,14,16,22,27,33,36,40,43,41,37,32,28,28,29,30,31,34,39,46,47,48,44,41,40
394645,161,"Greeley, CO",msa,CO,32,29,25,24,26,29,32,37,42,48,50,45,39,33,34,31,31,29,30,34,39,43,43,39,32,27,24,25,25,26,24,23,23,23,24,23,20,16,12,12,11,13,17,17,17,15,17,16,15,12,12,14,18,22,28,35,41,47,53,51,44,35,31,27,28,30,34,40,47,52,54,49,42,36,32,33
394808,162,"Lubbock, TX",msa,TX,,,,,,,,,,,,,,,,,,,,,,,,,,,,,,,42,43,47,42,46,49,44,35,30,24,19,15,17,20,22,27,29,28,21,15,12,12,14,17,22,27,32,35,40,39,39,33,31,30,31,36,39,44,49,57,64,64,62,55,52,50
394471,163,"Clarksville, TN",msa,TN,57,51,43,39,39,38,42,43,49,55,61,68,65,62,52,49,48,47,51,56,63,73,74,78,63,55,45,49,52,53,53,49,48,45,41,30,17,9,8,8,8,9,11,12,14,15,17,17,15,12,10,10,12,15,19,25,29,36,41,45,42,36,28,23,23,24,27,28,30,35,44,49,47,39,33,34
395028,164,"Roanoke, VA",msa,VA,,,,,,,,,96,93,95,90,90,75,70,63,64,65,67,71,71,69,74,76,74,63,56,58,63,60,51,44,43,45,44,42,36,28,22,17,17,18,20,21,22,25,27,29,26,23,18,16,16,19,23,26,27,28,31,32,33,28,26,21,21,22,25,27,28,30,35,38,37,31,28,27
394579,165,"Evansville, IN",msa,IN,63,51,41,30,27,32,33,49,63,82,87,91,86,77,62,56,52,46,51,58,73,74,72,67,61,63,60,55,47,34,37,31,32,41,47,52,40,29,22,14,12,14,17,21,23,25,25,25,21,16,12,12,14,17,20,23,23,28,32,38,35,29,23,20,21,21,22,23,26,31,39,43,40,33,28,26
394747,167,"Kingsport, TN",msa,TN,74,69,64,61,60,64,69,75,79,86,94,100,97,85,77,67,62,56,59,63,72,74,81,84,83,80,77,73,68,54,50,44,43,45,45,48,42,35,25,20,19,21,24,27,29,36,37,35,28,22,19,17,21,23,27,27,29,31,35,36,37,36,33,31,29,30,31,29,30,30,39,44,41,36,32,35
394741,168,"Kennewick, WA",msa,WA,41,33,26,24,24,28,31,37,43,47,53,53,54,43,35,28,27,28,30,34,39,47,52,55,47,41,31,29,26,26,27,25,27,28,29,25,20,15,11,10,10,12,13,14,16,18,20,19,16,13,13,15,17,20,24,28,34,39,49,52,49,40,33,30,28,29,31,36,39,45,49,54,53,48,39,33
395179,169,"Utica, NY",msa,NY,78,78,73,73,72,77,81,86,88,94,97,103,108,105,93,72,65,61,64,68,76,86,99,102,96,94,91,84,67,58,52,51,52,61,68,70,64,55,42,31,25,24,27,30,34,40,47,50,45,36,31,26,27,28,34,37,39,46,54,59,53,46,37,36,30,29,29,33,39,49,62,63,52,42,37,34
394660,170,"Hagerstown, MD",msa,MD,68,65,66,61,57,54,56,61,63,69,75,82,78,72,61,58,55,56,53,54,53,62,72,79,74,66,59,56,48,39,32,31,29,26,26,28,25,23,19,17,15,16,18,18,19,20,23,23,21,16,13,13,16,19,21,23,28,32,38,37,34,27,23,19,21,21,23,25,29,32,36,37,34,28,23,22
394543,171,"Duluth, MN",msa,MN,62,53,44,39,40,45,51,57,59,72,82,90,80,63,53,46,48,51,56,60,66,75,81,79,70,60,54,49,50,50,51,52,52,54,64,64,56,38,26,21,20,23,26,27,29,31,37,40,38,28,20,16,18,20,25,28,33,34,41,43,43,35,28,23,22,24,27,29,32,37,45,51,50,40,30,24
394937,172,"Olympia, WA",msa,WA,28,23,19,18,20,23,26,30,33,36,39,40,38,31,25,21,19,21,23,25,27,33,33,29,20,16,14,16,16,16,14,13,13,15,16,15,12,9,8,9,9,10,10,11,12,13,14,13,11,8,8,9,13,18,24,28,33,42,50,53,43,30,19,15,16,19,22,23,28,35,43,40,34,26,22,22
394803,173,"Longview, TX",msa,TX,,,,,,,,,,,,,,,,,,,,,,,,,,,,,,,,,,,,,74,64,71,59,47,44,50,51,52,48,52,53,59,56,48,37,37,43,46,48,53,57,63,57,63,57,60,54,56,55,56,53,56,60,69,77,79,78,73,78
395229,174,"Wilmington, NC",msa,NC,54,51,51,50,51,51,56,63,67,69,70,70,64,57,49,46,43,45,48,51,54,56,59,66,62,58,51,53,53,50,45,39,35,35,40,42,37,28,21,17,16,15,19,21,23,25,26,25,21,16,12,11,15,18,23,26,29,32,36,36,34,28,25,25,27,29,29,29,30,38,45,49,45,40,37,35
395061,175,"San Luis Obispo, CA",msa,CA,42,41,40,42,45,50,53,58,60,62,66,68,65,55,50,49,51,54,59,60,58,65,69,68,58,49,52,56,59,54,49,40,34,36,38,42,35,29,23,20,18,18,20,19,21,24,29,29,24,21,19,18,20,24,30,32,34,38,41,45,41,37,32,33,34,33,29,27,30,37,48,46,41,31,29,32
753875,176,"Crestview, FL",msa,FL,79,73,71,63,69,69,73,75,79,81,81,80,78,72,65,61,61,62,64,68,69,74,74,76,69,64,66,72,75,71,63,66,63,63,58,57,47,36,33,30,28,23,24,28,32,34,36,33,28,21,17,18,22,27,33,38,44,51,58,59,60,57,57,56,57,58,61,65,69,72,76,80,79,75,75,78
394851,177,"Merced, CA",msa,CA,41,36,36,36,36,37,38,41,44,52,61,64,64,55,53,50,48,45,49,49,52,56,64,64,52,41,36,39,42,39,35,29,31,28,31,31,30,25,19,16,15,16,17,18,20,23,24,26,24,21,18,19,24,32,41,47,49,48,54,58,59,50,41,32,27,27,29,34,37,42,44,43,41,36,34,34
395197,178,"Waco, TX",msa,TX,53,51,46,45,46,51,52,54,55,60,65,65,64,55,52,47,48,49,50,53,55,61,66,64,59,53,50,50,46,45,40,40,40,43,45,42,36,29,22,18,16,16,20,22,25,27,31,31,29,25,22,21,21,24,29,33,37,44,55,59,56,51,49,50,53,54,56,63,65,70,75,81,80,67,60,58
394447,179,"Cedar Rapids, IA",msa,IA,59,52,45,41,42,44,46,56,63,79,89,86,74,55,50,45,46,49,52,54,57,64,73,80,73,62,48,47,43,44,42,41,38,39,45,41,33,21,18,16,17,20,22,24,25,28,36,38,34,24,16,13,15,19,24,27,31,37,44,45,43,36,28,24,23,25,28,31,34,40,48,53,49,40,32,32
394348,180,"Atlantic City, NJ",msa,NJ,74,73,75,79,86,91,88,90,96,108,113,103,96,91,96,101,98,97,90,85,93,95,107,97,97,84,95,92,107,97,98,81,72,67,80,87,84,69,58,52,45,43,44,49,53,56,60,62,59,49,41,35,36,37,42,45,49,51,57,62,60,55,49,49,48,46,41,39,43,47,55,54,52,48,47,47
394412,181,"Bremerton, WA",msa,WA,28,23,20,18,18,21,25,29,34,36,40,41,36,30,23,22,21,24,26,28,30,31,34,32,27,20,17,18,19,19,17,16,15,16,16,14,12,9,9,8,9,10,12,13,15,16,16,14,11,10,10,10,13,19,25,29,34,40,46,46,38,30,23,20,18,18,25,29,33,34,41,41,35,23,19,20
395103,182,"Sioux Falls, SD",msa,SD,,,,,,,,,,,,,,,,,,,,,,,,,,,,,,,,,,,,,,,,,,,,,,,,,,,,,,,,,,,,,,,,,,,,,,,,,,,,45
395065,183,"Santa Cruz, CA",msa,CA,36,31,28,29,31,34,41,46,49,54,64,71,62,49,38,37,38,44,49,53,56,64,72,68,50,33,32,38,44,42,43,39,35,35,42,44,39,28,21,20,19,23,28,31,30,31,37,33,28,18,17,21,27,31,33,37,44,52,58,57,55,49,42,35,31,32,33,36,41,48,52,52,48,39,31,32
394572,184,"Erie, PA",msa,PA,83,85,82,74,68,69,72,78,91,105,115,116,117,112,97,82,72,78,80,86,91,100,110,106,102,94,87,78,65,58,53,53,48,44,47,54,55,44,29,19,17,19,26,30,33,33,38,37,37,27,23,18,19,22,24,27,35,40,51,47,46,34,28,20,19,18,20,21,24,33,38,44,40,37,32,28
394924,185,"Norwich, CT",msa,CT,66,56,51,48,50,60,66,75,75,88,97,95,87,73,71,65,66,71,71,75,72,91,94,97,79,71,67,67,62,54,50,44,39,37,46,49,44,29,20,16,15,19,23,27,30,32,34,31,25,19,15,15,15,19,21,23,23,29,32,35,29,23,16,15,21,23,23,20,19,22,23,24,27,27,25,23
394323,186,"Amarillo, TX",msa,TX,66,64,62,57,59,59,66,69,77,85,91,89,83,77,78,77,76,78,79,85,86,89,90,88,84,82,75,68,61,62,57,53,51,51,51,51,48,44,33,26,21,20,22,23,24,27,28,29,25,22,18,17,17,19,25,29,31,35,39,42,40,34,31,30,31,34,41,45,44,46,53,57,55,52,50,48
394772,187,"Laredo, TX",msa,TX,,,,,,,,,,,,,,,,,,,,,,,,,,,,,,,,,,,,,,,,,,,,,,,,,,,,,,,,,,,,,,51,78,85,76,76,79,83,81,79,84,87,94,88,83,77
395171,188,"Tuscaloosa, AL",msa,AL,55,54,54,52,55,59,62,66,69,72,72,70,69,65,62,62,63,63,66,71,74,80,80,81,78,73,68,60,56,51,49,49,51,50,52,50,48,45,39,37,31,37,36,42,42,44,43,38,31,24,19,18,20,28,41,50,52,47,45,44,42,42,39,41,42,45,44,40,44,49,52,49,46,43,43,42
394483,189,"College Station, TX",msa,TX,66,65,62,66,68,71,73,89,97,102,105,111,113,97,86,83,86,89,87,89,97,105,114,101,90,78,78,79,83,82,85,82,87,86,88,81,72,59,51,45,44,42,39,36,34,41,37,35,28,25,23,22,25,29,33,37,37,41,45,49,47,45,43,42,43,47,52,53,56,61,66,69,68,63,59,59
394732,190,"Kalamazoo, MI",msa,MI,49,44,36,35,33,34,35,36,44,49,61,69,70,63,48,39,36,36,38,41,49,61,66,69,62,60,51,52,48,43,38,34,36,37,37,36,34,28,23,17,15,14,17,21,24,27,29,29,26,21,15,13,13,16,19,23,25,28,35,42,40,34,23,21,17,18,20,23,24,28,36,39,39,32,29,23
394811,191,"Lynchburg, VA",msa,VA,,,,,,,,,82,91,97,107,106,105,92,83,74,81,79,82,88,99,102,99,85,85,75,93,85,80,59,51,44,40,42,40,37,31,28,22,19,19,24,28,32,32,32,31,28,23,18,15,17,21,24,27,28,32,33,34,29,26,22,23,24,28,30,30,32,44,52,54,45,38,33,28
394455,192,"Charleston, WV",msa,WV,,,,,,,,,,,,,,,,,,,,,,,,,,,88,94,83,70,79,87,96,84,85,85,80,73,58,44,36,38,39,41,43,44,49,47,46,42,35,28,25,28,33,35,38,37,42,48,49,46,36,35,37,41,38,34,35,41,48,49,44,37,33,34
395240,193,"Yakima, WA",msa,WA,51,41,34,33,33,36,36,37,38,45,48,50,48,47,43,37,37,39,40,37,36,42,55,56,50,40,40,39,37,30,24,22,23,39,43,45,32,29,24,20,17,18,20,20,23,27,32,35,31,26,19,18,20,24,29,34,39,46,58,65,62,49,43,40,40,37,38,40,44,49,55,54,51,45,46,43
394585,194,"Fargo, ND",msa,ND,,,,,,,,,,,,,,,,,,,,,,,,,,,,,,,,,,,,,,,,,,,,,,,,,,,,,,,,,,,,52,53,48,35,34,30,33,38,42,46,53,64,67,63,50,44,38
394387,195,"Binghamton, NY",msa,NY,82,81,74,71,72,75,78,80,89,102,107,112,108,108,99,86,87,86,91,83,86,95,105,113,105,124,114,110,85,79,77,70,65,65,69,66,62,56,48,37,27,29,33,34,36,38,47,53,51,42,30,26,24,27,31,36,39,40,43,45,50,45,36,27,26,28,31,32,33,34,38,40,39,34,32,30
394609,196,"Fort Smith, AR",msa,AR,73,77,78,76,71,74,79,89,91,97,102,102,104,103,107,104,97,95,88,87,89,99,105,102,98,93,93,86,84,81,77,81,71,74,63,65,52,44,36,30,26,25,27,32,33,34,37,40,41,36,33,30,30,31,31,34,41,50,55,57,53,52,49,47,51,48,47,41,46,50,55,55,56,59,58,58
394334,197,"Appleton, WI",msa,WI,,,,,,,,,,,,,,,,,,,,,,,,,,,,,,,,,,,,,,,,,,,,,,,,,,,,,,,,,,,,,,,,,,,,,,,,52,58,64,60,53
845160,198,"Prescott Valley, AZ",msa,AZ,49,45,47,45,47,48,54,59,64,67,73,75,72,66,62,61,61,65,65,68,72,80,82,80,72,66,64,68,71,68,61,50,41,35,34,32,29,26,23,19,18,21,24,26,27,29,29,27,23,20,18,21,24,32,37,44,52,59,67,68,66,58,52,49,47,48,46,52,55,68,71,72,64,60,56,57
395161,199,"Topeka, KS",msa,KS,61,53,45,45,52,52,51,53,67,85,95,88,78,66,66,59,55,52,52,55,65,84,87,80,63,55,46,41,42,45,44,40,33,33,33,43,40,35,24,21,24,22,21,19,21,25,27,23,23,19,18,13,13,15,15,19,21,29,34,35,30,22,20,20,20,20,20,21,23,29,36,40,39,32,29,27
394813,200,"Macon, GA",msa,GA,65,62,59,58,55,57,57,62,64,72,78,78,70,58,54,57,58,65,74,76,77,73,79,78,77,69,69,67,67,64,54,50,40,39,39,38,39,35,31,23,18,17,20,23,27,33,35,34,28,26,23,21,22,24,28,29,32,36,42,46,45,41,39,47,47,46,37,36,38,43,55,57,53,45,42,45
395174,201,"Tyler, TX",msa,TX,62,59,56,54,55,58,64,72,77,80,80,83,79,71,61,58,55,53,56,64,67,70,68,68,67,61,59,57,61,67,67,65,59,60,64,65,59,49,43,40,39,41,42,38,35,35,39,40,36,29,23,22,24,27,30,37,41,44,49,55,57,55,54,50,47,44,48,54,60,70,77,84,80,74,62,60
394361,202,"Barnstable Town, MA",msa,MA,62,58,55,52,51,56,62,70,73,82,86,91,85,82,76,73,70,75,79,87,85,85,92,99,100,94,88,90,87,83,72,63,55,56,61,60,52,35,27,20,21,21,23,24,28,29,32,30,29,24,20,19,20,23,26,30,33,37,45,48,43,34,29,32,32,33,30,30,32,41,44,45,39,35,33,32
394519,203,"Daphne, AL",msa,AL,,,,,,,,,,,,,,,,,,,,,,,,,,,,,,,,,,,,,,,,,,,,,,,,,,,,,,,,,,,,,,,,,,,,,,,66,78,85,80,78,83
394378,205,"Bellingham, WA",msa,WA,41,34,33,29,29,30,33,38,42,51,58,59,49,40,34,32,33,34,37,38,42,48,52,49,39,32,28,32,31,32,30,31,28,35,37,39,30,22,16,14,14,16,17,18,17,20,23,23,18,12,11,12,16,21,28,34,37,45,49,51,45,37,28,26,27,31,34,40,40,47,50,49,40,28,23,21
394429,206,"Burlington, VT",msa,VT,63,57,53,49,46,43,41,46,50,55,73,76,76,56,49,44,40,42,46,46,55,63,74,80,67,62,46,42,42,36,51,48,54,46,48,47,38,27,19,16,17,18,19,21,24,26,29,27,21,14,10,11,12,15,17,19,21,28,32,36,33,25,18,13,16,19,22,22,26,28,33,29,26,20,17,17
395030,207,"Rochester, MN",msa,MN,49,44,39,38,38,40,41,46,53,64,72,73,67,54,48,42,45,45,48,50,55,62,68,72,64,51,42,41,45,42,42,39,43,45,49,44,38,28,21,18,15,16,18,22,28,33,38,37,31,23,16,18,22,28,31,34,40,44,50,50,45,35,27,23,26,27,33,37,43,49,56,58,49,37,28,29
753895,208,"Lafayette, IN",msa,IN,,,,,,,,,,,,,,,,,,,,,,,,,,,,,,,29,29,28,31,35,31,25,16,13,8,9,11,12,15,18,20,22,21,19,16,14,13,14,18,19,20,22,26,29,30,27,24,19,16,17,18,18,20,23,30,32,38,31,27,19,19
394454,209,"Champaign, IL",msa,IL,75,71,63,58,60,63,73,81,88,96,108,113,104,90,80,77,75,71,72,76,81,92,102,106,98,91,87,83,73,68,64,64,62,64,66,73,68,55,36,26,24,23,28,31,35,40,40,40,33,30,23,18,18,22,27,32,42,47,54,53,48,36,25,21,19,19,22,26,28,29,32,35,35,28,23,19
394848,210,"Medford, OR",msa,OR,42,39,36,39,45,52,56,56,60,62,76,75,78,65,64,65,65,69,67,67,77,82,93,77,69,60,59,57,53,49,44,43,39,35,34,32,28,21,20,19,18,18,20,24,27,32,35,34,29,25,22,23,26,33,39,48,55,67,70,68,54,44,39,41,43,48,47,51,51,54,58,59,65,57,56,49
845164,211,"Lebanon, NH",msa,NH,76,76,74,69,64,64,80,90,105,116,133,130,118,109,107,109,104,99,87,96,120,138,140,122,110,112,110,119,95,86,82,86,85,70,70,70,63,44,32,26,27,27,28,32,37,40,43,39,32,24,20,17,17,20,26,32,37,42,48,52,49,38,30,23,26,28,30,31,34,41,45,46,42,38,32,28
394459,212,"Charlottesville, VA",msa,VA,59,54,49,51,55,66,65,65,72,83,92,87,76,71,55,59,69,76,79,79,85,92,87,98,89,80,67,66,72,79,72,66,56,60,64,61,52,38,26,24,23,24,26,27,29,36,37,33,22,17,14,16,18,22,24,25,28,36,43,45,37,33,30,26,24,27,28,29,32,42,52,55,46,33,23,24
394763,213,"Lake Charles, LA",msa,LA,73,76,77,71,67,66,70,76,79,86,91,97,94,91,86,86,83,81,79,82,81,90,89,100,96,97,97,90,84,75,89,100,108,93,78,63,61,52,42,32,30,32,33,35,39,41,47,49,51,53,47,45,39,43,48,58,66,72,81,89,90,85,76,75,74,79,78,79,82,86,92,95,103,95,89,76
394773,214,"Las Cruces, NM",msa,NM,70,70,65,65,63,63,64,67,70,83,91,96,88,83,76,71,69,68,67,66,67,75,78,79,71,61,53,50,49,49,45,49,44,45,41,41,35,28,24,20,20,23,26,24,24,24,25,26,24,20,16,15,16,18,22,26,33,37,40,43,40,40,36,41,36,37,30,31,42,52,82,75,77,55,53,52
394464,215,"Chico, CA",msa,CA,38,33,31,31,34,35,37,42,50,46,39,28,29,28,27,25,27,32,38,42,47,49,58,57,53,43,40,41,38,35,34,30,26,32,37,42,33,28,22,19,18,20,23,24,27,29,34,35,32,26,22,21,26,31,36,39,44,51,60,64,64,59,51,43,37,38,40,42,41,46,50,56,48,41,35,38
394681,216,"Hilton Head Island, SC",msa,SC,66,68,71,74,76,79,84,87,92,96,101,106,107,108,102,99,96,101,107,105,107,104,115,110,103,88,92,104,114,114,109,100,92,82,81,73,61,45,34,27,23,23,25,28,30,32,32,31,26,19,16,17,20,24,28,33,35,42,47,53,51,47,43,41,41,40,42,45,49,53,57,58,57,52,54,54
394346,217,"Athens, GA",msa,GA,49,46,48,53,53,57,60,65,70,83,90,81,66,60,62,58,58,56,60,62,73,73,75,72,68,58,49,48,52,51,49,51,53,54,51,49,49,37,28,19,22,24,29,30,31,31,29,27,24,22,20,19,20,23,30,32,36,43,49,52,46,44,40,37,37,35,39,40,43,41,45,45,45,36,35,36
394765,218,"Lake Havasu City, AZ",msa,AZ,59,61,59,56,57,55,54,47,52,55,61,61,64,64,66,64,63,57,56,56,60,62,68,69,64,54,55,62,60,53,40,38,32,33,32,33,31,25,21,17,19,21,23,27,29,34,34,31,26,25,29,31,34,37,42,49,53,62,68,77,77,72,65,64,61,58,55,56,56,58,69,72,74,69,68,64
394485,219,"Columbia, MO",msa,MO,,,,,,,,,,,,,,,,,,,,,,,,,,,,,,,,,,,,,,,,,,,,,,,,,,,,,,,,,,,,,,,,,,,,,43,41,50,53,51,36,28,28
395114,220,"Springfield, IL",msa,IL,70,65,56,56,56,63,67,73,86,94,100,96,98,91,86,79,74,72,71,76,84,95,96,93,80,75,67,62,57,50,47,44,43,49,53,54,46,37,29,22,22,25,26,24,26,27,30,28,29,23,18,16,15,17,20,24,25,26,30,31,28,20,17,15,16,17,17,18,20,21,25,25,25,20,18,18
394691,221,"Houma, LA",msa,LA,83,88,90,86,88,87,89,97,109,115,118,115,116,115,117,116,112,104,101,104,104,133,124,127,112,119,136,123,119,111,108,99,75,78,83,94,93,82,79,65,70,61,69,79,69,73,51,50,36,32,34,34,32,34,35,39,41,46,55,62,63,63,61,58,63,64,61,61,72,85,97,103,110,105,100,95
394872,222,"Monroe, LA",msa,LA,,,,,,,,,,,,,,,,,,,,,,,,,,,,,,,,,,,,,,,,,,,,,,,,,,,,,,,,,,,,,,,,,65,69,52,52,45,48,50,53,54,48,56,55
394565,223,"Elkhart, IN",msa,IN,,,,,,,,,,,,,,,,,,,,,,,,,,,71,71,43,31,29,31,37,45,47,46,32,26,18,17,14,13,14,14,15,15,18,20,20,17,12,10,10,14,17,20,22,27,32,34,33,28,23,18,18,19,24,26,33,37,48,50,47,38,34,30
394726,224,"Johnson City, TN",msa,TN,67,65,59,57,53,51,55,60,64,67,71,77,79,74,63,55,51,53,49,46,48,51,60,65,71,65,61,56,51,46,35,36,34,37,36,36,30,24,17,15,13,14,16,19,21,24,30,30,31,23,21,15,15,16,21,24,25,26,32,36,34,28,29,27,25,21,23,24,26,29,35,40,42,38,33,26
395247,225,"Yuma, AZ",msa,AZ,,,,,,,,,,,,,,,,,,,,,,,,,,,,,,,44,41,32,24,20,27,31,31,21,15,15,17,23,26,25,25,22,23,20,19,17,17,19,25,33,39,42,45,52,57,57,48,38,30,30,35,38,36,36,45,61,61,59,49,56,59
394623,226,"Gainesville, GA",msa,GA,48,44,44,43,45,51,56,61,64,67,72,69,66,61,59,58,56,60,58,65,62,68,73,79,77,68,59,63,65,68,57,52,48,48,47,42,38,29,25,23,23,22,24,28,29,33,38,41,43,36,31,23,25,28,34,42,49,53,58,59,58,50,44,42,41,44,43,44,49,59,67,70,63,53,47,44
394716,227,"Jacksonville, NC",msa,NC,56,55,54,56,54,58,57,63,63,63,59,53,44,32,26,26,29,35,42,46,51,53,60,63,58,50,44,45,44,39,35,28,26,24,25,25,19,15,9,10,11,12,13,14,14,16,16,13,11,9,9,10,11,13,14,15,17,19,23,26,25,20,16,15,18,19,25,26,29,31,36,39,36,30,25,23
394597,228,"Florence, SC",msa,SC,,,,,,,,,,,,,,,,,,,,,,,,,,,,,,,,,,74,68,63,52,41,34,28,23,21,24,26,27,28,32,32,32,27,23,19,18,23,24,29,30,40,47,50,47,39,38,35,37,36,35,34,33,35,43,46,47,41,40,44
394680,229,"Hilo, HI",msa,HI,64,64,62,62,63,67,70,76,77,78,82,84,88,89,89,89,88,89,92,90,95,92,96,101,100,94,82,89,92,94,90,82,81,80,83,80,71,65,55,47,36,29,27,26,32,33,34,30,29,30,31,29,32,34,39,43,46,46,52,55,60,58,56,53,52,54,52,50,45,50,53,59,60,68,68,69
395118,230,"St. Cloud, MN",msa,MN,62,63,54,49,43,49,52,58,65,70,78,79,78,68,58,48,43,47,52,63,62,73,80,83,75,63,56,53,51,46,43,40,42,46,51,49,42,29,22,18,17,18,21,25,30,35,39,38,33,25,21,19,22,26,30,32,36,42,52,53,55,44,39,28,27,25,27,30,35,45,54,59,55,47,37,32
395011,231,"Racine, WI",msa,WI,,,,,,,,,,,,,,,,,,,,,,,,,,,,,,,,,,,,,,,39,39,29,30,34,35,38,45,50,50,40,30,26,23,22,25,31,40,45,45,46,44,45,36,30,23,22,26,27,27,25,31,41,49,44,35,25,26
394380,232,"Bend, OR",msa,OR,52,49,46,46,47,53,59,64,68,77,83,86,83,73,62,51,48,52,57,65,72,81,87,82,68,52,47,46,48,44,40,33,32,31,29,26,21,18,14,14,15,18,21,24,28,33,35,31,23,15,13,16,22,29,37,41,48,56,65,64,55,44,36,33,34,38,43,46,53,59,64,63,54,45,38,38
395047,233,"Saginaw, MI",msa,MI,59,54,50,48,47,45,48,53,59,59,67,71,75,66,55,48,48,50,48,48,46,53,62,72,69,75,67,63,38,32,24,23,23,32,37,36,28,23,19,17,15,17,21,22,26,32,38,42,39,36,28,22,21,22,26,28,32,38,43,44,46,42,38,31,29,27,26,26,30,37,47,54,52,45,38,30
395202,234,"Warner Robins, GA",msa,GA,53,46,43,41,45,43,45,46,54,64,67,63,57,57,53,49,45,53,53,52,49,52,56,52,47,43,42,45,42,39,31,26,24,28,31,32,28,21,15,13,11,11,13,16,17,18,19,22,20,18,14,14,16,18,17,18,19,24,29,29,29,28,27,24,22,21,25,26,33,39,43,41,39,38,36,32
395151,235,"Terre Haute, IN",msa,IN,56,50,52,50,57,57,64,63,72,79,95,96,98,82,74,64,60,57,60,66,69,78,83,92,84,82,73,64,57,50,50,48,44,45,51,56,48,42,33,29,21,23,23,26,27,34,38,46,46,44,32,25,23,25,26,26,29,34,44,51,49,42,30,30,27,31,30,32,34,33,47,54,57,45,40,38
395162,236,"Torrington, CT",msa,CT,79,74,73,65,62,61,68,76,87,100,114,114,115,103,92,82,82,89,86,85,90,99,118,122,122,111,113,108,94,75,60,58,48,56,59,71,67,56,40,28,25,26,31,36,40,44,53,56,51,36,27,23,23,25,35,41,43,37,42,45,47,37,29,25,26,30,29,29,27,32,35,38,42,40,35,27
395009,237,"Punta Gorda, FL",msa,FL,57,61,65,68,72,73,71,73,72,72,71,72,81,85,90,86,86,83,82,79,77,77,77,80,80,75,74,76,80,77,69,60,56,53,52,49,44,36,25,20,18,19,19,21,25,26,29,28,27,24,23,25,28,31,34,41,43,47,45,49,49,50,50,49,53,60,68,72,70,69,72,78,81,83,84,89
394386,239,"Billings, MT",msa,MT,60,58,55,49,46,48,57,61,67,75,84,88,83,74,65,57,59,62,63,65,64,76,81,84,70,61,53,56,53,51,44,39,37,36,41,39,35,25,22,16,15,15,17,20,22,26,25,25,22,20,16,14,16,20,25,25,30,33,41,43,45,40,37,33,33,33,36,39,45,51,59,61,60,54,46,41
395018,240,"Redding, CA",msa,CA,,,,,,,,,,,,,,,,,,,,,,,,,,,,,,,,,,,,,,,,,,,,,,,,,,,,,,,,,,,,,,,,,,,,,,67,69,67,62,48,44,39
394748,241,"Kingston, NY",msa,NY,96,103,105,95,92,93,100,105,106,119,122,136,139,141,126,112,104,105,104,113,115,117,121,125,146,144,156,134,121,94,85,83,82,89,95,101,99,88,78,67,66,65,67,59,59,58,66,70,70,57,44,34,35,41,45,52,55,60,65,72,77,72,65,56,53,50,53,54,53,57,69,79,74,62,52,48
394960,242,"Panama City, FL",msa,FL,62,60,61,63,64,67,69,72,79,81,86,89,81,76,65,63,69,68,78,73,85,86,94,86,97,92,95,91,94,93,86,77,81,76,81,73,69,57,43,33,24,23,24,28,33,35,37,34,28,24,23,23,28,33,40,44,48,56,64,71,70,67,60,58,62,70,73,72,68,72,78,82,84,84,84,84
394729,243,"Joplin, MO",msa,MO,59,56,61,59,55,50,45,53,66,75,79,79,84,76,63,54,51,50,50,54,57,57,67,72,75,61,56,47,50,56,61,61,48,43,39,42,41,36,26,20,19,21,21,21,24,27,32,32,30,24,18,16,18,21,24,28,32,39,46,46,43,37,36,33,34,35,35,36,38,43,49,48,46,37,35,30
394539,244,"Dover, DE",msa,DE,63,60,60,61,62,67,64,63,60,62,73,78,82,77,69,63,66,66,67,59,63,61,65,63,60,53,49,47,43,39,38,33,32,28,29,29,26,21,14,13,13,14,15,18,19,22,22,23,22,18,16,14,17,18,20,24,28,31,36,36,34,30,27,27,25,27,26,28,30,33,41,41,42,35,32,31
394559,245,"El Centro, CA",msa,CA,45,46,42,43,45,42,45,49,56,62,64,72,67,59,54,53,51,47,38,37,38,42,47,41,42,40,38,46,43,45,30,27,23,25,27,34,31,27,20,20,20,19,21,23,25,23,27,24,23,20,20,20,19,20,26,34,39,43,47,52,54,46,39,33,30,29,28,27,32,35,39,33,36,32,32,31
394712,246,"Jackson, TN",msa,TN,,,,,,,,,,,,,,,,,,,,,,,,,,,,,,,,,,,,,,,21,22,20,21,25,33,38,39,39,40,38,35,28,25,24,27,33,36,39,44,50,52,50,51,49,47,40,41,43,44,43,43,48,51,51,49,45,42
395246,247,"Yuba City, CA",msa,CA,43,36,31,29,29,31,37,42,47,48,50,49,44,36,31,30,31,31,33,36,39,43,43,43,39,37,38,38,36,30,28,25,24,22,25,25,21,13,12,14,15,17,17,18,18,22,23,23,18,16,17,19,23,28,35,42,45,54,59,58,49,43,38,36,32,32,34,36,44,52,53,52,44,41,35,34
394406,248,"Bowling Green, KY",msa,KY,63,62,59,57,56,60,63,72,79,92,98,106,101,93,79,77,79,79,76,80,86,98,101,106,102,95,82,78,74,78,69,63,55,54,56,52,47,44,36,32,25,26,26,28,30,33,38,39,35,28,22,20,22,27,33,36,40,43,49,51,52,48,44,42,45,47,46,45,51,58,66,70,70,65,60,55
395119,249,"St. George, UT",msa,UT,48,48,45,46,45,48,49,49,53,63,68,68,64,61,61,61,65,60,59,53,59,62,71,70,65,57,57,58,57,46,42,40,39,37,38,40,34,24,17,14,14,15,19,23,28,31,34,32,30,24,22,21,26,32,42,47,54,62,70,73,69,64,60,57,56,58,56,57,56,61,65,68,68,64,62,61
394896,250,"Muskegon, MI",msa,MI,52,44,34,26,26,30,37,42,49,50,56,59,57,54,44,39,35,37,40,39,34,44,52,69,64,60,50,51,43,36,27,23,23,26,29,28,22,18,14,13,12,14,16,17,19,21,22,23,20,16,14,13,16,18,21,22,24,27,31,34,35,29,23,19,19,21,21,21,25,29,35,38,40,34,27,21
394299,251,"Abilene, TX",msa,TX,62,61,60,57,55,53,55,63,74,77,77,73,74,73,74,73,72,65,62,63,70,76,79,77,75,70,70,66,63,60,57,62,62,63,61,54,50,41,35,29,26,28,29,34,37,40,39,41,38,33,25,18,19,20,25,30,36,43,51,56,55,45,35,29,33,36,40,41,47,53,61,66,68,62,53,46
394707,252,"Iowa City, IA",msa,IA,58,60,55,56,58,59,65,70,85,101,106,108,94,86,72,69,63,68,69,78,80,101,106,116,98,90,77,75,78,80,89,88,90,100,104,89,62,46,35,25,19,22,26,29,33,37,38,37,27,21,15,15,16,19,24,28,34,36,46,51,49,36,26,23,25,26,31,36,40,50,54,57,47,42,37,48
394351,253,"Auburn, AL",msa,AL,,,,,,,,,,,,,,,,,,,,,,,,,,,61,71,61,69,58,60,53,63,59,62,42,40,32,32,22,24,22,28,26,27,26,24,22,17,17,17,19,22,24,27,28,36,42,45,39,33,27,28,29,31,31,35,38,41,42,46,46,42,37,34
394860,254,"Midland, TX",msa,TX,,,,,,,,,,,,,,,,,,,,,,,,,,,,,,,,,,,71,83,82,68,63,54,51,51,52,55,54,56,58,65,63,54,41,36,36,38,43,49,55,61,64,61,58,50,42,34,34,37,42,42,46,48,53,52,49,43,39,39
394671,255,"Hattiesburg, MS",msa,MS,73,73,65,60,54,62,66,66,71,82,96,96,91,84,73,61,56,55,59,63,67,75,75,78,79,84,91,88,76,57,44,41,44,46,51,48,46,40,32,23,19,21,25,28,29,32,32,28,27,23,23,21,21,22,29,33,39,46,54,59,49,44,41,40,39,35,38,41,43,43,45,52,55,55,48,48
753869,255,"Bloomington, IL",msa,IL,,,,,,,,,,,102,100,103,85,75,70,67,69,73,79,87,91,93,87,75,67,61,63,56,53,48,47,44,43,43,48,47,41,30,22,17,16,15,17,22,24,28,28,25,19,11,10,10,11,13,15,20,27,33,33,29,23,19,14,12,12,12,15,22,27,27,22,17,16,17,15
394944,257,"Oshkosh, WI",msa,WI,,,,,,,,,,,,,,,,,,,,,,,,,,,,,,,,,,,,,,,,,,,,,,,,,,,,,,,,,,,,,,,,,,,,,,,,,,58,53,41
394555,258,"Eau Claire, WI",msa,WI,,,,,,,,,,,,,,,,,,,,,,,,,,,,,,,,,,,,,,,,,,,,,,,,,,,,,,,,,,,,,,,,,,,,,,,,60,58,45,39,39
394651,259,"Greenville, NC",msa,NC,48,47,46,45,47,51,54,55,63,68,74,69,67,53,47,37,37,36,39,46,47,44,43,44,40,37,31,30,26,26,25,23,22,21,24,27,27,20,13,10,12,14,16,17,16,17,18,17,14,10,10,9,10,12,15,16,19,22,25,27,26,23,20,18,18,18,17,20,23,27,35,35,37,29,26,24
394428,260,"Burlington, NC",msa,NC,55,51,43,38,34,35,36,35,38,44,54,57,55,49,41,38,36,38,37,35,34,37,40,39,34,31,30,28,26,19,18,15,16,17,20,18,16,11,12,14,16,20,20,22,20,18,21,20,17,10,7,9,13,16,19,22,24,25,29,33,35,30,25,23,23,26,26,31,31,34,34,37,35,30,26,25
395210,261,"Waterloo, IA",msa,IA,,,,,,,,,77,81,93,97,92,78,66,52,59,58,69,66,75,78,91,91,85,67,57,55,53,51,47,47,48,54,57,57,48,44,32,25,19,21,26,30,33,38,42,45,38,29,21,18,17,19,23,27,30,33,40,43,47,40,38,31,28,27,31,34,31,33,37,40,36,34,32,28
394480,262,"Coeur d'Alene, ID",msa,ID,,,,,,,,,,,,,,,,75,80,51,55,50,56,57,62,59,55,40,33,32,35,35,33,33,34,30,27,18,20,16,18,15,16,20,22,26,28,32,35,32,25,16,14,18,25,32,40,45,52,61,68,66,57,44,41,40,46,49,53,58,60,73,79,84,72,58,49,45
394553,263,"East Stroudsburg, PA",msa,PA,,,,,,,,,,,,,,,,,,,,,,,,,,,,,96,72,76,52,40,33,43,47,43,37,38,31,28,28,30,36,36,38,41,39,42,33,30,22,26,27,34,37,46,55,57,55,48,50,45,40,33,36,40,47,52,59,60,67,63,62,49,48
395007,264,"Pueblo, CO",msa,CO,,,,,,,,,,,,,,,,,,,,,,,,,,,49,49,40,40,36,35,31,28,33,31,27,23,21,20,16,17,19,22,25,26,29,35,35,34,26,24,22,24,31,35,42,47,57,62,65,59,56,46,42,42,49,55,60,69,78,77,71,69,70,65
394392,265,"Blacksburg, VA",msa,VA,51,48,45,46,44,47,48,51,60,66,78,79,75,61,52,47,45,43,47,56,61,68,68,69,61,56,52,53,54,47,47,42,48,53,57,54,42,32,27,23,24,24,25,26,27,30,28,31,27,23,16,16,18,21,25,33,36,40,42,40,36,29,29,27,27,27,28,28,32,34,45,43,37,28,24,27
395215,266,"Wausau, WI",msa,WI,,,,,,,,,,,,,,,,,,,,,,,,,,,,,,,,,,,,,,,,,,,,,,,,,,,,,,,,,,,,,,,,,,,,,,,,56,51,65,63,61
394731,267,"Kahului, HI",msa,HI,68,72,75,75,80,78,76,72,73,72,78,80,84,79,78,82,82,86,87,87,83,83,90,95,96,86,78,68,69,69,76,82,90,89,100,103,107,92,82,67,61,54,49,38,31,28,27,26,30,30,28,27,29,32,38,43,44,43,45,49,55,53,55,50,47,50,50,53,45,45,44,48,45,48,49,56
394720,268,"Janesville, WI",msa,WI,59,54,52,45,43,40,43,46,49,58,74,79,81,69,60,49,48,54,58,61,58,62,67,83,76,73,62,64,60,57,50,47,45,47,47,46,42,36,27,25,23,25,25,29,34,42,42,37,26,20,16,17,20,24,26,27,28,32,35,44,39,37,23,24,24,24,24,29,31,34,36,40,39,31,26,23
394393,270,"Bloomington, IN",msa,IN,,,,,,,,,,,,,,,,,,,,,,,,,,,,,,,66,64,68,58,65,63,53,37,23,17,15,18,23,28,29,33,33,36,30,26,19,17,19,27,31,37,40,53,60,62,53,40,31,27,29,42,45,50,41,50,56,60,53,54,55,55
394930,271,"Odessa, TX",msa,TX,,,,,,,,,,,,,,,,,,,,,,,,,,,,,,,,,,,,,,,,,,,,,,,,,,,,,,,,,,,,,,,,,,,,,,,,,,,52,43
394710,272,"Jackson, MI",msa,MI,62,53,48,39,40,38,40,43,51,60,67,72,68,61,49,44,40,39,39,44,53,59,73,76,81,81,74,67,54,51,41,32,28,32,36,37,33,29,25,21,18,20,27,33,39,42,45,42,38,35,32,29,26,28,31,32,31,33,40,44,45,36,28,25,24,25,25,27,27,31,38,43,46,40,35,27
395125,273,"State College, PA",msa,PA,,,,,,,,,,,,,,,,,,,,,,,,,,,49,50,36,43,45,50,44,56,59,65,55,43,32,22,20,21,26,29,29,30,29,32,25,20,13,15,17,21,25,25,28,30,34,35,31,27,21,19,19,21,23,27,30,36,40,43,38,30,23,21
395079,274,"Sebastian, FL",msa,FL,60,63,71,78,91,98,104,100,98,99,103,105,102,101,107,107,115,106,117,115,132,134,134,124,119,119,118,124,128,130,119,108,102,90,84,81,71,56,38,32,29,23,25,24,25,25,26,27,23,19,16,17,20,24,29,34,41,46,52,55,55,55,57,57,55,51,50,50,58,65,72,68,64,60,62,66
394814,275,"Madera, CA",msa,CA,57,55,52,56,63,67,73,71,71,76,88,97,95,87,78,69,70,74,73,67,64,73,84,89,84,75,69,67,67,65,58,48,43,41,46,45,40,28,25,27,30,29,28,27,28,32,37,39,33,29,25,27,27,29,33,37,46,50,66,70,72,63,56,50,47,46,41,41,40,54,59,72,67,66,55,53
394523,276,"Decatur, AL",msa,AL,,,,,,,,,,,,,,,,,,,,,,85,91,94,79,72,60,63,61,60,48,42,39,30,35,36,39,33,28,23,18,15,18,20,22,22,25,32,30,26,17,18,20,23,27,30,33,37,41,43,44,40,37,33,35,33,33,32,36,43,49,51,49,46,46,49
394453,277,"Chambersburg, PA",msa,PA,70,66,62,63,63,62,63,73,83,86,86,87,88,83,72,68,66,65,64,55,61,75,90,93,78,79,75,73,61,54,52,42,37,38,46,43,32,21,20,17,18,18,22,23,26,26,28,28,27,22,18,13,14,17,21,22,28,30,37,35,32,26,20,21,23,24,22,22,25,33,38,38,31,24,20,20
395193,278,"Vineland, NJ",msa,NJ,86,91,94,90,88,82,80,89,92,108,101,104,94,102,97,101,97,101,93,89,87,95,113,120,114,92,88,87,85,73,64,54,58,53,55,51,51,50,44,38,31,28,27,31,38,42,43,47,48,46,37,31,30,32,39,40,43,47,55,58,54,51,44,39,35,35,35,35,37,43,49,51,49,43,38,37
394703,279,"Idaho Falls, ID",msa,ID,,,,,,,,,,,,,,,,,,,,,,,,,,,,,,,,,,,,,,,,,,,,,,,,,,,,,,,,,,,,,,,,,,52,52,52,53,58,63,68,62,53,43,40
394639,280,"Grand Junction, CO",msa,CO,37,36,36,36,34,35,37,42,49,53,57,58,58,56,47,41,40,43,47,52,54,62,64,69,60,53,44,43,44,42,42,38,39,45,47,42,29,22,18,14,15,16,19,21,27,31,34,29,24,18,16,18,21,26,29,35,44,54,64,62,59,50,46,40,37,38,37,39,39,47,54,56,52,45,42,36
394563,281,"Elizabethtown, KY",msa,KY,,,,,,,,,,,81,79,70,75,67,76,80,80,78,76,67,77,88,114,109,81,62,50,49,36,33,28,27,26,28,35,29,26,19,19,16,19,21,30,33,37,40,39,38,29,25,20,22,26,31,34,38,46,53,58,55,51,48,49,49,51,50,57,61,71,63,60,54,56,48,39
394917,282,"Niles, MI",msa,MI,,,,,,,,,,,,,,,,,,,,,,,,,,,101,87,89,91,93,74,74,73,83,70,58,50,47,41,36,34,36,40,46,48,51,51,45,41,31,34,29,34,34,36,37,40,48,50,55,50,41,28,24,30,36,39,39,40,48,50,47,38,34,32
394873,283,"Monroe, MI",msa,MI,61,55,47,37,34,36,42,47,51,59,64,85,80,76,54,47,41,41,44,47,46,50,58,66,62,62,50,50,39,37,29,26,31,34,43,41,42,32,23,17,16,18,23,28,34,34,36,35,34,25,20,19,20,23,24,29,36,39,44,42,44,35,29,21,20,19,19,26,29,34,38,45,43,37,28,24
395066,284,"Santa Fe, NM",msa,NM,69,71,62,57,50,50,55,57,65,75,86,87,79,66,55,50,50,57,60,66,64,70,73,77,73,61,53,51,54,53,51,49,53,54,59,56,51,42,34,28,22,20,24,29,33,34,35,33,28,26,22,19,18,21,26,32,36,42,50,54,57,52,47,39,37,37,41,38,40,46,57,66,64,60,49,47
394493,285,"Concord, NH",msa,NH,53,45,36,33,34,38,43,49,63,69,76,72,71,60,48,38,33,37,41,43,46,60,64,64,42,32,26,30,32,26,30,29,32,23,34,35,32,16,12,11,13,14,16,17,17,21,22,20,16,12,12,12,12,16,19,21,20,22,27,31,31,22,15,11,12,13,14,16,18,21,25,26,23,16,12,11
394314,286,"Alexandria, LA",msa,LA,,,,,,,,,,,,,,,,,,,,,,,,,,,,,,,,,,,,,80,72,59,50,42,41,33,30,34,36,36,38,38,31,25,23,25,33,38,42,40,44,48,54,52,53,51,53,55,54,52,54,58,64,64,67,60,66,56,61
395163,287,"Traverse City, MI",msa,MI,86,85,74,71,72,78,82,87,92,103,126,141,144,131,120,103,88,87,91,97,107,107,112,109,123,131,131,120,119,101,101,71,73,67,81,72,59,43,35,28,25,26,31,31,35,35,43,47,47,39,29,25,26,29,33,37,38,46,49,55,50,43,37,34,33,36,37,42,47,52,63,63,59,43,37,33
394359,288,"Bangor, ME",msa,ME,,,,,,,,,90,98,100,106,107,99,90,71,63,53,58,67,77,87,90,89,92,90,84,68,51,43,48,55,59,52,55,63,61,43,26,24,24,26,23,29,34,38,42,42,42,33,29,22,22,25,28,35,43,47,52,53,56,50,40,28,23,23,29,30,32,36,46,52,50,43,35,31
394685,289,"Homosassa Springs, FL",msa,FL,62,63,64,65,67,65,65,63,66,72,76,78,78,85,90,91,86,79,78,76,74,77,79,82,77,77,79,80,77,70,58,46,42,43,47,46,42,32,26,20,20,19,21,21,24,25,28,26,25,22,21,19,21,25,30,35,40,44,48,53,56,56,55,55,54,47,44,43,50,54,62,64,66,66,68,70
394662,290,"Hanford, CA",msa,CA,,,,,,,,,,62,71,66,63,58,52,44,44,51,55,52,50,57,55,50,42,40,38,38,37,34,28,21,25,23,26,20,19,24,29,26,23,17,19,19,22,26,33,31,34,23,23,23,26,30,32,35,36,36,39,42,39,43,41,34,24,21,23,28,33,37,38,35,36,35,37,34
394723,291,"Jefferson City, MO",msa,MO,,,,,,,,,,,,,,,,,,,,,,,,,,,,,,,,,,,66,63,29,17,16,17,19,21,24,29,31,34,33,37,34,33,26,20,19,21,29,32,35,39,48,47,44,37,37,34,35,39,40,35,32,34,38,37,35,31,25,22
394598,292,"Florence, AL",msa,AL,,,,,,,,,,,,,,,,,,,,,,,,,,,,,,,,,,,,,,,,,,,,,,,,,,,,,34,36,38,36,41,47,56,57,51,47,44,43,39,41,43,38,37,42,52,56,56,53,49,47
394537,293,"Dothan, AL",msa,AL,,,,,,,,,,,,,,,,,,,,,,,,,,,,,,,,,,,45,47,47,49,44,40,34,35,31,25,28,29,31,30,31,28,23,26,35,40,42,39,37,36,35,46,54,55,50,43,42,40,34,36,39,55,59,62,51,47,45,45
394802,294,"London, KY",msa,KY,75,76,74,64,66,76,78,71,65,85,105,119,109,99,86,81,77,83,83,85,78,77,83,101,100,94,87,86,86,65,59,49,52,51,50,48,43,40,35,31,27,27,34,34,38,37,46,43,39,34,30,30,33,40,44,43,50,57,61,61,60,60,54,50,48,48,49,49,53,55,58,58,56,63,64,64
394306,295,"Albany, GA",msa,GA,,,,,,,,,,,,,,,,,,,,,,,,,,,,,,,,,,,,,,,,,,,,,,,,,,,,,,,,,,,,,,,,,,,,,,,,,,,,48
845167,296,"Ottawa, IL",msa,IL,80,78,74,67,67,67,68,73,78,87,92,104,105,98,81,72,75,80,83,81,85,84,90,97,106,104,97,85,78,69,69,68,68,65,73,75,80,65,53,37,31,27,27,27,32,42,51,60,54,46,34,29,28,31,35,37,35,39,43,51,54,49,42,36,37,34,28,28,30,36,40,43,45,42,40,33
395102,297,"Sioux City, IA",msa,IA,,,,,,,,,,,,,,,,,,,,,,,,106,99,87,77,70,61,58,56,56,50,46,48,50,50,34,31,24,25,25,26,29,31,37,41,43,39,32,28,26,27,27,29,26,27,36,43,49,51,50,48,37,41,45,47,45,47,49,56,59,56,49,39,40
395223,298,"Wichita Falls, TX",msa,TX,,,,,,,,,,,,,,,,,,,,,,,,,,,,,,,,,,67,52,50,35,37,37,32,30,29,34,40,47,50,49,50,52,48,39,27,30,34,43,39,46,45,63,81,83,71,49,51,51,53,52,51,54,60,67,66,64,60,61,63
395152,299,"Texarkana, TX",msa,TX,,,,,,,,,,,,,,,,,,,,,,,,,,,,,,,,,,,65,77,59,55,47,46,41,43,43,42,43,47,51,54,49,42,36,46,50,50,44,46,46,49,56,69,85,74,71,58,61,60,60,64,59,62,71,72,71,69,70,70
394800,301,"Logan, UT",msa,UT,,,,,,,,,,,,,,,,,,,,,,,,,,,,,,,,,,,57,48,25,18,18,16,17,19,22,25,27,34,34,35,26,24,22,25,26,31,36,43,48,53,60,62,65,58,52,47,49,56,52,58,59,70,67,74,65,64,50,53
394595,302,"Flagstaff, AZ",msa,AZ,49,44,44,43,48,51,61,67,79,80,85,84,79,73,65,59,58,55,65,71,76,87,91,91,81,62,58,52,61,54,47,39,32,31,30,32,26,17,14,13,17,19,23,25,30,31,32,29,24,20,16,19,24,31,39,45,45,51,56,66,68,60,47,36,36,37,45,50,58,66,70,66,53,46,43,43
395036,303,"Rocky Mount, NC",msa,NC,77,75,69,65,64,70,71,78,78,77,81,82,91,86,85,82,69,63,61,64,101,101,105,71,73,74,68,57,55,54,53,42,35,30,31,30,29,24,27,19,18,14,19,20,24,26,33,34,31,21,18,14,17,18,22,25,30,38,49,56,56,47,42,36,30,27,27,30,31,34,42,46,47,43,42,45
395000,304,"Pottsville, PA",msa,PA,,,,,,,,,,,,,,,,,,,,,,,,,,,89,88,71,55,50,40,36,30,42,46,47,37,32,24,22,23,24,23,24,24,32,34,33,26,23,23,22,24,27,30,30,30,39,40,43,35,38,30,29,25,28,25,29,34,38,41,36,32,25,24
394515,305,"Dalton, GA",msa,GA,67,61,59,56,55,50,50,60,71,88,85,83,79,74,72,63,75,81,84,72,72,73,82,78,77,76,70,68,60,54,47,49,42,40,40,41,42,37,36,33,27,23,20,24,28,32,38,43,41,36,32,31,27,30,32,39,45,52,59,64,59,51,39,35,36,39,41,42,45,46,53,58,64,51,43,35
394783,306,"Lebanon, PA",msa,PA,52,53,51,50,46,46,45,45,48,56,61,65,60,53,41,33,31,40,43,49,48,60,63,66,53,43,35,37,44,44,44,37,30,26,28,25,21,17,17,15,12,13,15,15,17,21,23,23,17,13,11,12,12,14,15,17,17,18,21,21,19,16,15,14,14,12,14,14,18,20,25,25,22,19,18,18
394880,307,"Morristown, TN",msa,TN,62,62,57,57,57,59,60,67,71,73,85,95,96,84,78,73,72,65,67,64,72,74,77,70,66,60,59,61,57,51,43,37,34,33,40,38,36,28,26,22,21,23,25,28,31,34,39,40,35,28,22,27,27,31,30,33,37,41,52,52,55,46,46,45,46,52,50,48,46,48,53,54,55,53,49,46
395232,308,"Winchester, VA",msa,VA,64,56,57,50,46,44,51,57,61,65,70,70,70,60,52,49,47,50,60,68,71,66,71,71,62,49,42,39,50,46,46,31,29,26,28,30,24,20,15,15,14,14,17,21,23,27,29,30,26,20,16,15,18,20,24,27,33,40,45,46,40,36,28,26,23,27,28,31,33,45,53,52,40,27,23,23
395221,309,"Wheeling, WV",msa,OH,75,65,58,58,65,69,67,81,85,94,90,105,101,89,64,64,66,70,65,65,73,82,92,95,93,93,88,88,81,70,63,55,60,54,70,78,93,80,71,55,48,43,47,49,50,49,57,63,63,50,38,32,34,35,36,38,41,49,53,58,60,54,48,37,37,37,46,44,43,43,59,63,64,48,43,38
394879,310,"Morgantown, WV",msa,WV,,,,,,,,,,,,,,,,,,,,,,,,,,,,,,,,,,,,,,,,,,,,,,,,,,,,,,,,,,,76,75,72,55,38,29,29,31,35,37,42,53,53,54,44,36,29,26
394756,311,"La Crosse, WI",msa,WI,,,,,,,,,,,,,,,,,,,,,,,,,,,,,,,,,,,64,45,40,27,26,23,20,20,19,21,24,29,31,32,29,26,18,15,13,17,20,24,26,32,40,40,35,27,23,19,18,21,23,20,20,25,34,35,29,24,22,21
394900,312,"Napa, CA",msa,CA,40,36,33,33,36,45,45,49,51,66,73,73,68,58,52,42,50,53,63,63,69,64,69,64,59,48,48,60,70,77,73,62,49,45,52,54,49,41,35,35,35,36,35,37,40,45,47,40,31,22,23,30,34,34,30,33,40,51,55,53,45,43,37,32,33,47,51,51,52,64,69,65,57,52,49,50
395013,313,"Rapid City, SD",msa,SD,56,52,46,44,45,46,49,51,57,64,73,72,72,62,59,51,54,52,50,47,54,61,62,56,51,50,50,51,50,48,44,37,33,31,32,29,26,20,16,12,12,14,16,17,19,19,21,20,20,16,15,13,16,19,23,26,31,40,48,46,38,29,23,20,21,27,28,30,34,42,48,47,42,37,31,28
395139,314,"Sumter, SC",msa,SC,79,75,72,72,71,74,70,74,77,89,99,95,83,71,71,79,71,66,57,62,62,65,65,76,71,72,62,60,52,47,43,38,33,29,37,41,41,28,24,23,23,22,20,21,23,25,29,29,31,28,23,19,19,21,26,31,34,39,45,53,53,47,40,38,43,42,44,39,42,37,42,46,50,48,43,39
395117,316,"Springfield, OH",msa,OH,61,58,48,40,39,41,43,43,46,66,80,84,65,51,42,38,32,29,33,38,44,46,53,54,54,46,42,37,32,30,27,22,20,20,27,25,21,13,11,12,13,15,17,19,20,22,24,23,21,16,13,11,13,16,19,21,22,28,34,38,36,30,24,19,15,15,16,18,22,26,31,34,34,29,22,18
394668,317,"Harrisonburg, VA",msa,VA,61,57,47,44,40,41,45,49,50,63,76,86,79,66,56,47,50,51,54,56,59,61,61,63,61,53,47,40,45,39,42,33,39,36,40,38,34,29,22,20,14,19,21,26,25,29,28,29,24,19,16,16,18,18,22,28,33,39,41,43,40,31,21,19,21,21,18,22,27,33,43,46,48,37,32,27
394368,318,"Battle Creek, MI",msa,MI,60,58,46,45,42,45,47,47,51,52,65,74,73,65,54,53,51,56,55,59,49,53,54,68,71,73,70,62,49,36,30,27,30,31,37,35,33,26,21,20,19,18,18,18,22,25,30,31,26,20,17,17,19,21,24,27,29,34,40,46,44,36,28,21,18,16,19,22,25,26,38,40,44,35,32,25
395094,319,"Sherman, TX",msa,TX,,,,,53,38,30,43,54,63,69,70,72,69,70,73,71,69,70,70,71,73,82,89,90,80,77,71,71,66,65,67,66,64,61,58,55,48,41,35,29,29,30,36,36,37,38,36,31,24,19,17,18,24,28,34,38,42,48,54,53,50,41,39,37,42,46,47,54,60,71,69,67,62,58,57
394821,320,"Manhattan, KS",msa,KS,,,,,,,,,,,,,,,,,,,,,,,,,,,,,,,,,,,,,,,,,,,,,,,,,,,,,,,,,,,,47,47,42,29,27,28,32,37,39,45,48,54,55,52,45,36,33
394442,321,"Carbondale, IL",msa,IL,,,,,,,,,,,,,,,,,,,,,145,161,133,116,109,108,108,113,102,96,85,76,79,72,73,56,53,41,38,35,35,34,33,36,39,42,44,46,47,45,40,36,34,35,39,40,43,45,54,60,64,57,50,43,39,39,41,42,41,46,54,54,54,50,48,40
394727,322,"Johnstown, PA",msa,PA,,,,,,,,,,,,,,,,,,,,,,,,,,,,,,,,,,,87,88,84,72,60,48,41,26,29,28,36,42,43,40,40,41,40,35,30,34,34,37,32,39,47,53,47,38,29,27,25,38,37,39,32,45,54,57,50,39,33,30
394728,323,"Jonesboro, AR",msa,AR,65,67,67,64,62,63,74,75,84,89,89,87,80,83,84,78,70,71,70,78,79,92,94,91,83,77,71,64,62,58,62,61,64,63,59,58,57,57,50,39,29,22,25,30,34,35,44,56,56,47,31,27,26,30,34,35,40,45,62,68,64,58,56,64,62,58,50,46,46,59,65,73,73,70,64,57
394390,324,"Bismarck, ND",msa,ND,,,,,,,,,,,,,,,,,,,,,,,,,,,,,,,,,,,,,37,54,43,41,30,31,35,36,41,44,49,44,41,39,34,27,23,26,32,36,42,48,57,57,53,44,44,38,36,33,36,38,40,45,54,61,58,49,34,31
394661,325,"Hammond, LA",msa,LA,67,68,67,64,66,65,64,60,69,87,103,104,99,90,96,88,93,83,89,86,93,97,96,97,98,105,101,92,74,58,52,50,51,53,55,50,40,29,35,35,31,21,22,28,34,33,28,28,22,20,18,21,26,27,32,39,47,48,56,56,64,58,57,58,53,51,47,50,56,64,78,74,76,69,63,60
394983,326,"Pittsfield, MA",msa,MA,83,85,79,75,67,66,70,81,97,105,113,116,117,114,100,88,85,91,99,100,115,125,144,144,138,128,108,107,96,101,97,89,82,81,93,101,93,74,50,39,34,35,37,40,44,53,59,65,60,56,48,43,35,34,39,44,48,49,58,58,69,61,56,40,35,36,39,43,50,59,67,66,71,63,58,42
394890,327,"Mount Vernon, WA",msa,WA,42,35,34,30,32,32,40,46,52,58,63,67,60,51,41,36,33,33,36,41,48,49,52,54,45,35,24,28,28,29,27,27,26,23,24,19,17,13,14,13,14,15,15,17,18,22,21,18,14,11,12,13,17,21,28,32,39,44,49,48,46,37,32,31,32,30,29,33,40,42,48,48,44,36,28,28
394719,328,"Jamestown, NY",msa,NY,86,89,90,86,83,78,81,84,92,99,114,121,125,110,101,94,94,94,97,101,104,105,111,105,103,104,111,110,107,98,98,83,80,79,86,97,88,71,50,33,29,26,34,41,41,44,46,50,46,41,32,26,23,24,29,34,43,44,50,46,47,42,38,35,30,31,30,32,34,39,46,53,50,47,44,40
395153,329,"The Villages, FL",msa,FL,58,56,53,48,51,55,60,59,56,58,70,78,78,69,64,65,66,63,59,55,58,57,54,52,53,56,59,55,56,55,55,52,53,53,56,58,53,46,32,26,23,21,21,19,22,24,26,27,26,23,23,23,28,32,36,37,44,54,62,63,60,58,60,56,54,50,52,53,50,52,58,60,60,56,58,63
394307,330,"Albany, OR",msa,OR,45,40,32,33,34,38,43,42,48,48,54,49,45,43,38,38,32,37,45,48,66,67,74,62,64,59,58,55,56,48,41,34,42,39,46,35,28,15,12,13,16,20,21,21,19,21,22,22,19,15,14,15,18,21,25,33,38,47,49,54,49,40,32,30,32,33,35,35,39,45,53,59,51,46,40,40
394633,331,"Glens Falls, NY",msa,NY,88,88,90,87,93,92,92,99,113,122,126,118,124,126,131,119,100,92,97,108,113,115,123,133,132,125,128,124,116,102,91,92,79,83,84,101,101,83,61,40,31,27,32,37,46,51,59,57,54,41,30,23,25,29,38,42,42,43,55,61,62,62,57,49,35,33,34,36,35,44,46,50,43,38,35,38
394780,332,"Lawton, OK",msa,OK,,,,,,,,,,,,,,,,,,,,,,,,,,,,,,,,,,,,,,,,,,,,,,,,,,,35,33,27,23,27,33,37,43,43,46,43,39,33,32,34,37,33,30,30,37,45,53,50,43,38,38
394474,334,"Cleveland, TN",msa,TN,,,,,,,,,,,,,,,,,,,,,,,,,77,64,64,74,74,68,69,58,53,55,59,55,45,32,28,18,18,15,18,19,24,25,30,29,24,17,14,15,18,21,28,33,44,46,55,52,53,47,43,44,44,43,41,39,41,47,57,65,56,44,36,39
395098,335,"Sierra Vista, AZ",msa,AZ,92,97,93,92,99,110,109,103,99,113,125,136,125,111,93,85,91,87,91,86,92,90,87,87,87,91,85,84,80,76,67,58,59,61,71,66,64,53,50,47,46,52,52,46,43,43,47,47,43,40,35,36,41,44,52,50,53,50,63,71,73,70,68,71,63,60,53,57,56,64,66,72,68,71,66,69
394325,336,"Ames, IA",msa,IA,56,57,57,53,44,48,50,52,49,57,70,80,83,76,60,52,48,55,66,77,83,86,91,101,103,96,82,67,63,63,64,62,62,66,60,59,54,46,30,24,25,25,24,26,35,42,52,51,43,33,25,22,20,26,30,31,33,34,40,36,32,27,26,29,33,38,38,36,39,42,50,52,53,46,38,30
394824,337,"Mansfield, OH",msa,OH,,,,,,,,,,,,,,,,,,,,,,,,,,,,,,,,,,,,,,,,,,,,,,,,,,,,,,,,,,28,35,39,35,26,20,15,13,17,19,22,27,32,37,36,31,25,19,19
395128,338,"Staunton, VA",msa,VA,62,60,52,41,41,46,57,65,72,66,68,70,69,54,47,43,44,47,55,55,55,62,67,74,66,64,57,54,49,40,29,27,32,33,36,31,31,24,17,14,16,18,23,22,31,30,32,25,26,21,20,18,20,20,21,24,26,28,33,35,33,28,22,20,21,25,27,25,25,32,42,44,41,30,27,23
394353,339,"Augusta, ME",msa,ME,,,,,,,,,,,,,,,,,,,,,,,,,,,,,,65,61,61,46,46,53,54,48,32,31,27,27,21,20,23,27,32,35,41,34,26,14,12,15,18,23,28,29,36,40,46,46,37,28,18,20,21,25,28,31,37,44,53,47,41,30,24
394905,341,"New Bern, NC",msa,NC,66,64,65,61,66,70,80,82,84,80,75,73,65,56,45,40,43,51,59,60,65,70,78,75,75,70,74,75,84,78,75,62,56,58,61,55,46,34,30,23,23,24,23,24,23,25,25,24,23,20,18,15,17,19,25,24,27,26,30,35,38,34,27,22,26,28,31,26,26,30,38,46,44,41,37,39
394588,342,"Farmington, NM",msa,NM,,,,,,,,,,,,,,,,,,,,,,,,,,,,,,,,,,,,,,,,,,,,,,,,,,,,,,20,32,38,34,36,41,44,34,25,34,32,31,23,28,39,38,48,56,66,69,56,41,33
395120,343,"St. Joseph, MO",msa,MO,68,71,65,63,51,57,56,61,69,68,81,81,88,86,76,62,47,49,63,65,69,74,83,79,74,67,66,54,52,49,46,39,40,40,47,51,53,44,35,25,23,23,27,31,31,31,36,39,39,30,23,19,19,23,28,26,26,27,33,39,38,37,31,26,23,23,25,27,26,27,34,41,45,37,32,26
395218,345,"Wenatchee, WA",msa,WA,53,44,40,37,38,39,43,50,59,60,60,59,59,57,52,44,39,41,47,51,61,72,83,80,69,58,49,46,44,42,38,31,32,36,41,39,30,22,18,16,19,20,23,23,27,35,46,50,44,30,22,20,26,30,36,43,48,58,67,75,72,61,52,47,48,51,52,53,56,65,71,78,72,59,41,35
394949,346,"Owensboro, KY",msa,KY,,,,,,,,,,,,,,,,,,,,,,,,,,,,,,,,,,,,,32,26,26,24,21,18,18,26,27,28,26,25,22,18,18,18,20,25,28,33,33,44,48,54,50,48,42,32,30,32,37,39,41,44,50,50,48,41,34,30
753890,347,"Holland, MI",msa,MI,65,58,49,50,48,50,47,58,64,75,85,88,85,70,54,45,51,55,56,51,60,67,88,97,93,97,93,95,72,58,57,54,56,48,52,49,46,35,26,20,17,21,25,25,27,27,33,32,27,19,13,14,14,17,23,29,31,32,33,36,32,25,20,25,29,31,27,26,28,34,43,50,45,36,30,30
394810,348,"Lumberton, NC",msa,NC,,,,,,,,,,,,,,,,,,,,,,,106,111,100,103,98,101,92,87,74,66,54,54,52,61,60,54,34,26,21,32,36,47,43,43,30,28,25,27,26,21,20,29,41,47,53,52,61,58,65,52,47,35,36,42,48,52,46,46,51,51,51,51,64,59
394778,349,"Lawrence, KS",msa,KS,40,31,26,27,29,36,45,52,56,55,60,62,57,50,38,36,37,45,47,50,55,58,58,55,50,43,37,39,38,35,33,31,33,35,37,41,32,23,14,11,12,13,16,18,23,24,26,23,17,12,9,12,14,18,19,22,26,34,36,35,25,19,15,15,18,21,24,32,34,41,44,50,41,30,19,20
394635,350,"Goldsboro, NC",msa,NC,72,71,70,64,55,46,51,63,74,86,93,92,82,71,70,63,62,56,60,60,73,70,70,63,59,53,42,40,37,31,27,20,20,26,30,29,21,18,19,18,14,14,15,20,19,19,19,18,18,14,17,15,16,15,17,18,20,26,28,32,32,29,23,18,18,17,17,20,23,27,38,46,42,33,30,33
395213,351,"Watertown, NY",msa,NY,103,112,113,102,93,95,107,126,132,134,140,159,185,179,157,124,114,108,127,138,146,143,137,129,120,129,133,124,106,106,103,99,93,87,95,93,90,70,51,39,34,37,44,48,50,54,63,68,67,52,37,24,22,25,32,41,47,58,68,69,63,52,46,41,41,40,39,38,50,58,58,54,48,46,44,44
395089,352,"Sheboygan, WI",msa,WI,,,,,,,,,,,,,,,,,,,,,,,,,,,,,,,,,,,,,,,,,,,,,,,,,,,,,,,,,,,,,,,,,,,,,,,,,33,31,24,25
395217,353,"Weirton, WV",msa,OH,84,89,79,77,77,89,87,94,100,112,110,106,100,101,93,89,86,84,84,85,96,97,97,100,111,107,108,101,102,83,68,56,56,64,83,82,76,58,43,32,26,30,33,31,32,37,45,45,44,37,36,29,31,27,32,35,41,51,56,69,62,52,37,34,36,37,37,36,34,39,49,52,56,55,56,51
395237,355,"Wooster, OH",msa,OH,64,59,57,53,45,44,50,61,65,76,79,84,78,78,72,58,56,52,60,53,54,59,66,71,65,55,42,40,41,40,35,33,38,43,43,40,34,27,20,13,12,14,16,18,23,25,28,27,26,19,14,13,14,18,20,20,23,29,38,38,40,35,29,22,21,24,26,26,25,27,31,40,36,30,19,19
394407,356,"Bozeman, MT",msa,MT,51,46,38,30,33,37,42,45,51,65,77,79,72,65,55,48,39,44,49,54,63,75,91,90,83,65,54,44,48,53,59,53,52,46,49,40,34,23,19,14,15,17,20,24,33,36,36,30,26,20,15,13,17,26,39,45,52,63,71,71,58,47,35,31,36,45,56,62,65,73,75,76,63,55,51,47
394333,357,"Anniston, AL",msa,AL,72,74,78,71,65,66,68,76,92,106,113,106,96,90,83,75,58,57,56,65,63,68,67,73,79,76,70,62,62,61,61,61,58,54,55,52,46,38,31,28,27,25,23,23,31,36,41,38,35,33,29,28,26,30,33,39,42,46,50,55,58,52,45,43,43,43,40,41,39,42,46,55,53,46,38,36
394374,358,"Beckley, WV",msa,WV,,,,,,,,,,,,,,,,,,,,,,,,,,,,,,,,,,,,,83,77,84,72,54,39,35,38,44,44,51,49,46,36,26,23,26,32,36,36,35,41,46,52,55,50,51,40,38,35,41,50,49,54,55,60,54,45,35,38
395225,359,"Williamsport, PA",msa,PA,,,,,,,,,,,,,,,,,,,,,,,,,,,,,,,,,,,,,,,,,,,,,,,,,,,,,,,,,,,,,,,,,,,,,,,,,,60,60,70
394423,360,"Brunswick, GA",msa,GA,64,66,73,81,86,98,104,104,93,100,112,131,126,119,106,107,110,125,132,134,122,118,120,130,130,128,120,139,142,149,128,114,105,93,81,67,68,71,65,48,31,23,25,27,31,38,45,44,36,30,24,21,21,25,29,32,44,47,55,55,58,50,45,42,44,40,37,48,55,61,61,62,62,54,54,53
395173,361,"Twin Falls, ID",msa,ID,,,,,,,,,,,,,,,,,,,,,,,,,,,,,,,,,,,,,43,29,23,14,14,16,18,22,24,24,22,21,20,20,19,20,21,27,33,40,43,51,60,67,67,58,49,45,48,51,49,51,49,53,60,69,68,62,49,47
753872,361,"California, MD",msa,MD,80,76,71,60,62,61,61,61,64,75,79,77,65,57,55,52,51,50,62,67,68,59,62,60,53,38,38,42,40,34,27,27,27,27,26,22,18,15,12,13,14,18,20,23,23,23,22,20,17,13,12,13,15,20,25,30,32,42,44,44,32,26,22,22,24,23,26,25,28,26,26,25,25,22,21,20
394495,363,"Cookeville, TN",msa,TN,,,,,,,,,,,,,,,,,,,,,,,,83,87,69,59,56,60,51,46,32,31,33,40,39,33,30,28,25,23,24,30,32,37,41,43,49,45,43,35,33,35,38,44,44,44,52,65,74,71,62,56,57,62,62,65,58,63,58,75,79,76,71,73,76
394893,364,"Muncie, IN",msa,IN,,,,,,,,,,66,86,87,92,68,62,53,60,61,62,67,76,91,98,96,71,73,64,67,48,36,33,27,30,40,43,48,37,33,32,27,24,18,20,24,27,31,33,36,31,24,16,15,15,18,20,22,25,29,37,39,38,29,22,18,17,18,20,25,32,37,42,42,41,35,31,26
394857,365,"Michigan City, IN",msa,IN,59,54,43,39,39,45,43,43,45,49,55,59,67,65,59,49,49,49,47,41,53,55,63,60,60,57,51,62,62,59,42,37,34,36,40,40,34,28,21,19,18,19,21,22,26,30,36,37,35,30,27,21,20,20,25,31,35,40,43,47,51,50,43,34,33,34,35,33,35,40,41,37,38,35,30,29
395039,366,"Roseburg, OR",msa,OR,56,52,56,55,53,50,52,61,70,75,80,75,80,72,64,53,56,62,62,62,64,77,85,84,71,65,58,54,52,54,54,45,45,44,48,52,50,46,32,26,21,21,22,27,35,40,43,40,45,39,36,30,36,41,44,43,50,53,59,60,66,70,63,53,51,51,60,59,69,68,70,66,65,64,58,55
394788,367,"Lewiston, ME",msa,ME,,,,,,,,,,,,,,,,,,,,,,,69,73,62,56,39,36,27,24,26,31,38,32,34,31,33,26,23,21,24,21,18,17,18,21,29,30,27,15,12,10,11,13,16,21,22,28,29,30,28,23,20,13,13,12,13,15,18,24,28,29,30,27,21,16
394804,368,"Longview, WA",msa,WA,39,32,24,23,23,27,30,37,43,51,55,58,53,41,32,28,28,30,31,35,38,41,40,37,32,32,29,32,27,33,28,31,28,29,30,25,21,12,13,13,14,16,18,20,19,21,21,20,16,15,15,17,21,25,29,35,37,44,50,64,58,51,31,34,31,39,37,41,43,47,47,49,51,53,47,42
394932,369,"Ogdensburg, NY",msa,NY,,,,,,,,,,,157,166,167,164,161,154,140,141,141,150,148,168,187,200,202,177,161,133,125,121,127,130,139,140,144,160,153,150,101,78,58,59,70,66,68,63,71,75,80,68,57,45,41,40,40,42,52,72,90,105,109,94,80,54,54,52,56,53,54,60,76,83,93,89,77,63
394734,370,"Kankakee, IL",msa,IL,64,63,58,55,53,52,55,52,61,67,87,93,92,77,66,55,53,51,62,60,72,70,77,75,72,63,59,59,57,48,37,40,39,44,38,43,44,42,31,24,21,22,21,26,29,35,38,35,33,28,27,24,24,28,33,38,39,42,48,51,51,44,41,36,37,38,34,30,28,34,37,39,39,40,36,31
394396,371,"Bluefield, WV",msa,VA,88,90,94,100,97,97,94,114,134,149,168,162,158,131,129,131,131,133,136,142,136,134,144,142,139,145,149,147,131,121,107,96,90,101,113,134,126,107,68,65,68,77,61,62,62,67,69,78,83,65,47,34,33,37,36,43,45,54,63,65,59,42,36,37,40,43,44,48,49,63,62,66,47,55,49,58
395095,372,"Show Low, AZ",msa,AZ,68,68,78,76,85,83,86,82,85,88,105,118,119,94,71,69,72,74,73,73,80,98,106,103,95,92,94,85,89,78,69,46,42,38,41,43,37,34,28,27,25,25,27,36,38,41,41,39,37,28,25,24,28,37,47,54,57,60,62,73,68,68,54,52,51,54,63,72,74,80,77,78,66,63,55,60
395023,373,"Richmond, KY",msa,KY,58,55,50,41,37,38,41,45,50,60,70,75,72,64,55,48,49,50,57,54,65,68,75,71,63,57,58,54,53,40,35,36,36,38,36,37,35,26,21,17,16,17,21,23,25,40,45,47,31,23,19,17,20,22,23,26,31,37,41,44,43,37,36,33,35,33,29,31,29,38,40,46,45,37,28,26
395168,374,"Tullahoma, TN",msa,TN,,,,,,,,,,,,,,,,,,,,,,,,,,,,,,,,,,,53,48,35,21,17,17,17,17,18,20,24,28,33,29,25,17,18,18,19,21,26,29,35,44,53,60,60,56,53,55,56,50,42,41,47,48,59,62,69,55,49,46
395222,375,"Whitewater, WI",msa,WI,,,,,,,,,,,,,,,,,,,,,,,,,,,,,,,,,,,,,,,25,25,37,41,51,52,59,64,71,70,59,46,35,37,42,44,43,41,49,56,63,58,51,51,50,45,36,38,49,56,55,54,54,58,53,53,57,51
394709,376,"Ithaca, NY",msa,NY,53,50,40,39,41,49,61,65,76,74,83,72,67,49,43,47,52,62,59,68,73,74,79,71,64,58,64,63,57,53,61,63,53,45,45,50,46,35,27,24,19,23,25,29,26,24,26,28,23,18,14,15,17,20,21,27,32,43,46,44,32,22,17,18,22,24,27,31,32,36,38,37,27,19,18,19
394637,377,"Grand Forks, ND",msa,MN,80,74,65,57,61,68,78,84,94,106,117,124,114,106,103,99,97,92,104,106,109,108,128,143,143,123,98,93,86,84,76,74,74,79,74,86,77,76,56,48,39,39,38,43,46,53,54,53,46,40,33,28,26,28,36,40,42,48,65,82,84,70,55,54,56,57,57,70,76,71,69,64,67,52,43,36
394524,378,"Decatur, IL",msa,IL,83,83,86,80,73,75,82,90,100,104,117,121,135,128,110,87,72,72,80,85,89,98,120,123,115,104,99,90,77,73,71,67,61,66,71,71,61,49,40,35,30,26,26,28,32,35,36,36,32,29,27,25,23,23,24,27,32,39,45,46,40,32,26,22,20,19,19,21,22,27,33,42,42,35,26,21
394762,379,"LaGrange, GA",msa,GA,60,61,58,52,53,61,64,69,73,77,85,83,95,89,88,82,72,72,69,71,66,75,89,91,81,65,64,63,72,67,57,41,38,42,46,44,39,35,31,34,29,27,28,32,37,33,32,33,32,30,31,31,33,29,32,31,32,30,43,43,47,35,37,39,42,42,42,40,42,44,49,49,47,56,56,54
394369,380,"Bay City, MI",msa,MI,70,71,65,54,48,45,49,50,54,59,65,82,86,79,61,51,46,48,47,50,47,57,67,76,69,72,62,61,47,47,41,41,36,32,27,28,28,25,19,17,18,22,30,35,36,37,46,47,48,38,32,25,24,28,30,31,30,38,42,48,44,39,31,27,29,27,29,23,32,36,46,45,44,36,32,29
394599,381,"Fond du Lac, WI",msa,WI,,,,,,,,,,,,,,,,,,,,,,,,,,,,,,,,,,,,,,,,,,,,,,,,,,,,,,,,,,,,,,,,,,,,,,,,,,,53,46
394630,382,"Gettysburg, PA",msa,PA,67,70,66,57,52,51,60,63,66,69,74,82,80,75,64,56,56,61,62,63,66,80,88,93,84,78,71,60,48,44,47,45,33,29,34,39,38,31,27,20,22,20,25,21,22,24,25,25,19,16,17,17,20,19,23,22,27,27,35,33,31,24,23,24,22,20,21,22,22,27,38,47,45,37,28,26
394620,383,"Gadsden, AL",msa,AL,,,,,,,,,,,,,,,,,,,,,,,,,,,,,,,,,,59,55,66,69,62,55,45,33,28,29,36,40,41,40,35,36,28,29,25,26,28,30,37,37,52,53,64,55,53,42,36,37,42,45,42,48,47,55,48,53,50,49,50
394518,385,"Danville, VA",msa,VA,,,,,,,,,,,169,178,157,159,129,114,103,118,111,113,94,112,114,119,108,111,97,106,111,116,108,98,102,113,102,104,79,77,59,52,39,34,28,29,31,35,40,41,39,33,28,25,29,29,30,28,36,34,33,29,31,36,35,33,28,28,30,32,34,37,42,49,52,46,43,43
394823,386,"Mankato, MN",msa,MN,,,,,,,,,,,,,,,,,,,,,,,,,,,,,,,,,,,,58,41,29,24,19,18,20,22,23,26,27,33,39,39,34,24,18,17,22,28,29,31,40,53,55,44,33,33,31,33,30,32,32,34,42,50,60,55,43,30,26
394794,387,"Lima, OH",msa,OH,,,,,,,,,,,,,,,,,,,,,,,,,89,88,71,56,51,42,40,37,45,43,47,42,37,29,25,22,20,20,24,28,32,34,62,57,54,29,27,22,16,18,22,24,28,31,39,45,42,37,32,32,31,30,30,28,29,30,38,44,44,38,28,22
753915,388,"Salem, OH",msa,OH,87,93,93,92,91,92,97,99,105,98,103,104,126,116,115,91,92,86,98,96,102,93,99,100,109,99,82,79,82,81,69,74,78,87,80,73,56,43,33,27,25,27,30,32,36,36,47,43,40,29,25,24,23,28,34,35,35,40,48,64,60,61,43,36,23,25,27,31,31,35,44,48,52,46,51,44
395166,389,"Truckee, CA",msa,CA,53,50,47,43,40,43,50,62,70,71,75,75,78,71,68,59,54,55,59,66,68,73,77,79,75,70,61,60,52,50,38,34,32,38,43,45,39,31,23,21,20,21,24,25,28,33,43,41,32,21,20,24,29,37,43,50,52,60,72,74,66,52,43,37,33,37,42,45,52,65,73,76,62,54,43,42
395080,390,"Sebring, FL",msa,FL,59,55,59,60,65,70,68,64,57,69,78,81,75,77,80,81,83,84,78,73,76,88,85,79,76,79,77,77,75,73,65,58,49,45,42,44,43,40,32,28,24,25,24,27,29,31,33,34,33,29,26,25,27,31,35,38,40,41,47,47,50,46,52,53,58,56,52,52,56,62,61,62,65,63,64,65
394462,391,"Cheyenne, WY",msa,WY,46,42,40,39,42,46,47,52,55,59,64,60,53,43,38,35,30,29,29,32,39,43,48,48,42,33,30,30,32,32,34,36,34,31,30,27,25,22,18,14,13,13,16,17,20,21,23,25,21,17,11,12,15,21,26,30,35,43,51,54,53,45,40,33,33,35,40,46,48,54,57,61,55,52,46,42
394689,392,"Hot Springs, AR",msa,AR,,,,,,,,,,,,,,,,,,,,,,,,,,,,,,,,,,,,,,,,18,26,31,27,30,36,40,41,37,38,37,33,30,28,36,34,38,37,39,42,44,47,45,44,40,44,46,48,53,51,59,61,64,64,68,76,74
394302,393,"Adrian, MI",msa,MI,60,56,46,43,42,40,43,53,57,63,71,93,97,93,75,67,61,53,53,52,55,69,74,80,67,64,58,56,53,53,44,39,34,35,38,40,38,31,25,22,19,24,28,37,40,48,51,49,40,32,30,28,29,32,36,40,40,49,58,65,60,52,43,47,43,45,37,37,39,44,53,60,61,54,46,44
395090,394,"Shelby, NC",msa,NC,,,,,,,,,,,,,,,,,,,,,,,,,,,,,,,,,,,,,,,,,,,,,,,,,,,,,,,,,,,,,,,,,,,,,,,,67,65,48,39,44
394542,396,"Dubuque, IA",msa,IA,,,,,,,,,,,,,,87,72,60,55,56,60,57,57,60,63,72,61,58,58,73,68,54,40,38,35,36,32,35,30,29,22,21,20,23,28,28,29,30,36,34,28,22,21,19,20,21,24,23,27,33,42,46,42,35,29,29,29,29,23,21,26,40,44,43,32,31,26,26
394852,397,"Meridian, MS",msa,MS,,,,,,,,,,,,,,,,,,,,,,,,,,,,,,,,,,,,,,,,,,,,,,,,,,,,,,,,,,,,,,,,,,,,,,56,62,68,66,57,51,52
753912,398,"Pinehurst, NC",msa,NC,66,61,56,58,62,70,73,83,85,92,98,96,84,68,68,65,72,77,82,78,77,86,97,97,86,71,68,68,65,53,46,43,49,50,51,43,39,27,23,17,22,23,24,22,23,24,28,28,26,20,18,19,21,22,24,24,28,30,38,38,35,27,24,24,30,34,38,41,43,43,42,42,42,36,35,31
394953,399,"Paducah, KY",msa,KY,,,,,,,,,,,,,,,,,,,,,,,,,,,,,,,,,,,,,,,,,,,,,,,,,,,,,,,,,,,,,83,69,51,44,45,46,52,63,66,67,59,70,69,68,52,47
395190,400,"Victoria, TX",msa,TX,66,61,55,53,54,62,69,77,82,78,77,76,75,67,66,65,66,63,68,77,84,98,100,93,74,72,77,80,69,61,56,56,54,53,59,75,81,79,59,46,39,39,39,37,39,45,51,50,49,46,44,38,35,34,35,39,42,48,65,71,79,75,74,68,72,73,74,62,68,78,86,94,90,84,76,78
395038,401,"Rome, GA",msa,GA,61,54,53,50,52,55,61,63,68,72,68,60,62,60,57,49,58,66,71,71,67,65,63,67,73,72,71,71,71,68,62,59,55,57,55,55,43,37,33,27,32,28,32,26,30,34,37,33,28,22,26,26,30,33,34,36,35,41,46,50,46,44,41,40,38,34,35,33,37,43,50,55,54,49,48,45
395086,402,"Sevierville, TN",msa,TN,64,66,63,63,64,66,68,68,74,79,80,76,71,68,69,66,65,60,61,59,60,58,58,57,54,50,52,58,62,64,62,58,48,40,40,37,32,24,22,22,24,23,26,26,26,26,27,26,22,16,16,19,25,33,42,51,56,63,65,69,64,61,55,51,55,55,58,59,67,78,83,80,72,65,68,69
394882,403,"Moses Lake, WA",msa,WA,,,,,,,,,,,,,,,,,,,,,,,63,60,58,65,54,49,44,36,36,31,37,33,30,29,28,28,22,19,16,16,19,23,25,29,38,39,35,23,18,18,21,24,31,38,45,51,61,75,72,60,43,36,37,40,43,43,44,50,61,67,64,55,50,41
394340,404,"Ashtabula, OH",msa,OH,85,87,80,75,70,71,83,86,86,85,94,112,108,106,90,88,91,93,100,99,103,94,91,96,101,115,106,95,71,65,67,64,58,53,63,66,60,43,32,30,28,28,22,25,25,31,32,42,40,35,23,18,19,23,27,33,46,51,55,52,51,45,31,28,25,26,27,28,30,33,38,43,45,42,38,36
394441,405,"Cape Girardeau, MO",msa,MO,73,74,69,67,63,65,67,70,70,78,81,100,99,102,81,74,68,68,68,72,75,82,89,100,89,75,70,73,71,62,62,67,61,65,62,57,43,31,32,33,33,28,26,30,34,35,37,39,36,36,29,26,23,26,31,29,35,41,52,52,47,38,39,38,41,37,37,37,37,40,51,58,64,56,47,43
394311,406,"Albertville, AL",msa,AL,,,,,,,,,,,,,,,,,,,,,,104,113,113,109,110,94,90,87,76,60,64,52,51,45,53,59,48,34,29,25,29,30,34,37,36,42,35,34,27,26,24,24,29,31,33,35,43,48,49,46,45,48,46,44,39,41,42,45,48,59,65,69,66,59,52
394580,407,"Fairbanks, AK",msa,AK,,,,,,,,,,,,,,,,,,,,,,,,,,,,,,,,,,,,,,,,,,,,,,,,,,,,,,,,,,,,,,,,,,,,,,,,81,70,59,41,32
394410,408,"Brainerd, MN",msa,MN,83,80,72,66,56,66,81,89,91,93,97,100,99,95,84,72,73,73,77,87,95,106,111,116,115,98,85,74,76,74,64,60,55,63,70,69,62,45,36,26,21,22,25,32,41,49,50,47,44,34,27,21,23,28,35,40,42,49,53,58,55,51,42,34,33,35,38,43,51,57,68,68,63,48,40,38
394513,409,"Cumberland, MD",msa,MD,88,97,94,85,82,80,95,102,119,126,125,119,128,124,123,97,105,104,110,96,105,103,116,106,114,109,107,91,89,83,88,80,73,67,67,65,57,48,45,41,35,30,30,32,34,40,46,50,48,45,38,36,35,37,37,38,44,50,60,63,62,56,51,50,46,44,43,41,42,57,64,65,55,58,50,42
394928,410,"Ocean City, NJ",msa,NJ,83,86,96,96,94,92,91,92,95,114,124,119,101,102,100,105,103,115,123,119,119,109,109,104,108,112,115,118,112,101,79,65,73,76,77,68,68,60,47,37,40,38,37,38,40,47,52,57,55,47,37,33,34,39,43,48,52,59,68,74,72,61,59,55,55,48,45,44,48,54,60,65,65,64,60,61
394505,411,"Corvallis, OR",msa,OR,,,,,,,,,,,,,,,,,,,,,,,,,,,,,,,,,,,56,58,39,30,23,18,15,15,18,19,21,22,21,23,22,17,14,14,20,21,25,26,28,33,34,36,32,29,24,24,22,25,26,30,42,51,55,49,47,41,33,23
394988,412,"Pocatello, ID",msa,ID,,,,,,,,,,,,,,,,,,,,,,,,,,,,,,,,,,,22,27,26,24,19,18,16,17,18,24,28,30,31,28,22,13,13,16,21,29,33,42,47,60,63,69,61,61,49,47,42,40,37,36,46,57,67,67,56,53,44,44
394501,413,"Corning, NY",msa,NY,78,88,93,89,86,76,79,81,83,85,97,110,120,116,108,97,88,86,81,90,85,113,107,123,99,108,107,109,97,96,92,96,78,75,73,74,76,65,55,39,31,31,36,35,41,39,49,50,57,53,44,34,28,31,36,39,40,53,63,72,64,57,52,46,42,36,33,29,33,42,55,54,57,45,43,33
394911,414,"New Philadelphia, OH",msa,OH,71,72,66,71,68,73,64,61,64,69,79,74,74,62,67,64,67,59,61,63,66,73,77,86,86,85,73,66,56,56,51,48,46,48,58,52,40,27,20,18,15,18,21,24,27,26,31,29,27,21,19,19,17,18,21,25,28,34,40,37,32,25,25,30,28,25,24,29,37,40,46,40,33,24,24,21
395140,415,"Sunbury, PA",msa,PA,,,,,,,,,,,,,,,,,,,,,,,,,,,,,,,,,,,,,,,,51,48,45,49,40,35,37,47,56,47,41,24,23,21,27,32,34,35,40,48,60,56,50,39,36,33,28,30,35,37,35,34,45,50,44,37,35
395175,416,"Ukiah, CA",msa,CA,63,65,59,63,64,63,64,70,80,83,91,102,114,107,100,87,93,97,100,93,97,99,113,112,113,114,96,91,76,76,73,67,67,75,67,74,55,58,42,45,45,44,38,32,34,37,43,47,47,40,34,38,45,53,58,60,68,75,92,91,84,68,64,56,55,65,80,85,86,89,91,84,74,63,58,55
753887,417,"Hermiston, OR",msa,OR,59,56,54,63,56,59,58,67,75,71,71,71,68,60,51,53,53,61,61,69,70,71,81,77,73,54,52,56,63,55,55,58,61,55,47,41,31,26,27,30,29,30,36,39,38,43,43,48,40,37,35,34,36,38,41,47,51,50,57,61,75,74,66,65,56,55,48,56,72,72,93,98,110,96,79,62
394469,418,"Clarksburg, WV",msa,WV,,,,,,,,,,,,,,,,,,,,,,,,,,,,,,,,,,,,,,,,,,,,,,,,,,,,,,,,,,,59,56,64,56,54,48,55,49,44,35,39,52,53,57,50,49,47,42
394964,419,"Parkersburg, WV",msa,WV,77,83,79,84,78,89,94,106,105,103,109,112,114,104,97,92,85,81,81,91,97,98,101,101,99,97,92,101,94,91,85,80,83,72,73,66,64,49,40,32,30,33,33,39,41,44,44,41,36,32,27,24,22,23,26,32,41,45,48,45,48,44,41,32,31,29,30,29,34,41,55,57,60,56,60,50
394373,420,"Beaver Dam, WI",msa,WI,,,,,,,,,,,,,,,,,,,,,,,,,,,,,,,,,,,,,,,,,,,,,,,,,,,,,,,,,,,,,,,,,,,,,,,,,43,37,33,36
394980,421,"Pine Bluff, AR",msa,AR,,,,,,,,,,,,,,,,,,,,,,,,,,,,,,,,,,,,,,,,,,,,,,,,,,,,,,,,,,,,,,,,,,,,,,,81,75,81,80,84,95
394641,422,"Grants Pass, OR",msa,OR,,,,,,,,,,,88,117,121,112,82,66,58,68,74,86,81,84,79,73,54,51,55,64,64,62,56,46,35,28,29,29,25,23,20,23,21,23,24,27,32,41,46,49,43,35,28,29,32,36,43,51,57,65,71,76,74,76,64,62,52,58,57,67,72,75,72,69,66,54,58,63
394511,424,"Cullman, AL",msa,AL,,,,,,,,,,,,,,,,,,,,,,120,111,116,100,111,102,103,89,85,94,92,133,124,124,73,63,51,43,42,38,44,40,40,38,45,49,49,43,39,40,39,43,43,50,53,54,67,75,84,75,64,59,51,53,49,49,52,61,70,86,81,77,60,54,53
394809,425,"Lufkin, TX",msa,TX,81,85,79,75,70,64,70,68,96,89,111,105,113,94,105,101,99,81,70,66,75,83,96,93,86,76,69,81,81,77,71,78,76,66,61,59,67,58,54,35,24,20,25,32,40,42,41,39,35,36,32,33,34,37,44,44,48,48,56,59,67,66,66,62,62,67,65,62,61,61,69,71,85,87,89,75
395248,426,"Zanesville, OH",msa,OH,71,72,63,68,58,61,59,72,80,90,90,89,94,97,92,80,71,73,75,75,88,90,95,88,75,74,66,73,66,66,52,49,45,54,56,53,51,38,30,16,15,15,21,23,25,27,29,29,26,25,25,22,20,20,24,29,31,33,35,37,37,35,31,30,25,27,24,27,31,36,39,42,41,41,33,29
394907,427,"New Castle, PA",msa,PA,85,89,98,97,92,90,86,94,102,107,116,121,128,124,109,106,111,116,106,90,82,96,104,125,107,125,117,122,90,76,70,90,91,91,75,83,89,76,51,29,24,25,27,30,34,37,48,50,45,30,26,21,25,25,28,28,40,54,62,61,56,53,46,37,31,32,35,40,42,44,53,55,53,45,42,39
394925,428,"Oak Harbor, WA",msa,WA,43,37,32,29,29,29,31,38,47,59,62,59,52,46,41,36,33,38,42,48,50,53,59,59,51,39,33,35,38,34,28,23,23,21,18,19,17,16,11,10,11,13,14,15,17,17,21,18,16,10,9,11,16,20,25,25,32,41,51,53,47,39,31,26,26,26,28,34,41,50,51,48,37,28,28,30
394942,429,"Orangeburg, SC",msa,SC,,,,,,,,,,,,,,,,,,,,,,,,,,,,,,,,,,,,,,,,,,,,,,,,,,,,,,,,,,45,55,85,84,87,55,55,48,54,59,57,60,55,70,67,75,70,70,71
395212,430,"Watertown, WI",msa,WI,,,,,,,,,,,,,,,,,,,,,,,,,,,,,,,,,,,,,,,,,,,,,,,,,,,,,,,,,,,,,,,,,,,,,,,,,54,42,38,44
394847,431,"Meadville, PA",msa,PA,,,,,,,,,,,,,,,,,,,,,,,,,,,,,,,,,,,,,,,,,,,,,,,,,,,,,,,,,,,55,60,67,52,43,30,38,29,37,35,41,40,45,47,54,52,49,41
394568,432,"Elmira, NY",msa,NY,,,,,,,,,,,,,,,,,,,,,,,88,100,95,115,129,132,100,70,64,57,61,53,66,66,63,47,38,39,39,38,42,42,49,43,46,46,41,36,29,27,26,27,31,32,33,50,60,71,52,42,29,32,29,26,28,29,32,39,51,57,52,45,38,34
394776,434,"Laurel, MS",msa,MS,,,,,,,,,,,,,,,,,,,,,,,,,,,,,,,,,,,,,,,,,,,,,,,,,,,,,,,,,,,,,,,,,,,,,,,61,78,90,95,79,71
395042,435,"Russellville, AR",msa,AR,,,,,,,,,,,,82,70,60,58,55,57,56,65,66,67,74,80,86,74,70,62,69,69,67,61,54,50,46,45,47,45,43,38,34,30,30,31,33,39,41,48,46,45,35,32,30,33,35,45,48,50,49,53,60,65,67,64,57,55,56,61,59,52,53,57,62,58,53,51,56
394704,436,"Indiana, PA",msa,PA,,,,,,,,,,,,,,,,,,,,,,,,,,,136,125,138,111,103,124,113,137,128,145,124,107,87,73,56,46,41,38,46,55,68,90,81,71,40,37,29,30,32,41,48,57,62,67,56,48,39,39,35,37,37,35,32,42,53,68,60,55,43,37
394859,437,"Midland, MI",msa,MI,62,56,50,47,45,42,40,46,53,63,74,80,80,66,53,40,35,38,39,47,53,67,74,73,64,56,51,43,31,26,28,25,24,21,29,38,38,31,17,14,13,17,22,23,24,25,30,30,24,18,14,13,13,13,16,21,27,30,30,28,26,24,19,18,14,18,17,21,22,25,32,37,33,24,17,16
394755,438,"Kokomo, IN",msa,IN,,,,,,,,,,,,,,,,,,,,,,,,,,,,,,,,,,,36,36,29,16,12,9,10,13,17,19,20,22,23,25,24,21,17,18,16,19,21,27,27,32,34,37,31,25,20,17,19,18,21,23,26,31,38,43,40,31,25,20
394395,439,"Bloomsburg, PA",msa,PA,,,,,,,,,,,,,,,,,,,,,,,,,,,,,,,,,,,,,,,,,,40,41,42,38,41,48,44,38,24,31,26,31,25,29,34,40,42,41,35,33,30,30,26,24,24,28,28,30,39,50,49,41,31,29,28
394744,442,"Key West, FL",msa,FL,,,,,,130,134,136,146,142,137,140,157,172,166,186,173,169,166,171,188,181,183,174,161,175,210,258,251,228,187,180,187,190,186,147,118,102,82,72,58,55,51,51,51,52,53,58,55,49,43,40,43,46,52,57,64,73,84,84,86,84,83,87,88,98,93,84,81,85,93,95,94,101,102,108
395145,443,"Talladega, AL",msa,AL,,,,,,,,,,,123,125,101,96,100,93,87,75,68,72,75,95,104,106,101,103,98,96,81,81,77,73,60,63,74,79,75,58,55,43,46,38,38,39,47,46,47,48,49,40,31,25,23,34,42,46,46,49,74,79,84,72,65,59,50,48,56,62,65,62,63,71,70,62,56,55
395133,444,"Stillwater, OK",msa,OK,56,49,43,50,57,66,75,81,81,90,93,100,90,89,78,77,70,76,78,83,89,99,113,112,91,79,78,81,78,67,67,72,77,76,68,60,57,48,41,33,25,26,30,39,42,42,43,45,43,33,23,19,19,22,30,34,39,39,46,46,51,46,41,36,37,41,38,43,45,60,64,72,70,60,50,42
394489,445,"Columbus, IN",msa,IN,57,54,47,40,37,41,41,43,48,59,64,60,54,50,43,40,38,41,40,34,42,53,61,56,48,48,44,41,34,34,29,28,28,37,38,41,27,22,10,10,12,14,16,18,20,22,24,22,18,14,12,12,12,15,16,21,24,30,42,46,47,31,26,18,20,23,26,25,23,27,35,36,31,29,26,24
394345,446,"Athens, TX",msa,TX,75,71,69,67,71,74,76,84,88,96,104,107,108,91,88,79,85,87,87,85,91,96,94,84,80,85,96,104,96,74,57,54,59,65,75,72,70,62,60,47,39,34,38,45,53,55,53,56,54,48,38,35,37,39,47,52,57,62,76,83,83,69,62,64,70,72,66,71,78,96,102,110,96,92,80,88
394452,447,"Centralia, WA",msa,WA,59,54,47,39,34,33,34,39,50,60,67,66,60,52,47,50,50,44,43,42,45,47,57,56,53,43,39,37,31,32,26,27,26,29,32,31,29,23,17,13,15,18,21,24,25,31,29,30,22,21,18,16,18,23,31,41,50,59,64,65,63,56,50,46,45,46,46,42,46,46,61,64,69,57,52,44
394822,448,"Manitowoc, WI",msa,WI,,,,,,,,,,,,,,,,,,,,,,,,,,,,,,,,,,,,,,,,,,,,,,,,,,,,,,,,,,,,,,,,,,,,,,,,,,,,51
394682,449,"Hinesville, GA",msa,GA,61,63,67,68,63,67,66,71,70,67,68,64,72,68,70,70,69,71,61,60,64,76,92,90,85,73,69,62,63,56,54,43,37,43,40,42,35,35,26,18,13,17,16,17,16,18,17,18,16,14,11,12,15,18,23,26,28,29,31,33,31,30,30,27,24,23,22,25,30,39,44,43,42,43,41,32
394541,450,"DuBois, PA",msa,PA,,,,,,,,,,,,,132,124,112,107,99,94,85,79,78,86,100,131,128,130,104,114,97,87,65,63,60,62,68,64,83,80,77,55,43,40,29,30,35,38,50,55,59,54,46,43,32,31,33,37,42,44,48,53,58,60,52,51,44,41,34,37,49,53,61,59,54,49,45,46
395205,451,"Warsaw, IN",msa,IN,,,,,,,,,,,,,,,,,,,,,,,,,,,,,,,71,56,41,35,48,45,39,23,20,16,14,15,19,20,21,22,29,31,28,21,17,17,20,23,28,28,32,39,41,43,36,34,31,33,35,34,34,35,38,52,56,55,43,39,40,44
394986,452,"Plattsburgh, NY",msa,NY,72,74,70,68,60,65,73,82,87,86,95,99,100,94,74,62,50,52,50,64,68,79,76,89,96,112,102,83,63,55,57,47,48,48,59,68,69,57,44,38,41,39,39,38,42,49,68,71,68,47,42,33,32,34,42,49,58,60,64,67,75,70,61,60,65,71,68,66,61,59,75,83,90,63,60,41
395126,453,"Statesboro, GA",msa,GA,58,56,65,74,84,85,91,85,86,94,99,99,87,81,78,78,81,82,82,87,91,88,98,92,88,79,86,78,65,57,53,59,48,43,63,69,70,38,30,30,28,25,23,32,40,47,45,49,42,34,24,21,23,25,28,32,36,41,45,44,44,41,36,38,40,47,41,38,36,44,45,42,35,36,34,34
395231,455,"Wilson, NC",msa,NC,64,59,53,57,61,65,60,66,66,72,72,72,67,59,54,55,58,59,63,53,65,58,70,55,50,48,46,47,42,42,37,31,29,25,23,19,19,18,15,12,14,16,18,16,18,20,27,28,25,21,15,15,14,18,22,23,23,23,29,27,28,24,27,25,26,24,23,25,27,36,43,52,53,50,44,38
753881,456,"Glenwood Springs, CO",msa,CO,63,61,61,59,68,75,92,96,103,101,106,112,118,107,94,75,79,81,102,101,106,111,133,145,132,95,73,74,92,107,100,93,90,94,94,87,81,78,63,46,37,36,41,41,40,40,39,37,30,25,21,20,23,27,35,49,59,61,58,57,64,56,46,38,49,59,68,70,76,75,71,73,75,70,58,46
395085,457,"Seneca, SC",msa,SC,87,97,81,75,57,66,71,85,78,94,102,124,116,112,98,89,80,76,82,83,88,92,95,94,95,84,75,61,78,78,76,57,49,44,38,43,45,49,41,33,28,31,37,42,40,40,44,44,41,36,36,35,33,36,35,38,38,44,52,61,63,57,46,46,42,42,42,45,49,51,55,61,59,54,49,48
394866,458,"Minot, ND",msa,ND,89,88,80,65,65,72,73,72,79,94,104,112,123,121,105,87,83,93,99,101,107,110,126,110,114,97,90,75,71,91,104,118,108,95,83,77,72,52,36,29,28,35,36,41,39,41,43,45,40,33,30,27,27,30,36,42,46,50,60,66,71,67,58,44,35,31,36,37,38,46,53,59,52,49,40,35
394936,459,"Olean, NY",msa,NY,97,99,93,95,96,96,95,110,133,144,151,159,166,162,147,131,116,101,92,103,111,129,129,141,152,130,121,116,120,125,117,120,111,118,128,122,94,72,61,54,39,41,41,46,39,41,53,60,60,50,38,34,28,31,33,37,41,49,57,67,65,51,38,30,33,34,37,46,49,54,58,62,70,63,53,42
394465,460,"Chillicothe, OH",msa,OH,,,,,,,,,,,,,,,,,,,,,,,,,,,63,44,38,32,26,26,25,28,32,35,41,37,32,22,16,14,15,18,20,29,30,38,28,22,11,12,14,16,18,26,29,33,29,30,30,30,21,22,21,38,36,37,27,30,40,45,43,48,41,41
395077,461,"Searcy, AR",msa,AR,,,,,,,,,,,,,,,,,,,,,,,,,,,,,,,,,,,,,,,,25,30,33,29,28,31,35,43,40,40,31,28,24,22,26,31,40,47,51,55,53,55,44,43,33,36,31,37,41,40,43,41,47,45,48,41,42
394638,462,"Grand Island, NE",msa,NE,,,,,,,,,,,,,,,,,,,,,,,,,,,,,,,,,,,,,,,,,,,,,,,,,,,,,,,,,,,,,,,,,,,,,,,,,,67,53,31
394994,463,"Port Angeles, WA",msa,WA,50,45,37,29,28,33,37,41,44,57,68,83,83,75,65,49,46,39,44,43,52,61,77,79,67,48,38,45,48,48,42,40,45,41,36,27,22,18,12,13,15,16,18,21,25,24,23,20,21,20,19,19,20,25,29,34,41,50,57,59,56,46,38,36,39,41,41,45,52,57,59,54,50,41,38,31
394350,464,"Auburn, NY",msa,NY,,,,,,,,,,,,102,104,115,99,84,73,72,83,107,113,114,89,98,103,115,113,108,103,77,61,52,60,72,76,79,62,46,28,30,27,28,29,34,40,36,39,44,45,38,28,23,25,31,35,35,36,62,75,78,55,39,29,21,21,24,29,30,44,50,65,58,59,46,37,27
394699,465,"Huntsville, TX",msa,TX,65,63,70,75,72,69,79,93,95,107,112,120,96,93,79,86,79,93,96,98,95,92,95,101,101,90,85,91,104,102,103,100,104,108,111,101,85,64,54,38,34,31,33,37,43,55,61,56,50,41,42,35,36,42,51,55,56,67,82,91,80,83,82,101,100,101,103,125,133,110,103,116,147,132,125,106
394738,466,"Keene, NH",msa,NH,,,,,,,,,,,,,,,,,,,,,,,,,,,,,,74,75,64,42,30,28,28,34,28,25,19,19,21,25,29,33,29,29,24,25,18,15,13,15,19,20,23,28,34,33,31,26,26,24,20,17,15,16,19,25,27,35,32,32,22,19,18
394674,467,"Heber, UT",msa,UT,64,65,64,61,60,71,81,98,92,97,98,113,118,116,105,89,85,88,100,100,109,97,100,97,106,101,99,85,80,75,81,77,75,69,71,60,54,44,38,33,31,33,37,40,42,47,47,43,36,30,27,26,30,45,57,69,66,69,77,87,94,80,69,54,55,60,68,71,74,83,94,95,93,89,82,74
395010,468,"Quincy, IL",msa,IL,,,,,,,,,,,,,,,,,,,,,,,,,,,,,,,,,,,,,,,,,,,45,50,31,31,45,45,41,24,18,16,14,18,18,24,26,33,34,35,35,34,34,29,27,28,32,34,36,35,41,45,45,39,33,28
395062,469,"Sandusky, OH",msa,OH,72,65,55,53,55,64,72,74,74,85,88,88,85,84,86,79,84,74,70,70,68,78,83,88,82,74,79,76,70,59,49,44,42,39,45,50,55,50,44,34,29,23,22,19,20,26,32,33,31,29,27,24,20,21,22,24,25,27,33,36,32,29,30,34,29,31,30,29,27,25,29,29,29,28,25,29
394593,470,"Findlay, OH",msa,OH,53,44,41,40,41,41,45,56,68,75,72,72,61,50,41,41,43,46,44,40,43,52,59,58,47,40,32,34,34,31,29,25,27,31,37,38,36,30,26,19,18,19,21,25,28,33,38,38,33,24,20,17,18,20,24,27,28,35,40,42,34,27,27,26,27,26,33,36,37,39,44,42,42,32,27,19
394614,471,"Frankfort, KY",msa,KY,62,54,46,37,38,43,48,48,58,60,64,63,70,72,66,53,48,43,46,47,49,52,63,67,68,56,50,46,47,42,41,33,35,36,37,40,37,32,21,15,12,14,18,21,24,23,29,30,32,24,18,15,17,18,20,21,24,31,37,48,48,46,41,34,31,22,22,21,25,30,38,40,34,28,27,27
394516,472,"Danville, IL",msa,IL,,,,,,,,,,,,,,,,,,,,,104,114,123,132,125,96,95,98,103,87,71,61,73,81,102,97,93,74,62,44,33,26,29,32,41,52,51,50,44,42,33,28,27,26,24,31,36,42,45,47,44,41,39,34,27,23,24,27,30,34,40,50,51,47,36,31
394298,473,"Aberdeen, WA",msa,WA,63,57,48,46,48,52,50,60,64,75,80,82,74,57,44,43,45,48,50,55,62,57,60,61,63,59,49,47,45,44,41,38,36,30,28,30,29,25,16,15,14,17,21,25,30,30,33,29,26,22,22,21,23,27,33,39,50,60,67,69,67,62,47,41,44,53,59,59,57,67,73,76,71,60,54,45
394999,474,"Portsmouth, OH",msa,OH,,,,,,,,,,,,,,,,,,,,,,,,,,,,,,,,,,,,,,,,,,,,,,,,,,,,,,,,,,,,,,,,,,,,,,,55,61,56,58,48,53
395106,475,"Somerset, PA",msa,PA,,,,,,,,,,,,,,,,,,,,,,,,,,,182,172,130,114,116,97,98,80,78,65,63,53,49,39,39,42,40,39,38,45,55,59,60,53,48,37,34,35,40,38,36,38,50,59,62,53,41,46,41,44,34,33,35,46,57,58,51,43,44,38
753893,477,"Jefferson, GA",msa,GA,46,46,46,41,36,34,39,46,54,55,58,61,58,55,48,50,52,52,55,54,57,58,65,70,73,61,49,42,40,39,38,35,37,38,40,34,25,21,19,19,16,16,22,26,29,30,32,31,27,27,25,23,19,27,33,41,46,57,64,66,65,58,49,40,35,36,39,45,49,51,53,55,55,51,50,46
394736,478,"Kapaa, HI",msa,HI,65,66,65,63,69,73,77,82,78,80,90,97,95,85,88,90,88,89,92,89,99,96,99,91,108,108,94,77,78,92,104,103,104,86,92,88,96,87,88,80,77,64,67,57,59,45,55,45,41,35,41,42,35,29,34,37,46,47,63,72,79,65,56,45,46,47,49,60,62,79,77,74,74,71,72,61
394955,479,"Palatka, FL",msa,FL,78,76,91,87,90,84,85,91,99,115,118,110,99,97,100,104,105,109,110,101,85,91,105,112,105,100,106,101,103,89,86,66,63,60,61,65,61,60,50,39,33,30,32,36,41,44,48,48,45,36,29,26,31,35,42,42,49,53,69,70,73,68,71,69,66,68,69,66,58,56,62,62,60,66,73,74
394683,481,"Hobbs, NM",msa,NM,,,,,,,,,,,,,,,,,,,,,,,,,,,,,,,,,,,,,,,,,,,,,,,,,,,,,,,,,,,,,,,,,,,,,,,,,36,46,46,38
395088,482,"Shawnee, OK",msa,OK,,73,63,70,67,64,78,86,100,102,90,94,86,89,82,75,70,60,65,67,64,60,61,61,58,55,54,56,52,55,49,46,43,38,36,33,33,30,23,21,18,19,22,26,31,38,43,48,44,37,27,23,25,26,28,29,29,36,43,50,48,46,43,45,43,39,34,35,37,46,52,60,65,65,65,60
786258,483,"Fort Payne, AL",msa,AL,,,,,,,,,,,,,,,,,,,,,,,,,,,,,,,,,,,,,13,17,16,20,20,22,21,28,28,37,42,46,43,31,33,27,30,27,34,43,51,57,58,64,63,65,54,45,38,40,44,52,61,66,67,61,73,65,71,56
394884,484,"Mount Airy, NC",msa,NC,83,85,88,82,76,65,70,69,71,71,75,87,77,74,66,60,55,43,53,66,75,76,76,78,76,70,66,59,62,58,61,53,51,50,60,54,44,27,22,20,21,22,25,24,31,35,39,34,27,21,20,19,19,19,22,26,27,29,36,43,44,45,38,40,28,33,31,36,36,41,48,52,49,49,44,45
394647,486,"Greeneville, TN",msa,TN,62,66,63,61,59,61,63,76,82,104,95,111,91,86,80,83,84,68,58,63,74,85,105,103,105,80,82,73,71,56,51,44,44,40,45,47,44,33,28,24,26,25,31,30,36,40,44,39,29,26,22,22,17,22,23,29,36,43,46,50,48,49,40,35,36,39,49,42,38,30,39,46,50,48,42,39
394655,488,"Greenwood, SC",msa,SC,53,49,48,48,46,54,63,77,77,85,83,82,77,67,70,62,58,48,49,64,77,83,95,87,79,58,63,72,86,76,70,64,70,73,68,60,56,47,49,36,31,31,32,32,26,27,30,36,37,38,32,29,29,28,31,36,45,61,71,73,62,52,49,50,60,55,58,48,50,58,66,69,61,62,64,54
394764,489,"Lake City, FL",msa,FL,,,,,,,,,,,,,,,,,,,,,,,,,,,,,,,,,,,,,,,,,,,,,,,,,,,,,,,,,,,,,,,,,,,,,,,96,108,97,83,78,76
394752,490,"Klamath Falls, OR",msa,OR,,,,,,,,,,,,,,,,,,,,,,,,,,102,78,76,64,65,57,56,48,45,45,49,47,38,28,22,23,28,30,38,38,44,45,40,33,24,24,25,31,37,40,38,41,47,62,63,67,65,67,64,56,56,58,65,68,73,82,82,84,69,71,62
394877,491,"Morehead City, NC",msa,NC,80,79,78,78,86,96,107,112,114,113,114,126,122,103,88,86,86,81,77,82,83,88,93,103,106,105,101,101,100,98,96,88,75,69,70,73,62,57,47,44,36,36,34,37,39,41,47,46,40,30,25,27,29,31,37,39,40,48,54,55,50,45,44,41,39,38,34,33,35,36,41,45,47,47,49,55
394472,492,"Clearlake, CA",msa,CA,63,65,62,64,56,54,56,67,78,89,98,103,105,102,89,86,85,91,79,78,86,105,112,108,97,95,91,88,81,85,78,65,52,51,52,46,38,34,29,27,26,31,34,39,44,54,63,59,55,43,42,37,43,45,60,62,69,72,89,91,91,74,66,54,53,60,63,75,79,88,87,93,96,95,90,76
394305,493,"Alamogordo, NM",msa,NM,90,106,118,124,106,91,81,88,98,104,111,117,122,119,115,102,103,103,102,99,93,99,112,120,126,106,103,96,104,98,81,63,54,61,62,54,46,36,36,28,32,29,34,35,37,40,49,57,52,37,29,25,32,38,45,49,45,48,47,49,49,46,37,37,35,41,38,40,42,45,52,53,56,52,51,46
395027,494,"Roanoke Rapids, NC",msa,NC,,,,,,,,,,,,,,,,,,,,,,,,,,,,,,,,,,,,,,,,,,,,,,,,,,,,,,,,,,,,,,,,,,,,,,,64,56,56,60,57,56
394587,495,"Farmington, MO",msa,MO,75,72,69,60,59,62,64,72,69,74,75,75,80,78,75,67,60,67,69,75,74,73,74,76,76,71,64,69,61,54,43,40,40,36,41,40,38,34,29,26,21,22,26,29,33,37,41,40,34,29,26,25,23,26,28,34,34,47,58,66,63,56,48,42,36,41,44,48,49,54,58,57,51,44,41,47
394897,496,"Muskogee, OK",msa,OK,71,79,74,68,66,75,77,74,68,76,88,102,110,96,80,63,67,69,71,67,71,71,80,69,70,58,64,55,52,50,46,42,35,39,42,49,48,42,31,25,23,19,19,21,27,30,34,38,35,34,26,28,27,28,30,37,38,46,50,58,54,50,52,48,58,57,59,54,55,62,64,60,62,55,56,47
394826,497,"Marion, IN",msa,IN,,,,,,,,,,,,,,,,,,,,,,,,,,,,,,,,,,,,,,,,,,,,,,,,,,,,,,,,,,,,,,,,,,,,,,,,49,47,40,32,31
394586,498,"Faribault, MN",msa,MN,,,,45,29,32,37,49,57,66,73,77,74,73,61,52,44,48,50,50,54,62,67,65,60,53,45,46,50,49,40,36,38,43,42,40,34,24,18,16,17,18,19,21,24,29,36,36,36,28,24,21,22,25,26,30,33,43,53,55,46,33,29,30,28,25,27,28,33,40,55,64,60,47,34,27
394829,500,"Marquette, MI",msa,MI,,,,,,,,,,,,,,,,,,,,,,,,,,,,,,,,,,,,,,,,,,,,,,,,,,,,,,,,,,,,,,,,,,,,,,,,,,48,35,33
394922,501,"North Wilkesboro, NC",msa,NC,63,65,68,65,61,62,58,57,68,79,87,88,83,84,77,74,73,89,89,86,71,96,101,108,90,77,72,69,78,73,64,56,52,80,84,98,65,53,30,25,21,24,29,34,40,66,66,58,28,20,18,18,25,29,37,43,44,53,52,63,56,51,40,42,34,37,38,44,44,59,80,82,74,57,66,47
394885,502,"Mount Pleasant, MI",msa,MI,,,,,,,,,,,,,,,,,,,,,,,,,,,,74,79,83,100,95,78,67,60,65,62,51,39,30,27,26,28,32,37,48,54,55,47,39,30,27,27,32,44,51,57,59,62,64,70,66,58,44,46,63,74,69,53,54,65,62,45,38,42,50
394827,504,"Marion, OH",msa,OH,,,,,,,,,,,,,,,,,,,,,,,,,,,,,,,,,,,31,36,35,32,25,21,14,12,13,15,16,18,21,26,25,19,13,11,17,19,22,21,25,28,37,43,42,29,21,14,13,10,14,16,20,23,29,32,32,29,22,18
395016,506,"Red Bluff, CA",msa,CA,,,,,,,,,,,,,,,,,,,,,,,,,,,,,,,,,,,,,,,,,,,,,,,,,,,,,,,,,,,,,,,,,,,,,,75,80,75,87,82,77,64
394825,507,"Marinette, WI",msa,WI,,,,,,,,,,,,,,,,,,,,,,,,,,,,,,,,,,,,,,,,,,,,,,,,,,,,,,,,,,,,,,,,,,,,,,,,,84,80,71,42
845163,508,"Jasper, AL",msa,AL,,,,,,,,,,,,,,,,,,,,,,,,,,,,,,,,,,,,,,,,,,,,,,,,,,,,,,,,,,,,,,,,,,,,,,,62,62,57,45,38,37
395040,509,"Roswell, NM",msa,NM,,,,,,,,,,,,,,,,,,,,,,,,,,,,,,,,,,,,,,,,,,,,,,,,,,,,,,,,,,,,,,,,,,,,,,,,,75,73,59,56
395092,510,"Shelton, WA",msa,WA,54,44,37,29,26,27,34,40,47,49,59,67,66,52,39,35,35,35,36,38,42,45,50,47,36,27,27,31,33,30,33,32,37,29,24,17,16,14,12,10,11,12,14,17,19,19,20,23,23,17,15,16,19,24,31,37,41,49,57,62,56,44,32,28,33,37,41,43,46,51,56,59,60,54,44,33
394540,511,"Dublin, GA",msa,GA,,,,,,,,,,,,,,,,,,,,,,,,,,,,,,,,,,,,,,,,,,,,,,,,,,,,,,,,,,,,,,,,,,,,,,,,68,68,48,46,47
394899,512,"Nacogdoches, TX",msa,TX,,,,,,,,,,,,,,,,,,,,,,,,,,,,,,,,,,,,,,,,,,,,,,,,,,,,,,,,,,,,,,,,,,,,,,,46,53,65,68,62,51
395105,513,"Somerset, KY",msa,KY,,,,,69,69,78,91,104,102,102,99,100,105,112,110,108,97,110,109,114,112,144,144,128,94,97,110,105,98,86,77,68,68,71,72,58,48,35,35,32,35,30,35,45,51,61,65,62,54,40,36,33,37,48,53,59,61,66,65,68,70,67,59,53,53,56,63,65,65,61,70,72,65,56,58
394496,514,"Coos Bay, OR",msa,OR,60,64,61,59,53,56,58,65,67,71,82,85,81,70,60,57,44,50,55,67,78,73,76,65,67,50,58,67,82,74,64,59,50,44,46,53,56,48,36,32,25,27,27,29,32,34,35,31,25,24,19,19,22,31,37,40,45,50,60,54,48,37,37,43,48,51,50,56,58,67,73,83,74,61,53,60
394600,515,"Forest City, NC",msa,NC,,,,,,,,,,,,,,,,,,,,,,,,,,,,,,,,,,,,,,,,,,,,,,,,,,,,,,,,,,,,,,,,,,,,,,,,,,,,55
394836,516,"Martinsville, VA",msa,VA,,,,,,,,,,,170,158,163,149,154,143,140,125,132,128,139,125,141,146,164,142,126,114,121,114,93,72,70,83,80,76,61,59,44,35,33,38,45,41,39,30,36,38,42,40,36,29,27,29,30,34,50,58,58,40,37,34,39,40,37,33,44,48,52,45,48,49,50,51,46,46
395020,517,"Rexburg, ID",msa,ID,,,,,,,,,,,,,,,,,,,,,,,,,,,,,,,,,,,,,,,,,,,,,,,,,,,,,,,,,,,,,,,,,,,,,,,88,88,89,72,65,55
394787,518,"Lewiston, ID",msa,ID,,,,,,,,,,,,,,,,,,,,,,,,,,,,,,,,,,,,,46,22,25,23,20,22,22,28,30,33,38,40,34,24,19,20,23,27,32,39,49,53,63,61,62,55,50,45,39,40,47,51,54,60,76,80,68,48,48,43
394759,519,"Laconia, NH",msa,NH,,,,,,,,,,,,,,,,,,,,,,,,,,,49,44,47,42,47,37,37,26,29,30,24,16,15,16,16,16,18,22,23,27,26,26,21,15,11,11,16,22,27,29,32,33,42,39,39,30,28,22,20,21,26,28,30,35,43,45,43,36,29,24
394629,520,"Georgetown, SC",msa,SC,73,81,81,86,91,104,102,106,112,117,121,114,117,113,115,116,121,119,126,130,142,149,149,142,145,154,156,145,142,140,141,122,106,98,102,105,99,84,76,55,50,39,47,47,47,41,37,40,38,31,22,21,21,25,27,39,47,54,59,56,59,49,48,42,45,44,48,50,58,58,61,62,60,59,56,64
394343,521,"Athens, OH",msa,OH,,,,,,,,,,,,,,,,,,,,,,,,,,,,,,,,,,,,,,,,,,,,,,,,,,,,,,,,,,,,,,,,,,,,,,,45,41,35,40,38,33
395063,522,"Sanford, NC",msa,NC,66,63,63,53,54,49,54,58,64,65,69,74,67,51,38,40,40,38,38,46,51,51,53,60,59,60,48,56,48,42,29,24,23,22,21,23,19,20,15,14,10,13,17,18,18,18,24,23,20,13,10,9,10,13,18,23,28,34,35,37,32,29,27,25,27,29,27,32,36,45,54,56,52,46,41,40
394570,523,"Enid, OK",msa,OK,,,,,,,,,,,,,,,,,,,,,,,,,,,,,,,,,,,,,,,51,51,51,38,25,34,44,49,50,50,46,41,36,30,29,26,34,39,42,49,56,57,51,42,40,36,31,35,34,43,41,45,46,55,60,58,46,43
394889,524,"Mount Vernon, OH",msa,OH,,,,,,,,,,,,,,,,,,,,,,,,,,,,,,,,,,,,,,,,,,,,,,,,,,,,,,,,,,,,,,,,,,,,,,,,,39,30,25,24
395199,525,"Walla Walla, WA",msa,WA,56,61,55,54,42,39,40,44,53,58,70,63,68,69,69,66,52,56,54,57,60,61,72,77,71,58,45,56,48,48,43,49,46,37,35,35,36,31,23,17,15,16,16,21,28,31,31,29,31,27,22,16,17,24,28,33,36,45,56,58,56,40,30,25,34,42,43,41,41,42,53,63,69,62,52,45
394693,528,"Hudson, NY",msa,NY,85,92,101,98,95,90,98,107,123,132,146,146,168,179,171,136,131,145,158,157,144,147,148,166,169,173,160,156,141,139,125,112,105,102,111,105,101,87,83,77,66,62,64,69,73,80,98,107,103,81,69,64,57,52,55,63,74,84,100,107,96,87,68,65,58,63,70,71,74,87,99,113,111,102,86,79
395124,529,"Starkville, MS",msa,MS,,,,,,,,,,,,,,,,,,,,,,,,,,,,,,,,,,,,,,,,,,,,,,,,,,,,,,,,,,,,,,,,,,,,,,,,,,,,60
394443,530,"Carlsbad, NM",msa,NM,,,,,,,,,,,,,,,,,,,,,,,,,,,,,,,,,,,,,,,,,,,,,,,,,,,,,,,,,,,,,,,,,,,,,,,74,60,58,49,38,29
395136,532,"Sturgis, MI",msa,MI,,,,,,,,,,,,,,,,,,,,,,,,,,,77,95,76,71,55,48,43,41,43,39,37,32,27,23,22,23,26,24,30,31,31,43,48,50,35,25,21,24,28,33,38,47,50,55,53,48,37,29,28,25,24,23,24,28,34,37,39,36,36,32
395044,533,"Rutland, VT",msa,VT,,,,,,,,,,,,,,,,,,,,,,,,,,,,,,,138,120,109,97,84,88,75,62,44,41,37,41,40,48,51,50,52,47,42,28,20,17,21,29,34,50,61,62,53,49,57,49,40,29,31,33,34,33,34,38,38,39,33,39,30,28
394509,534,"Crossville, TN",msa,TN,61,58,62,62,68,63,68,72,85,88,91,94,89,88,82,89,82,84,77,75,72,92,97,98,80,80,74,70,69,81,72,69,53,52,50,47,51,40,39,30,29,25,30,31,37,42,49,47,38,28,23,23,29,33,35,38,41,48,53,57,57,55,50,47,45,48,53,64,66,82,73,73,52,56,58,68
845162,535,"Granbury, TX",msa,TX,,,,,,,,,,,,,,,,,,,,,,,,,,,,,,,,,,,,,,,,,,,,,,,,,,,,,,,,,,,27,23,15,21,27,34,36,40,45,55,62,67,72,75,76,70,68,66
395071,536,"Sayre, PA",msa,PA,,,,,,,,,,,,,,,,,,,,,,,,,,,,,,,,,,,,,,,,,,,,,,,,,,,,,,,,,,,,,,,,,,,,,,51,63,67,55,52,43,44
395049,537,"Salina, KS",msa,KS,,,,,,,,,,,,,,,,,,,,,,,,,,,,,,,,,,,,,,,,,,,47,51,30,31,32,27,21,22,23,22,19,21,25,23,28,36,42,49,43,42,36,33,28,29,26,33,30,33,35,44,46,39,31,24
753903,538,"Marietta, OH",msa,OH,,,,,,,,,,,,,,,,,,,,,,,,,,,,,,,94,83,65,78,95,89,67,43,32,24,26,32,39,37,36,44,53,58,49,41,34,28,27,28,32,34,38,40,48,59,63,58,43,38,46,52,59,54,50,51,52,60,57,57,51,43
394591,539,"Fergus Falls, MN",msa,MN,,,,,,,,,,,,,,,,,,,,,,,,,,,,,,,,,,,,,46,32,25,27,33,33,34,34,42,53,60,56,47,42,35,31,27,31,38,47,51,59,61,67,64,62,55,49,43,40,46,60,72,71,84,86,90,70,59,52
394362,540,"Barre, VT",msa,VT,,,,,,,,,,,,,,,,,,,,,,,,,,,,,,,60,69,73,72,73,68,51,44,35,29,19,21,25,32,38,39,40,37,34,22,19,18,19,18,17,21,27,36,39,41,34,25,17,13,18,19,25,27,42,41,42,31,35,33,33,25
394618,541,"Fremont, OH",msa,OH,63,55,43,42,33,36,46,50,52,54,63,70,71,63,58,53,61,56,52,43,45,54,68,72,70,60,55,51,46,36,27,25,25,25,29,36,36,31,19,15,12,12,15,18,23,24,25,21,17,18,17,17,15,17,20,20,24,29,32,31,26,20,16,16,18,21,20,21,17,22,25,30,25,20,18,18
394939,542,"Oneonta, NY",msa,NY,,,,,,,,,,,,,131,134,165,159,128,93,90,115,124,118,133,153,204,205,228,183,168,121,125,111,124,120,119,100,93,80,58,40,35,41,45,50,56,65,74,78,77,69,59,54,49,48,51,55,60,68,81,89,90,86,81,89,82,91,90,119,122,129,115,127,120,110,89,79
394490,543,"Columbus, MS",msa,MS,,,,,,,,,,,,,,,,,,,,,,,,,,,,,,,,,,,,,,,,,,,,,,,,,,,,,,,,,,,,,,,,,,,,,,,,,,,81,77
394923,544,"Norwalk, OH",msa,OH,,,,,,,,,,,,,,,,,,,,,,,,,,,,,,,,,,,,,,,,,,,,,,,,,,,,,,,,,,,56,57,42,38,34,25,30,25,27,19,23,29,38,41,34,26,17,17
394365,545,"Batavia, NY",msa,NY,,,,,,,,,,,,,,,,,,,,,,,,,,,,,,,,,,,,,,,,,,,,,,,,,,,,,,,,,,,,,35,31,23,18,17,19,21,24,22,33,32,36,24,24,19,19
394336,546,"Ardmore, OK",msa,OK,,,,,,,,,,,,,,,,,,,,,,,,,,,,,,,,,,53,43,51,48,49,37,35,29,29,33,36,39,40,46,47,47,41,41,35,34,33,39,40,49,58,67,65,66,59,56,48,50,59,71,77,66,64,61,65,61,65,63,57
394956,547,"Palestine, TX",msa,TX,,,,,,,,,,,,,,,,,,,,,,,,,,,,,,,,,,,,,,,,,,,,,,,,,,,,,,,,,,,,,,,,,,,,,,,,,,,,93
394605,548,"Fort Madison, IA",msa,IA,,,,,,,,,,,,,,,,,,,,,,,91,115,142,152,144,127,103,92,109,117,111,108,105,108,95,90,73,59,55,59,71,69,63,54,55,77,85,77,57,50,49,52,47,52,62,66,70,65,71,69,73,68,73,72,72,66,60,56,65,67,72,57,53,52
394456,549,"Charleston, IL",msa,IL,,,,,,,,,,,,,146,150,127,103,89,76,75,76,77,86,94,99,126,125,122,90,88,88,95,98,115,114,106,86,81,74,61,51,43,38,30,35,37,44,51,56,48,38,35,33,30,30,31,33,35,44,51,50,45,38,42,46,44,34,29,32,35,36,34,37,31,28,28,27
394592,550,"Fernley, NV",msa,NV,,,,,,,,,,,,,,,,,,,,,,,80,71,60,55,57,55,38,35,43,41,40,34,43,38,33,22,20,15,15,17,18,20,24,28,33,33,30,24,22,27,32,36,41,49,58,65,76,84,88,78,65,48,36,34,35,43,46,58,60,63,59,51,45,38
394444,551,"Carson City, NV",msa,NV,,,,,,,,,,,,,,,,,,,,,,,,,,,,,,,,,,,37,34,28,18,14,14,14,14,17,18,24,27,32,26,21,15,15,18,23,32,40,47,51,56,60,64,61,51,45,37,36,34,40,39,41,43,52,49,42,32,32,37
394432,553,"Calhoun, GA",msa,GA,48,45,41,40,43,51,53,49,42,49,58,68,63,56,46,45,46,46,44,45,48,60,69,84,75,72,63,60,54,41,38,28,26,28,42,49,44,33,22,20,15,18,19,28,35,36,30,38,36,41,26,27,20,26,24,25,24,41,49,58,55,50,40,34,40,41,39,34,36,39,49,55,49,44,34,36
753877,554,"Cullowhee, NC",msa,NC,86,86,83,99,101,118,113,122,126,134,151,167,165,154,139,133,129,123,142,150,153,134,146,156,163,133,119,129,148,155,140,133,113,99,80,64,64,60,60,43,38,40,47,53,50,51,55,65,63,51,40,36,39,51,62,63,56,61,72,87,85,82,62,52,52,61,70,71,77,68,64,67,75,73,65,61
394737,555,"Kearney, NE",msa,NE,,,,,,,,,,,,,,,,,,,,,,,,,,,,,,,,,,,,,,,,,,,26,24,25,26,31,36,27,21,14,17,19,21,23,27,30,37,37,42,39,38,32,24,20,17,21,27,33,37,42,50,54,48,39,30
394582,556,"Fairmont, WV",msa,WV,,,,,,,,,,,,,,,,,,,,,,,,,,,,,,,,,,,,,,,,,,,,,,,,,,,,,,,,,,,62,56,60,47,32,29,31,35,32,32,35,43,48,60,56,51,33,30
394940,557,"Ontario, OR",msa,OR,,,,,,,,,,,,,,,,,,,,,,,,,,,,,,,,,,,,,27,29,30,17,15,19,23,28,28,31,36,40,38,34,26,28,32,41,42,49,57,61,70,77,80,65,57,55,58,58,61,67,82,89,83,72,77,84,76,56
394621,558,"Gaffney, SC",msa,SC,,,,,,,,,,,,,,,,,,,,,,,,,,,,,,,,,,,,,,,,,,,,,,,,,,,,,,,,,,,,,,,,,,,,,,,35,42,49,47,54,46
394977,559,"Picayune, MS",msa,MS,,92,85,86,77,81,88,98,101,103,107,119,120,113,107,93,93,82,86,95,103,104,121,132,129,107,101,106,102,89,86,75,82,69,74,68,70,59,48,41,35,29,31,43,59,59,59,50,44,33,33,31,34,30,39,44,45,48,55,66,62,58,48,49,47,42,41,39,57,71,81,82,75,78,76,69
395131,560,"Sterling, IL",msa,IL,80,80,78,67,65,66,65,73,73,98,98,105,101,98,81,58,62,78,89,91,79,87,87,105,110,99,93,74,71,63,67,66,61,59,62,72,72,71,53,43,33,34,34,37,35,40,43,57,56,54,39,34,27,29,32,38,43,51,60,59,56,47,46,37,41,40,46,41,40,36,34,42,57,60,51,31
394411,561,"Branson, MO",msa,MO,72,70,65,65,72,76,85,90,99,102,106,107,103,98,89,89,93,99,98,95,92,100,105,109,99,87,85,86,87,79,73,70,63,65,57,59,48,42,34,28,24,25,23,26,31,32,35,37,40,35,27,23,28,29,35,40,46,46,54,66,75,72,66,64,63,61,64,57,63,65,78,75,73,68,61,69
394446,562,"Cedar City, UT",msa,UT,,,,,,,,,,,,,,,,,,,,,,,,,,,,,,,,,,,,,,,,,,,,,,,,,,,,,,,,,,78,83,92,92,91,78,60,54,64,74,72,69,66,79,77,79,71,69,68
395216,563,"Waycross, GA",msa,GA,,,,,,,,,,,,,,,,,,,,,,,,,,,,,,,,,,,,,,,,,,,,,,,,,,,,,,,,,,,,,,,,,,,,,,,88,78,79,85,82,71
394951,564,"Oxford, MS",msa,MS,72,72,68,68,69,76,97,103,115,110,119,117,111,108,106,104,111,117,123,123,131,152,149,144,122,111,102,94,92,90,92,112,124,138,135,127,106,91,75,70,59,48,49,49,59,60,63,61,48,41,25,23,20,25,32,39,39,46,46,63,56,56,45,50,55,49,47,52,69,73,60,47,39,37,32,29
394721,565,"Jasper, IN",msa,IN,,,,,,,,,,,,,,,,,,,,,,,,,,,,,,,,,,,75,62,45,42,34,30,20,19,22,23,30,35,36,34,33,32,27,21,23,27,29,28,30,35,43,51,52,41,33,36,41,46,39,44,57,71,83,73,67,56,50,52
394556,566,"Edwards, CO",msa,CO,,,,,,,,,,,,,,,,,,,,,,,,,,,82,114,129,120,128,158,167,165,126,96,75,59,52,37,33,35,36,40,38,39,41,38,38,26,20,16,21,29,35,43,43,46,54,64,68,68,66,60,50,51,59,56,62,60,74,76,74,68,60,58
394547,567,"Durango, CO",msa,CO,,,,,,,,,,,,,,,,,,,,,,,,,,,,,,,,,,,,,,,,,,,,,,,,,,,,,,,,,,,,,,,,,,,,,,,59,54,57,53,53,40
394750,568,"Kinston, NC",msa,NC,,,,,,,,,,,,,,,,,,,,,,,,132,104,89,69,70,73,77,71,54,46,33,42,30,28,17,19,25,26,25,21,19,19,20,26,29,32,29,26,24,21,26,23,27,30,37,38,42,46,60,50,48,33,39,37,34,33,34,58,61,60,38,38,39
753920,569,"Sonora, CA",msa,CA,55,52,48,55,57,61,66,72,74,74,90,101,99,78,58,59,59,66,70,77,92,101,117,113,113,101,102,98,95,88,85,75,64,55,45,44,30,25,19,17,19,23,27,30,35,41,51,50,43,30,24,26,32,40,45,55,58,67,75,80,82,74,65,62,64,73,74,70,65,67,73,96,106,102,76,56
395157,570,"Tiffin, OH",msa,OH,,,,,,,,,,,,,,,,,,,,,,,,62,67,63,54,41,34,23,28,35,40,35,31,35,35,31,22,16,16,15,16,18,25,30,34,38,35,31,21,20,21,23,26,29,37,38,45,47,43,36,25,23,23,24,21,21,23,29,39,43,43,33,28,26
394366,571,"Batesville, AR",msa,AR,,,,,,,,,,,,,,,,,,,,,,,,,,,,,,,,,,,,,,,,,,,,,,,,,,,,,,,,,,,,,,,,,,,,,,,89,98,95,76,65,56
394989,572,"Point Pleasant, WV",msa,OH,,,,,,,,,,,,,,,,,,,,,,,,,,,,,,,,,,,,,,,,,,,,,,,,,,,,,,,,,,,,,,,,,,,,,,,,,44,48,36,37
394566,573,"Elko, NV",msa,NV,,,,,,,,,,,,,,,,,,,,,,,,,,,,,,,,,,,,,,,,,,,,,,,,,,,31,25,26,27,28,30,32,42,50,49,49,38,35,23,24,22,32,37,41,39,45,48,51,54,47,45
394517,574,"Danville, KY",msa,KY,64,59,53,52,49,57,70,70,72,74,80,80,75,77,91,91,85,76,80,88,88,80,94,86,88,66,73,69,71,60,55,45,47,48,52,44,33,28,29,28,25,23,29,34,36,40,44,54,49,43,33,27,26,28,38,50,57,59,57,55,55,51,47,48,49,53,57,55,52,43,53,69,73,75,63,55
394632,575,"Glasgow, KY",msa,KY,,,,,,,,,,,,,,,,,,,,,,,,,,,,,,,,,,,,,,,,,,,,,,,,,,,,,,,,,,,,,,,,,,,,,,,78,91,75,65,55,51
395122,576,"St. Marys, GA",msa,GA,54,53,52,46,50,54,66,70,74,77,83,93,86,80,65,62,66,70,73,70,72,73,75,71,63,62,59,55,46,41,42,39,39,48,54,46,32,22,22,22,19,18,18,20,25,23,24,24,26,25,19,16,15,17,21,26,28,29,37,46,47,41,33,32,36,36,39,35,37,45,52,59,53,44,41,41
394402,577,"Boone, NC",msa,NC,,,,,,,,,,,159,155,150,142,117,105,107,108,118,121,133,139,143,138,132,140,129,114,98,90,79,63,65,68,85,73,63,33,26,20,21,25,28,31,33,37,46,45,41,29,29,29,30,33,40,45,48,53,57,59,53,51,52,53,59,60,61,57,62,67,73,83,82,83,68,60
395204,578,"Warrensburg, MO",msa,MO,57,54,48,43,44,50,57,56,55,51,56,61,57,53,41,41,39,45,52,65,63,63,56,59,55,53,51,45,40,32,32,31,31,30,32,35,35,25,16,10,12,14,19,21,23,23,33,32,29,16,14,14,18,18,24,28,34,37,44,52,51,41,31,24,22,22,22,23,28,36,47,54,52,44,36,33
394634,579,"Gloversville, NY",msa,NY,84,77,69,55,59,60,74,79,89,88,121,152,165,137,101,89,84,90,89,94,94,103,109,127,130,130,119,114,97,82,71,71,64,77,81,81,69,57,48,29,25,28,35,40,51,56,65,59,62,51,44,30,28,33,40,44,44,45,69,77,75,54,51,55,47,51,55,59,53,55,61,59,50,56,53,58
394604,580,"Fort Leonard Wood, MO",msa,MO,79,80,73,65,71,73,92,103,106,108,122,135,127,106,103,103,87,75,80,95,103,89,100,118,120,107,81,80,72,62,50,41,48,53,56,48,41,32,26,21,20,22,23,29,32,35,39,44,46,36,27,20,23,26,29,31,39,43,52,49,49,40,37,38,47,52,58,58,59,59,62,69,63,50,37,27
394993,581,"Poplar Bluff, MO",msa,MO,,,,,,,,,,,,,141,135,134,118,101,101,103,102,83,92,95,117,110,97,96,102,105,91,79,69,68,68,71,61,53,44,43,39,38,42,42,42,38,36,41,48,53,54,47,44,34,35,34,41,44,52,67,76,81,70,66,52,49,44,62,69,72,64,69,71,80,69,73,60
394562,582,"Elizabeth City, NC",msa,NC,72,75,80,80,77,77,88,90,99,101,126,131,127,112,99,98,96,98,99,106,105,115,113,121,108,93,84,83,97,96,91,79,63,70,59,60,39,35,25,25,24,25,27,30,39,41,42,43,41,39,31,26,24,26,31,38,47,53,57,55,49,42,35,29,33,35,42,38,39,42,51,56,58,48,39,35
394967,583,"Payson, AZ",msa,AZ,72,67,62,55,63,70,79,87,101,112,104,91,92,93,97,82,78,76,78,84,87,92,99,95,98,87,85,77,80,74,68,56,47,44,42,49,41,34,23,24,26,27,28,32,34,37,34,28,24,22,23,24,29,41,48,52,67,71,85,74,71,61,54,53,54,62,67,64,65,72,83,88,76,62,48,49
394344,584,"Athens, TN",msa,TN,,,,,,,,,,,,,,,,,,,,,,,,,,,,,81,84,84,59,40,30,36,35,28,20,18,20,21,24,22,26,28,32,32,30,25,20,17,18,20,25,31,33,33,39,45,55,51,49,43,45,42,42,46,48,59,53,66,57,63,50,48,36
394571,585,"Enterprise, AL",msa,AL,,,,,,,,,,,135,121,117,106,104,101,102,88,93,88,107,88,84,84,85,88,71,63,59,51,54,43,50,41,41,37,41,34,23,16,15,20,30,31,28,25,26,27,19,16,13,12,13,14,18,24,29,31,33,35,32,27,23,22,28,28,29,28,29,36,41,46,45,42,36,34
394339,586,"Ashland, OH",msa,OH,,,,,,,,,,,,,,,,,,,,,,,,,,,,,,,,,,,,,,,,,,,,,,,,,,,,,,,,,,,,,,,,,,,,,,,,36,35,26,23,17
395073,587,"Scottsboro, AL",msa,AL,,,,,,,,,,,,,,,,,,,,,,,,,,,,,,,,,,,,,,,,,,,,,,,,,,,,,,,,,,,,,,,,,,,,,,,,,67,53,50,49
394861,588,"Milledgeville, GA",msa,GA,,,,,,,,,,,,,,,,,,,,,,,,,,,,,,,,,,,,,,,,,,,,,,,,,,,,,,,,,,,,,,,,,,,,,,87,84,94,92,90,76,71
394742,589,"Kerrville, TX",msa,TX,81,80,96,79,77,63,71,65,66,67,77,79,94,98,103,83,90,80,93,92,102,103,112,110,101,86,98,109,112,118,115,125,109,105,92,89,80,69,57,47,38,37,40,44,44,52,57,56,53,47,49,46,50,48,48,55,69,78,83,80,86,79,72,59,59,58,68,60,67,70,75,78,71,86,89,88
394363,590,"Bartlesville, OK",msa,OK,78,64,54,51,64,70,82,83,110,107,114,99,96,95,86,80,78,79,80,79,78,82,83,75,72,66,67,65,59,62,50,47,52,53,50,37,37,33,23,18,18,18,16,18,21,27,28,29,27,23,18,13,14,18,19,24,22,27,26,32,31,28,24,24,28,30,35,38,41,43,45,48,47,45,41,34
394503,592,"Corsicana, TX",msa,TX,,,,,,,,,,,,,,,,,,,,,,,,,,,,109,102,71,53,49,46,52,57,58,50,41,34,33,33,35,36,36,41,41,49,51,52,45,36,30,28,31,33,36,43,52,58,62,65,62,64,66,80,89,100,101,100,95,96,95,87,87,75,83
394652,593,"Greenville, OH",msa,OH,,,,,,,,,,,,94,89,76,74,76,72,86,73,61,41,57,62,72,60,52,46,43,43,76,75,77,40,51,47,41,24,30,28,23,16,17,21,23,27,30,35,32,29,26,22,21,20,25,28,31,33,33,37,42,47,50,48,47,44,34,40,35,41,33,38,42,46,38,33,27
395029,594,"Rochelle, IL",msa,IL,76,77,71,61,50,46,47,57,76,100,103,108,100,97,86,68,71,59,64,70,88,102,102,102,99,93,85,76,72,67,64,54,54,51,73,79,77,53,38,35,30,27,24,30,28,34,35,41,36,27,20,32,37,37,29,26,27,22,32,38,42,43,42,42,36,26,19,16,20,27,39,49,48,37,34,27
786250,595,"Alexander City, AL",msa,AL,,,,,,,,,,,,,,,,,,,,,,,,,,,,,,,,,,,,,,,,,,,,,,,,,,,,,,,,,,,,,,,,,,,,,,,77,75,57,51,53,55
394933,597,"Oil City, PA",msa,PA,,,,,,,,,,,,,,,,,,,,,,,,,,,,,,,,,,,,,,,,,,,,,,,,,,,,,,,,,,,,,,,,,,,,,,,81,84,83,86,77,66
394838,598,"Mason City, IA",msa,IA,,,,,,,,,,,,,,,,,,,,,,,,,,,,,,,,,,,,,,,,,,,,,,,,,,,,,,,,,,,,,,,,,,,,,,,80,85,74,61,57,66
394717,599,"Jacksonville, TX",msa,TX,,,,,,,,,,,,,,,,,,,,,,,,,,,,,,,,,,,,,,,,,,,,,,,,,,,,,,,,,,69,85,78,77,59,51,47,49,56,61,72,80,81,97,112,122,114,104,93
394625,600,"Galesburg, IL",msa,IL,,,,,,,,,,,103,129,129,140,99,96,77,83,80,78,82,84,99,103,102,101,99,97,91,85,70,78,71,69,62,93,110,104,61,42,31,36,33,33,27,36,52,63,61,50,39,32,26,33,39,38,34,35,46,49,55,52,50,41,37,34,31,32,34,38,41,46,47,46,38,35
394954,601,"Pahrump, NV",msa,NV,,,,,,,,,,,,,,,,,,,,,,,,,,,100,93,78,80,61,48,41,50,51,47,45,33,28,18,18,22,23,27,28,36,38,40,35,31,24,24,30,37,44,56,60,69,68,75,72,68,69,69,71,65,71,66,74,76,89,84,78,73,75,71
394963,602,"Paris, TX",msa,TX,,,,,,,,,,,,,,,,,,,,,,,,,,,,,,,,,57,70,67,75,68,59,47,41,45,36,34,36,38,43,43,46,41,36,31,30,34,35,36,40,47,54,56,64,80,92,90,79,67,72,70,80,70,68,70,71,76,66,59,49
395234,603,"Winona, MN",msa,MN,,,,,,,,,,,,,,,,,,,,,,,,,,,,,,,,,,,,,,,,,,,,,,,,,,,,,,,,,,,,,,,,,,,,,,,,58,63,50,35,30
753905,604,"Newport, OR",msa,OR,75,77,71,67,67,76,86,100,102,102,94,94,96,98,90,82,80,95,99,107,97,117,113,120,94,92,86,90,82,79,72,68,60,56,65,58,55,38,36,30,24,24,25,29,30,37,39,38,32,26,25,23,25,29,34,44,47,57,60,66,59,56,52,48,50,49,67,80,90,90,85,74,66,55,62,62
395091,606,"Shelbyville, TN",msa,TN,,,,,,,,,,,,,,,,,,,,,,,,,,,,,,,,,,,189,190,38,22,19,14,18,17,25,30,35,35,33,33,30,25,21,23,25,29,30,43,46,65,65,70,57,60,58,58,57,59,59,57,50,61,62,75,69,65,56,41
394326,607,"Amsterdam, NY",msa,NY,,,,,,,,,,,,,,,,,,,,,,,,,,,,,,,,,,,,,,,,,,,,,,,,,,,,,,,,,,,,,,,,,,,,,,,,63,57,50,45,43
753911,608,"Ozark, AL",msa,AL,,,,,,,,,,,,,,,,,,,,,,,,,,,,,,,,,,,,,,,,,,,,,,,,,,,,,,,,,,,,,,,,,,,,,34,41,44,42,42,41,36,29
394628,610,"Gardnerville Ranchos, NV",msa,NV,,,,,,,,,,,,,,,,,,,,,,,110,104,75,64,52,61,71,78,72,56,46,36,54,56,48,29,24,26,24,26,26,29,30,38,43,41,33,21,17,17,26,34,46,51,58,60,69,80,82,74,56,49,48,50,51,56,61,71,75,77,73,67,61,56
394437,612,"Ca-¦on City, CO",msa,CO,43,40,45,42,36,27,27,35,45,54,69,67,68,55,52,40,45,45,53,56,61,74,78,83,71,74,63,64,52,59,56,55,48,45,48,49,46,40,34,31,24,24,25,29,32,40,43,49,40,32,24,26,34,43,42,46,49,62,70,80,80,76,64,60,52,54,54,59,61,67,82,85,86,71,68,67
394906,614,"New Castle, IN",msa,IN,,,,,,,,,,,,,,,,,,,,,,,55,66,69,70,57,64,54,45,25,27,26,27,27,33,37,28,19,10,10,13,15,20,19,24,26,30,28,21,18,15,18,22,25,27,29,34,34,35,32,32,25,23,19,19,15,18,21,28,35,38,36,32,26,25
394478,615,"Clovis, NM",msa,NM,,,,,,,,,,,,,,,,,,,,,,,,,,,,,,,,,,,,,,,,,,,,,,,,,,,,,,,,,,,,,,,,,,,,,,,,,92,87,76,68
394919,616,"Norfolk, NE",msa,NE,,,,,,,,,,,,,,,,,,,,,,,,,,,,,,,,,,,,,,,,,,,,,,,,,,,,,,,,,,,,,,,,,,,,,,,,57,56,53,42,52
394431,617,"Cadillac, MI",msa,MI,,,,,,,,,,,,,,,,,,,,,,,,,,,,,,,,,,,,,,,,,,,,,,,,,,,,,,,,,,,40,39,42,31,24,21,22,25,25,29,34,44,56,67,60,50,36,31
395043,618,"Ruston, LA",msa,LA,,,,,,,,,,,,,,,,,,,,,,,,,,,,,,,,,,,,,,,,,,,,,,,,,,,,,,,,,,,,,,,,,,,,,,,,,,,58,62
395097,619,"Sidney, OH",msa,OH,,,,,,,,,,,,,,,,,,,,,,,,,,,,,,,,,,,,,,,,,,,,,,,,,,,,,,,,,,,,,,,,,,,,,,,36,32,41,31,42,35
395008,620,"Pullman, WA",msa,WA,,,,,,,,,,,,,,,,,,,,,,,,,,,,,,,,,,,,,,,,,,,,,,,,,,,,,,,,,,,,,,,,,,,,,,,,55,56,45,47,45
394819,621,"Malone, NY",msa,NY,,,,,,,,,,,,,,,,,,,,,,,,,,,,,,,,,,,,,,,,,,,,,,,,,,,,,,,,,,,,,,,,,,,,,,,,,,,82,71
394527,622,"Del Rio, TX",msa,TX,,,,,,,,,,,,,,,,,,,,,,,,,,,,,,,,,,,,,,,,,,,,,,46,53,50,48,45,42,38,33,37,41,53,65,79,92,87,78,65,61,66,72,87,87,99,96,94,95,86,84,72,72,84
394391,623,"Blackfoot, ID",msa,ID,,,,,,,,,,,,,,,,,,,,,,,,,,,,,,,,,,,,,,,,,,,,,,,,,,,,,,,,,,,,,,,,,,,55,62,66,70,61,78,78,80,57,44
395017,624,"Red Wing, MN",msa,MN,,,,,,,,,,,,,,,,,,,,,,,,,,,,,,,,,,,,,,,,,,,,,,,,,,,,,,,,,,,60,67,63,52,48,39,37,31,37,39,36,43,46,59,50,49,39,46
394918,625,"Nogales, AZ",msa,AZ,,,,,,,,,,,,,,,,,,,,,,,,,,,,,,,,,,,,,,,,,,,,,,,,,,,,,,,,,,,,,,,,,,,,,,67,81,85,80,82,104,107
395144,626,"Tahlequah, OK",msa,OK,,,,,,,,,,,,,,,,,,,,,,,138,134,135,129,130,129,116,98,91,99,76,74,54,68,54,58,44,41,36,44,50,55,52,50,47,47,43,41,41,51,49,44,39,45,48,55,65,71,67,54,57,58,73,71,73,80,88,107,99,100,88,87,76,75
394739,627,"Kendallville, IN",msa,IN,,,,,,,,,,,,,,,,,,,,,,,,,,,,,,,,,,,,,,,,,,,,,,,,,,,,,,,,,,,,,,,,,,,,,,,,,70,65,49,37
394876,628,"Montrose, CO",msa,CO,66,67,58,45,41,43,50,51,65,73,76,77,73,74,60,54,48,57,73,98,110,98,86,67,81,65,64,53,65,77,78,77,72,56,46,29,35,31,28,20,22,27,30,34,35,39,48,52,50,41,37,33,30,34,42,47,50,55,71,82,88,78,70,72,78,93,109,112,115,116,122,123,109,93,76,70
394504,629,"Cortland, NY",msa,NY,,,,,,,,,,,,,,,,,,,,,,,,,,,,,,,,,,,,,,,,,,,,,,,,,,,,,,,,,,,,,,,,,,,,,,,,,,,24,18
394887,630,"Mount Sterling, KY",msa,KY,,,,,,,,,,,,,,,,,,,,,,,,,,,,,,,,,,,48,49,39,34,32,32,29,18,18,21,28,31,38,39,43,34,25,22,28,32,33,32,40,43,48,50,52,56,45,36,34,40,50,46,54,63,69,68,63,55,47,43
394477,631,"Clinton, IA",msa,IA,73,72,72,72,70,58,55,64,88,101,100,94,83,84,66,70,61,76,61,56,53,65,76,76,84,79,74,63,75,73,82,65,62,51,52,57,55,58,55,50,37,32,29,31,31,51,56,58,40,36,32,26,25,25,27,25,31,48,64,71,58,45,38,34,30,27,31,34,38,42,55,59,59,51,49,46
753916,632,"Sandpoint, ID",msa,ID,,,,,,,,,,,,,,,,,,,,,,,,,,,,,,,,,,,,,31,24,27,21,23,27,30,38,41,51,57,53,37,20,20,22,33,43,54,64,72,83,81,76,67,67,58,50,44,56,72,81,90,96,104,95,76,58,49,54
753865,633,"Bardstown, KY",msa,KY,,,,,,,,,,,,,,,,,,,,,,,,,,,,,,,,,,,45,43,36,34,27,22,16,15,17,18,24,27,36,38,36,24,20,21,28,30,38,40,48,55,58,66,63,64,53,46,39,41,42,40,35,47,59,63,67,71,79,69
395201,634,"Wapakoneta, OH",msa,OH,,,,,,,,,,,,,,,,,,,,,,,,,,,,,,,,,,,,,,,,,,,,,,,,,,,,,,,,,,,,,,,,,,,,,,,37,44,45,33,24,18
394987,635,"Plymouth, IN",msa,IN,,,,,,,,,,,,,,,,,,,,,,,,,,,,,,,,,,,,,,,,,,,,,,,,,,,,,,,,,,,,,,,,,,,,,,,,,,,,44
394789,636,"Lewistown, PA",msa,PA,,,,,,,,,,,,,,,,,,,,,,,,,,,,,,,,,,,,,,,,,,,,,,,,,,,,,,,,,,,,,,,,,,,,,,,,36,33,39,39,41
394379,637,"Bemidji, MN",msa,MN,,,,,,,,,,,,,,,,,,,,,,,,,,,,,,,,,,,,,,,,,,,,,,,,,,,,,,,,,,,,,,,,,,,,,,,,76,80,74,58,43
394377,638,"Bellefontaine, OH",msa,OH,52,50,47,40,34,36,35,43,49,56,63,66,78,68,53,35,42,49,50,47,62,70,74,76,73,76,64,64,52,39,26,25,25,28,27,30,42,36,29,12,15,18,22,23,26,26,33,39,40,33,27,25,26,27,33,36,35,42,48,54,55,52,46,40,37,40,44,40,39,35,37,42,38,39,34,32
395087,639,"Seymour, IN",msa,IN,,,,,,,,,,,,,,,,,,,,,,,,,,,,,,,,,,,,,,,,,,,,,,,,,,,,,,,,,,,,,,,,,,,,,,,39,41,48,35,33,22
394426,640,"Burley, ID",msa,ID,,,,,,,,,,,,,,,,,,,,,,,,,,,,,,,,,,,,,,,,,,,,,,,,,,,,,,,,,,,,,,,,,,,,,,,,,69,48,44,38
394548,641,"Durant, OK",msa,OK,,,,,,,,,,,,,,,,,,,,,,,,,,,,,,,,,,,,48,56,48,34,22,20,26,27,30,29,38,43,50,51,54,46,39,27,30,36,41,45,43,51,57,62,67,64,69,65,60,55,69,83,92,80,79,78,77,67,89
394500,644,"Cornelia, GA",msa,GA,65,67,62,54,50,54,69,79,76,78,80,96,91,83,79,74,78,64,68,59,74,81,87,75,76,87,94,81,79,81,85,71,63,67,87,85,80,53,38,30,26,24,18,22,47,51,51,27,30,31,39,40,36,30,31,31,35,39,50,60,72,66,59,38,35,45,46,49,53,68,70,55,56,60,56,50
753889,645,"Hillsdale, MI",msa,MI,,,,,,,,,,,,,,,,,,,,,,,,,,,,,,,,,,,,,,,,,,,,,,,,,,,,,,,,,,,,,,,,,,,,,,,54,61,55,41,32,27
395155,646,"Thomasville, GA",msa,GA,,,,,,,,,,,,,,,,,,,,,,93,87,78,91,83,76,66,66,65,70,78,75,57,57,74,85,82,67,64,64,52,46,36,54,51,53,43,40,43,41,41,34,35,39,48,54,65,68,61,50,45,51,55,57,57,62,51,48,41,62,71,76,67,63,54
394961,647,"Paragould, AR",msa,AR,,,,,,,,,,,,,,,,,,,,,,,,,,,,,,,,,,,,,,,,,,,,,,,,,,,,,,,,,,,,,,,,,,,,,,,53,56,52,49,45,45
394427,649,"Burlington, IA",msa,IA,,,,,,,,,,,,,,,,,,,,,,,146,126,129,126,128,108,116,110,120,105,95,82,90,118,126,112,78,60,61,59,56,48,55,65,70,74,76,71,56,38,41,45,49,46,49,52,63,73,78,63,52,41,53,62,68,60,54,67,78,83,74,59,53,35
394817,650,"Madisonville, KY",msa,KY,,,,,,,,,,,,,,,,,,,,,,,,,,,,,,,,,,,,,,,,,,,,,,,,,,,,,,,,,,,,,,,,,,,,,,,44,44,41,38,35,36
786259,655,"Grand Rapids, MN",msa,MN,,,,,,,,,,,,,,,,,,,,,,,,,,,,,,,,,,,,,,,,,,,,,,,,,,,,,,,,,,,,,,,,,,,,,,,,77,80,59,53,40
395208,656,"Washington, NC",msa,NC,,,,,,,,,,,,,,,,,,,,,,,,,,,,,,,,,,,,,,,,,,,,,,,,,,,,,,,,,,,,,,,,,,,,,,,38,44,45,42,46,49
394616,657,"Freeport, IL",msa,IL,,,,,,,,,,,,,,,,,,,,,,,,,,,,,,,,,,,,,82,87,60,38,27,25,29,38,43,50,52,60,59,51,39,30,35,33,33,27,31,40,47,52,51,48,46,39,32,29,31,35,30,41,44,51,42,43,43,41
394667,658,"Harrison, AR",msa,AR,64,60,59,58,63,67,72,72,80,97,109,109,98,95,88,92,87,93,103,105,116,113,109,114,101,109,88,94,88,95,84,71,72,59,58,36,36,27,29,34,34,34,30,36,39,38,39,40,41,36,34,31,32,30,36,40,50,55,66,65,70,62,70,66,68,72,69,74,63,75,65,66,66,71,69,57
395037,659,"Rolla, MO",msa,MO,,,,,,,,,,,,,,,,,,,,,,,,,,,,,,,,,,,,,,,,,,,,,,,,,,,,,,,,,,,,,,,,,,,,,,,63,58,40,35,35,39
394482,660,"Coldwater, MI",msa,MI,,,,,,,,,,,,,,,,,,,,,,,,,,,,,,,,,,,,,,,,,,,,,,,,,,,,,,,,,,,,70,74,57,46,50,49,48,42,36,42,45,48,50,57,68,70,74
394567,663,"Ellensburg, WA",msa,WA,,,,,,,,,,,,,,,,,,,,,,,,,,,,,,,,,,,,,,,,,,,,,,,,,,,,,,,,,,,63,66,58,49,40,38,37,40,47,53,57,71,70,78,57,52,34,34
394990,664,"Ponca City, OK",msa,OK,,,,,,,,,,,,,,,,,,,,,,,,,,,,,,,,,,,,,,,,,,,,,,,,,,,,,,,,,,,,,,,,,,,,,,58,62,71,70,68,56,54
394779,665,"Lawrenceburg, TN",msa,TN,,,,,,,,,,,,,,,,,,,,,,,,,,,,,,,,,,,,,,,,,,,,,,,,,,,,,,,,,,,,,,,,,,,,,,,57,77,72,72,54,51
394842,666,"McAlester, OK",msa,OK,,,,,,,,,,,135,162,144,134,127,133,139,140,135,119,109,107,117,124,142,146,157,142,130,90,72,72,76,80,70,73,65,61,54,46,39,33,41,45,61,59,59,61,60,59,45,44,42,43,46,50,54,61,66,82,83,86,82,83,82,65,60,66,79,109,117,127,101,96,87,92
394886,667,"Mount Pleasant, TX",msa,TX,,,,,,,,,,,,,,,,,,,,,,,,,,,,,,,,,,,,,,,,,,,,,,,,,,,,,,,,,,,,,,,,,,,,,,,,,70,80,81,91
395228,668,"Willmar, MN",msa,MN,,,,,,,,,,,,,,,,,,,,,,,,,,,,,,,,,,,,,,,,,,,,,,,,,,,,,,,,,,,,,,,,,,,,,,,,,50,54,54,51
394895,670,"Muscatine, IA",msa,IA,,,,,,,,,,,,,,,,,,,,,,,,,,,,,,,,,,,,,,,,,,,,,,,,,,,,,,,,,,,,,,,,,,,,,,,55,55,42,33,35,34
394349,672,"Auburn, IN",msa,IN,,,,,,,,,,,,,,,,,,,,,,,,,,,,,,,,,,,,,,,,,,,,,,,,,,,,,,,,,,,,,,,,,,,,,,,40,43,28,23,19,19
394545,673,"Duncan, OK",msa,OK,,,,,,,,,,,,,,,,,,,,,,,,,,,,,,,,,,,,,,,,,,,,,,,,,,,,,,,,,,,70,72,78,74,70,50,41,35,32,37,40,43,46,51,65,61,59,46
395081,674,"Sedalia, MO",msa,MO,,,,,,,,,,,,,,,,,,,,,,,75,87,79,74,75,69,64,58,56,57,50,42,45,43,39,27,25,24,20,22,27,33,37,44,46,50,42,36,25,23,26,31,32,34,34,40,46,53,49,45,40,50,58,59,53,41,38,38,56,59,66,59,52,46
394448,675,"Cedartown, GA",msa,GA,,,,,,,,,,,,,,,,,,,,,,,,,,,,,,,,,,,,,,,,,,,,,,,,,,,,,,,,,,,47,53,43,34,26,30,30,38,37,35,30,41,49,57,52,60,58,60
394677,676,"Henderson, NC",msa,NC,,,,,,,,,,,,,,,,,,,,,,,,,,,,,,,,,,,,,,,,,,,,,,,,,,,,,,,,,,,,,,,,,,,,,,,,,,,,54
394627,679,"Garden City, KS",msa,KS,,,,,,,,,,,,,,,,,,,,,,,,,,,,,,,,,,,,,,,,,,,,,,,,,,,,,,,,,,,,,,,,,,,,,,,,,76,68,63,69
395129,680,"Stephenville, TX",msa,TX,,,,,,,,,,,,,,,,,,,,,,,,,,,84,73,72,69,82,83,84,87,87,93,83,67,47,39,38,40,44,54,56,58,59,63,67,53,42,23,27,32,39,41,46,52,55,60,60,56,57,56,58,56,58,59,56,67,79,78,76,67,63,56
395230,682,"Wilmington, OH",msa,OH,,,,,,,,,,,,,,,,,,,,,,46,51,47,54,45,40,31,32,26,21,18,23,22,24,17,15,11,10,11,13,16,18,21,22,27,30,29,25,22,21,20,18,23,26,29,28,32,39,43,44,35,34,30,32,26,23,22,22,26,39,45,42,31,24,23
394424,683,"Bucyrus, OH",msa,OH,,,,,,,,,,,,,,,,,,,,,,,,,,,,,,,,,,,,,,,,,,,,,,,,,,,,,,,,,,,49,47,52,41,29,22,19,25,27,42,37,47,38,48,38,31,21,23
394319,684,"Alma, MI",msa,MI,,,,,,,,,,,,,,,,,,,,,,,,,,,,,,,,,,,,,,,,,,,,,,,,,,,,,,,,,,,,,,,,,,,,,,,,60,52,34,29,29
394624,687,"Gainesville, TX",msa,TX,,,,,,,,,,,,,,,,,,,,,,,,,,,,,,,,,,,,,,,,,,,,,,,,,,,,,,,,,,,,,,,,,,,,,,,67,72,72,76,77,74
394845,690,"McMinnville, TN",msa,TN,,,,,,,,,,,,,,,,,,,,,,,,,,,,,,,,,,,,,,,,,,,,,,,,,,,,,,,,,,,55,77,87,83,62,48,50,48,67,65,66,57,56,71,64,54,33,36
394341,691,"Astoria, OR",msa,OR,65,62,55,53,63,69,80,78,81,78,87,91,81,72,68,75,75,79,81,80,92,96,109,94,99,78,74,60,73,65,68,60,56,55,48,58,55,51,38,25,21,19,20,22,28,28,29,30,27,21,15,18,24,29,35,35,39,49,62,62,53,41,37,35,36,43,53,55,62,70,88,89,79,71,59,53
394409,692,"Bradford, PA",msa,PA,,,,,,,,,,,,,,,,,,,,,,,,,,,,,,,,,,,,,,,,,,,,,,,,,,,,,,,,,,,,,,,,,,,,,,,,,,,,66
753866,695,"Big Stone Gap, VA",msa,VA,,,,,,,,,,,,,,,,,,,,,,,,,,,,,,,,,,,,,,,,,,,,,,,,,,,,,,,,,,,,,,,,,,,,,,,,,,,,53
394833,696,"Marshalltown, IA",msa,IA,,,,,,,,,,,,,,,,,,,,,,,,,,,,,,,,,,,,,,,,,,,,,,,,,,,,,,,,,,,40,47,37,31,22,25,24,34,29,32,31,34,43,36,34,24,26,26
394384,697,"Big Rapids, MI",msa,MI,,,,,,,,,,,,,,,,,,,,,,,,,,,75,81,82,86,70,60,55,69,70,62,44,36,32,29,23,26,31,36,38,41,45,45,43,34,32,27,30,32,41,43,44,40,48,51,54,45,38,39,38,44,40,44,38,49,62,83,78,66,47,44
394354,698,"Austin, MN",msa,MN,,,,,,,,,,,,,,,,,,,,,,,,,,,,,,,,,,,,,,,,,,,,,,,,,,,,,,,,,,,51,62,60,59,45,36,24,27,30,36,40,54,58,65,65,66,57,41
395219,700,"West Plains, MO",msa,MO,,,,,,,,,,,,,,,,,,,,,,,,,,,,,,,,,,,,,,,,,,,,,,,,,,,,,,,,,,,,,,,,,,,,,,,,,77,78,74,75
394934,701,"Okeechobee, FL",msa,FL,,,,,,,,,,,,,,,,,,,,,,,,,,,,,,,,,,,,,,,,,,,,,,,,,,,,,,,,,,,,,,,,,,,,,,,63,68,76,75,69,68
394881,703,"Moscow, ID",msa,ID,,,,,,,,,,,,,,,,,,,,,,,,,,,,,,,,,,,,,,,,,,,,,,,,,,,,,,,,,,,,,,,,,,,,,,,,55,57,59,48,42
394476,704,"Clewiston, FL",msa,FL,,,,,,,,,,,,,,,,,,,,,,,,,,,95,100,88,83,64,46,50,68,80,75,66,60,51,44,41,37,37,46,55,66,69,70,68,57,56,57,58,55,52,57,68,82,86,96,96,103,102,116,117,110,95,83,71,67,77,83,83,76,91,94
394560,706,"El Dorado, AR",msa,AR,,,,,,,,,,,,,,,,,,,,,,,,,,,,,,,,,,,,,,,,,,,,,,,,,,,,,,,,,,,,,,,,,,,,,,,,,,,,40
394981,708,"Pittsburg, KS",msa,KS,,,,,,,,,,,,,,,,,,,,98,122,131,127,122,108,100,90,83,73,64,57,58,62,76,76,65,48,39,32,27,25,24,28,37,36,39,31,32,30,24,24,20,21,25,27,39,37,41,39,43,41,41,33,27,23,29,32,34,37,48,53,55,47,44,34,37
394663,709,"Hannibal, MO",msa,MO,,,,,,,,,,,,,,,,,,,,,,,62,75,91,97,85,70,68,69,59,54,39,42,44,49,41,32,27,22,24,24,28,30,27,32,35,41,37,35,31,26,29,35,41,40,41,41,46,42,37,29,31,42,41,34,30,29,43,45,60,63,55,46,36,47
395203,710,"Warren, PA",msa,PA,,,,,,,,,,,,,,,,,,,,,,,,,,,,,,,,,,,,,,,,,,,,,,,,,,,,,,,,,,,,,,,,,,,,,,,,,117,105,52,48
394315,711,"Alexandria, MN",msa,MN,,,,,,,,,,,,,,,,,,,,,,,,,,,,,,,,,,,,,,,,,,,,,,,,,,,,,,,,,,,,73,74,63,41,33,28,31,38,36,42,49,62,70,63,53,37,29
395178,712,"Urbana, OH",msa,OH,,,,,,,,,,,,,,,,,,,,,,,,,,,,,,,,,,,,,,,,,,,,,,,,,,,,,,,,,,,,,39,31,23,21,23,20,21,22,24,26,25,38,41,40,28,26
394434,714,"Cambridge, OH",msa,OH,,,,,,,,,,,,,,,,,,,,,,,,,,,,,,,,,,,,,,,,,,,,,,,,,,,,,,,,,,,,,,,,,,,,,,,50,64,59,50,40,44
395227,715,"Williston, ND",msa,ND,,,,,,,,,,,,,,,,,,,,,,,,,,,,,,,,,,,,,,,,,,,,,,,,,,,,,,,,,,,,,,,,,,,,,,56,65,66,66,51,43,36
394526,716,"Defiance, OH",msa,OH,,,,,,,,,,,,,,,,,,,,,,,,,,,,,,,,,,,,,,,,,,,,,,,,,,,,,,,,,,,,,,,,,,,,,,,,,,,,23
395099,717,"Sikeston, MO",msa,MO,,,,,,,,,,,,,,,,,,,,,,,,,,,,,,,,,,,,,,,,,,,,,,,,,,,,,,,,,,,,,,,,,,,,,,,,,,,,82
394715,719,"Jacksonville, IL",msa,IL,,,,,,,,,,,,,,,,,,,,,,,,,,,,,,,,,,,,,,,,,,,,,,,,,,,,,,,,,,,,,,,,,,,,,,,,40,32,27,28,27
394300,720,"Ada, OK",msa,OK,,,,,,,,,,,,,,,,,,,,,,,,,,,,,,,,,,,,,,,,,,,,,,,,,,,,,,,,,36,42,50,51,51,49,55,48,48,39,47,52,51,54,63,76,78,66,56,49
394422,721,"Brownwood, TX",msa,TX,,,,,,,,,,,,,,,,,,,,,,,,110,115,107,92,84,82,82,65,66,78,91,95,84,73,51,43,38,42,45,51,56,55,53,53,55,57,50,43,34,39,40,51,47,51,49,59,60,64,67,73,73,71,73,67,76,77,96,83,73,66,75,89,79
394507,722,"Crawfordsville, IN",msa,IN,,,,,,,,,,,,,,,,,,,,,,,62,57,66,57,57,44,46,33,29,22,24,26,26,28,25,19,12,13,15,18,19,20,23,21,26,30,29,24,15,13,16,20,24,25,27,29,38,42,42,36,27,24,18,22,21,24,27,30,42,48,46,35,26,24
394801,723,"Logansport, IN",msa,IN,,,,,,,,,,,,,,,,,,,,,,,,,,,,,,,,,,,,,,,,,,,,,,,,,,,,,,,,,,,,,,,,,,,,,,,,,,,,25
395072,724,"Scottsbluff, NE",msa,NE,,,,,,,,,,,,,,,,,,,,,,,,,,,,,,,,,,,,,,,,,,,,,,,,,,,,,,,,,,,,,,,,,,,,,,,49,60,63,56,56,48
394451,728,"Centralia, IL",msa,IL,,,,,,,,,,,,,,,,,,,,,,,,,,,,,,,,,,,,,,,,,,,,,,,,,,,,,,,,,,,,,,,,,,,,,,,,39,42,37,30,22
394554,729,"Easton, MD",msa,MD,,,,,,,,,,,,,,,,,,,,,,,,,,,111,98,115,138,126,112,85,89,89,82,69,58,52,36,31,28,34,38,52,46,67,65,68,43,27,22,26,32,39,39,47,52,59,52,45,35,39,40,46,49,46,45,44,47,45,36,38,36,36,30
394948,730,"Owatonna, MN",msa,MN,,,,,,,,,,,,,,,,,,,,,,,,,,,,,,,,,,,,,,,,,,,,,,,,,,,,,,,,,,,,,,,,,,,,,,,,45,38,34,28,31
394888,731,"Mount Vernon, IL",msa,IL,,,,,,,,,,,,,,,,,,,,,,,,,,,,,,,,,,,,,,,,,,,,,,,,,,,,,,,,,,,,,,,,,,,,,,,,,,39,44,49
845165,732,"Minden, LA",msa,LA,,,,,,,,,,,,,,,,,,,,,,,,,,,,,,,,,,,,,,,,,,,,,,,,,,,,,,,,,,,,,,,,,,,,,,,,,,,60,72
394771,733,"Laramie, WY",msa,WY,,,,,,,,,,,,,,,,,,,,,,,,,,,,,,,,,,,,,,,,,,,,,,,,,,,,,,,,,,,,,,,,,,,,,,,,,59,40,26,21
394617,735,"Fremont, NE",msa,NE,,,,,,,,,,,,,,,,,,,,,,,,,,,,,,,,,,,,,,,,,,,,,,,,30,28,23,16,17,18,20,24,27,31,42,49,47,35,26,41,39,43,27,32,30,32,33,40,54,51,45,34,36
394382,736,"Bennington, VT",msa,VT,,,,,,,,,,,,,,,,,,,,,,,,,,,,,,,,,,,,,,,,,,,,,,,,,,,,,,,,,,,,,,,,,,,,,,,43,44,43,39,31,32
394603,737,"Fort Dodge, IA",msa,IA,,,,,,,,,,,,,,,,,,,,,,,,,,,,,,,,,,,,,,,,,,,,,,,,,,,,,,,,,,,,,,,,,,,,,,,,,82,91,61,49
395069,738,"Sault Ste. Marie, MI",msa,MI,,,,,,,,,,,,,,,,,,,,,,,,,,,,,,,,,,,,,,,,,,,,,,,,,,,,,,,,,,,,,,,,,,,,,,,,,,61,45,43
394550,740,"Dyersburg, TN",msa,TN,,,,,,,,,,,,,,,,,,,,,,,,,,,,,,,,,,,,,,,,,,,,,,,,,,,,,,,,,,,,,,,,,,,,,,,,77,61,69,58,50
394745,744,"Kill Devil Hills, NC",msa,NC,76,86,78,74,66,76,83,89,101,107,117,118,115,110,113,119,127,134,137,134,129,144,141,141,121,113,107,115,126,125,110,95,85,76,65,57,52,48,40,34,34,35,37,38,43,42,44,38,36,29,24,21,26,34,42,48,55,53,57,56,61,55,50,45,40,41,43,47,47,54,62,53,39,33,43,54
395137,745,"Sulphur Springs, TX",msa,TX,,,,,,,,,,,,,,,,,,,,,,,,,,,,,,,,,,,,,,,,,,,,,,,,,,,,,,,,,,,,,,,,,,,,,,,,62,74,75,61,56
394702,746,"Hutchinson, MN",msa,MN,,,,,,,,,,,,,,,,,,,,,,,,,,,,,,,,,,,,,,,,,,,,,,,,,,,,,,,,,,,,,,,,,,,,,,,51,50,43,36,26,21
394696,748,"Huntington, IN",msa,IN,,,,,,,,,,,,,,,,,,,,,,,,,,,,,,,,,,,,,,,,,,,,,,,,,,,,,,,,,,,,,,,,,,,,,,,35,46,49,49,36,23
395192,750,"Vincennes, IN",msa,IN,,,,,,,,,,,,,,,,,,,,,,,,,,,,,,,,,,,,,,,,,,,,,,,,,,,,,,,,,,,,,,,,,,,,,,,,,62,69,55,44
394370,751,"Bay City, TX",msa,TX,,,,,,,,,,,,,,,,,,,,,,,,,,,,,,,,,,,,,,,,,,,,,,,,,,,,,,,,,,,,,,,,,,,,,,,,103,114,120,104,106
394920,752,"North Platte, NE",msa,NE,,,,,,,,,,,,,,,,,,,,,,,,,,,,,,,,,,,,,,,,,,,,,,,,,,,,,,,,,,,,,,,79,50,40,29,33,33,40,40,44,49,44,42,38,39
394992,754,"Pontiac, IL",msa,IL,,,,,,,,,,,,,,,,,,,,,,,,,,,,,,,,,,,,,,,,,,,,,,,,,,,,,,,,,,32,42,41,50,36,38,29,30,28,30,40,40,38,41,41,55,54,54,41
394781,755,"Lebanon, MO",msa,MO,77,86,75,70,58,62,59,67,77,86,94,101,98,81,55,52,58,65,58,62,64,77,87,101,89,84,73,82,70,69,84,86,94,77,74,65,62,61,50,36,30,27,30,32,26,28,30,38,33,26,19,19,25,31,37,38,43,51,58,52,49,44,50,46,51,53,58,54,50,52,57,62,68,64,63,55
394413,759,"Brenham, TX",msa,TX,,,,,,,,,,,,,,,,,,,,,,,,,,,,,,,,,,,,,,,,,,,,,,,,,,,,,,,,,,,,,,,,,,,,,,,,104,93,83,82,86
395187,760,"Vernal, UT",msa,UT,,,,,,,,,,,,,,,,,,,,,,,,,,,,,,,,,,,83,81,55,43,34,30,31,32,34,35,53,62,69,53,51,52,46,48,41,46,48,54,60,54,57,60,65,55,49,41,53,57,57,49,51,60,71,69,69,71,69,64
786252,761,"Bonham, TX",msa,TX,,,,,,,,,,,,,,,,,,,,,,,,,,,,,,,,,,,,,,,,,,,,,,,,,,,,,,,,,,,,63,65,65,61,53,48,50,60,74,76,76,78,93,91,86,85,83
394947,762,"Ottumwa, IA",msa,IA,,,,,,,,,,,,,,,,,,,,,,,,,,,,,,,,,,,,,,,,,,,,,,,,,,,,,,,,,,,,,,,,,,,,,,,46,52,59,44,40,37
394430,764,"Butte, MT",msa,MT,,,,,,,,,,,,,,,,,,,,,,,,,,,,,,,,,,,,,,,,,,,,,,,,,,,,,,,,,,,,,,,,,,,,,,,65,70,63,58,52,51
394569,767,"Emporia, KS",msa,KS,,,,,,,,,,,,,,,,,,,,,,,,,,,,,,,,,,,,,,,,,,,,,,,,,,,,,,,,,,,,,,,,,,,,,,,,41,34,38,27,30
394713,768,"Jackson, WY",msa,WY,,,,,,,,,,,,,,,,,,,,,,,,,,,,,,,,,,,,,,,,,,,,,,,,,,,,,,,,,,,104,121,108,79,56,52,62,77,89,93,87,82,88,84,88,79,75,56
845172,769,"Winfield, KS",msa,KS,,,,,,,,,,,,,,,,,,,,,,,,,,,,,,,,,,,,,,,,,,,,,,,,,,,,,,,,,,,,,,,,,,,,,,62,65,71,74,80,76,62
394557,771,"Effingham, IL",msa,IL,,,,,,,,,,,,,,,,,,,,,,,,,,,,,,,,,,,,,,,,,,,,,,,,,,,,,,,,,,,,,,,,,,,,,,,,,,,69,49
394536,772,"Dodge City, KS",msa,KS,,,,,,,,,,,,,,,,,,,,,,,,,,,,,,,,,,,,,,,,,,,,,,,,,,,,,,,,,,,,,,,,,,,,,,,,,,51,53,51
395211,773,"Watertown, SD",msa,SD,,,,,,,,,,,,,,,,,,,,,,,,,,,,,,,,,,,,,,,,,,,,,,,,,,,,,,,,,,,,,,,,,,,,,,,,,39,38,44,48
394331,774,"Angola, IN",msa,IN,,,,,,,,,,,,,,,,,,,,,,,,,,,,,,,,,,,,,,,,,,,,,,,,,,,,,,,,,,,,,,,,,,,,,,,,,,47,45,51
394535,775,"Dixon, IL",msa,IL,,,,,,,,,,,,,,,,,,,,,,,,,,,,,,,,,,,,,,,,,,,,,,,,,,,,,,,,,,,,,,,,,,,,,,,,,48,43,28,22
395149,777,"Taos, NM",msa,NM,,,,,,,,,,,,,,,,,,,,,,,,,,,,,,,,,,,,,,,,,,,,,,,,,,,,,,,,,,,,,,,,,,,,,,,,,,,65,67
394419,778,"Brookings, SD",msa,SD,,,,,,,,,,,,,,,,,,,,,,,,,,,,,,,,,,,,,,,,,,,,,,,,,,,,,,,,,,,,,,,,,,,,,,,,,,26,20,25
394786,783,"Lewisburg, TN",msa,TN,,,,,,,,,,,,,,,,,,,,,,,,,,,,,,,,,,,,,,,,,,,,,,,,,,,,,,,,,,,,,,,,,,,,,,,57,64,60,52,41,42
395084,784,"Seneca Falls, NY",msa,NY,,,,,,,,,,,,,,,,,,,,,,,,,,,,,,,,,,,,,,,,,,,,,,,,,,,,,,,,,,,,,,,,,,,,,,,,,,,,27
394533,785,"Dickinson, ND",msa,ND,,,,,,,,,,,,,,,,,,,,,,,,,,,,,,,,,,,,,,,,,,,,,,,,,,,,,,,,,,,,,,,,,,,,,,,78,66,81,67,63,48
786262,786,"Pella, IA",msa,IA,,,,,,,,,,,,,,,,,,,,,,,,,,,,,,,,,,,,,,,,,,,,,,,,,,,,,,,,,,,,,40,29,28,30,28,33,27,44,44,55,51,60,59,53,42,34
394613,790,"Frankfort, IN",msa,IN,,,,,,,,,,,,,,,,,,,,,,,,,,,,,,,,,,,,,,,,,,,,,,,,,,,,,,,,,,,,,,,,,,,,,,,,,30,30,31,32
395141,793,"Susanville, CA",msa,CA,,,,,,,,,,,,,,,,,,,,,,,,,,,,,,,,,,,,,,,,,,,,,,,,,,,,,,,,,,,,,,,,,,,,,,,,,,152,128,122
394835,794,"Martin, TN",msa,TN,,,,,,,,,,,,,,,,,,,,,,,,,,,,,,,,,,,,,,,,,,,,,,,,,,,,,,,,,,,,,,,,,,,,,,,,,,60,60,68
753878,797,"Dayton, TN",msa,TN,,,,,,,,,,,,,,,,,,,,,,,,,,,,,,,,,,,,,,,,,,,,,,,,,,,,,,,,,,,,,,,,,,,,,,,,77,70,55,54,49
394433,799,"Cambridge, MD",msa,MD,,,,,,,,,,,,,,,,,,,,,,,,,,,,,,,,,,,,,,,,,,,,,,,,,,,,,,,,,,,,,,,,,,,,,,,,87,85,58,51,48
394730,802,"Juneau, AK",msa,AK,,,,,,,,,,,,,,,,,,,,,,,,,,,,,,,,,,,,,,,,,,,,,,,,,,,,,,,,,,,,,,,,,,,,,,,,,,35,26,20
394481,803,"Coffeyville, KS",msa,KS,,,,,,,,,,,,,,,,,,,,,,,,,,,,,,,,,,,,,,,,,,,,,,,,,,,,,,,,,,,,,,,,,,,,,,,42,58,70,75,69,58
394383,805,"Berlin, NH",msa,NH,,,,,,,,,,,,,,,,,,,,,,,,,,,,,,118,118,97,95,83,101,93,72,60,54,39,27,29,35,44,54,54,52,40,42,40,46,37,33,30,37,47,48,44,42,50,67,67,52,33,29,40,44,47,46,53,60,67,72,69,62,53
394670,807,"Hastings, NE",msa,NE,,,,,,,,,,,,,,,,,,,,,,,,,,,,,,,,,,,,,,,,,,,,,,,,,,,,,,,,,,,,,,,,,,,,,,,,,53,50,39,34
753871,811,"Breckenridge, CO",msa,CO,42,36,32,30,34,40,50,56,59,60,66,67,67,63,60,55,52,56,60,68,71,85,87,97,85,74,55,55,54,61,64,71,69,65,52,43,32,22,19,17,19,21,24,22,23,22,23,19,17,13,14,17,22,29,40,49,54,65,70,77,62,53,37,38,41,45,47,51,63,71,78,78,73,56,40,34
394310,814,"Albert Lea, MN",msa,MN,,,,,,,,,,,,,,,,,,,,,,,,,,,,,,,,,,,,,,,,,,,,,,,,,,,,,,,,,,,,,,,,,,,,,,,,,53,52,38,29
394855,817,"Miami, OK",msa,OK,,,,,,,,,,,,,,,,,,,,,,,,,,,,,,,,,,,,,,,,,,,,,,,,,,,,,,,,,,,,,,,,,,,,,,,59,63,68,71,59,57
394751,821,"Kirksville, MO",msa,MO,,,,,,,,,,,,,,,,,,,,,,,,,,,,,,,,,,,,,,,,,,,,,,,,,,,,,,,,,,,,,,,,,,,,,,,,85,79,51,44,46
753901,822,"Ludington, MI",msa,MI,,,,,,,,,,,,,,,,,,,,,,,,,,,,,,,,,,,,,,,,,,,,,,,,,,,,,,,,,,,,,,,,,,,,,,,,,,59,58,59
395206,825,"Washington Court House, OH",msa,OH,,,,,,,,,,,,,,,,,,,,,,,,,,,,,,,,,,,,,,,,,,,,,,,,,,,,,,,,,,,,,,,,,,,,,,,30,36,32,30,26,22
394673,826,"Hays, KS",msa,KS,,,,,,,,,,,,,,,,,,,,,,,,,,,,,,,,,,,,,,,,,,,,,,,,,,,,,,,,,,,,,,,,,,,,,,,,78,76,49,36,29
395185,828,"Van Wert, OH",msa,OH,,,,,,,,,,,,,,,,,,,,,,,,,,,,,,,,,,,,,,,,,,,,,,,,,,,,,,,,,,,,,,,,,,,,,,,,,,42,35,30
753926,831,"Weatherford, OK",msa,OK,,,,,,,,,,,,,,,,,,,,,,,,,,,,,,,,,,,,,,,,,,,,,,,,,,,,,,,,,,,,,,,,,,,,,,,,,,,,111
394892,832,"Mountain Home, ID",msa,ID,,,,,,,,,,,,,,,,,,,,,,,,,,,,,,,,,,,,,,,,,,,,,,,,,,,,,,,,,,,,,,,,,,,,,,,,,50,41,37,36
394864,833,"Mineral Wells, TX",msa,TX,,,,,,,,,,,,,,,,,,,,,,127,147,166,136,134,127,141,147,130,116,119,122,112,97,102,112,109,88,78,74,68,63,59,60,61,73,71,75,60,50,34,28,30,35,39,52,64,82,85,85,81,77,70,70,87,88,91,79,98,97,115,113,118,110,107
394795,834,"Lincoln, IL",msa,IL,,,,,,,,,,,,,,,,,,,,,,,,,,,,,,,,,,,,,,,,,,,,,,,,,,,,,,,,,,,,,,,,,,,,,,,,,,36,30,30
845161,837,"Bluffton, IN",msa,IN,,,,,,,,,,,,,,,,,,,,,,,,,,,,,,,,,,,,,,,,,,,,,,,,,,,,,,,,,,,,,,,,,,,,,,,,,,,23,15
394812,838,"Macomb, IL",msa,IL,,,,,,,,,,,,,,,,,,,,,,,,,,,,,,,,,,,,,,,,,,,,,,,,,,,,,,,,,,,,,,,,,,,,,,,,,62,72,62,61
394615,847,"Fredericksburg, TX",msa,TX,,,,,,,,,,,,,,,,,,,,,,,,,,,,,,,,,,,,,,,,,,,,,,,,,,,,,,,,,,,,,,,,,,,,,,,,156,144,120,108,108
395159,848,"Toccoa, GA",msa,GA,,,,,,,,,,,,,,,,,,,,,,,,,,,,,,,,,,,,,,,,,,,,,,,,,,,,,,,,,,,,,,,,,,,,,,,,72,66,52,36,34
394649,850,"Greensburg, IN",msa,IN,,,,,,,,,,,,,,,,,,,,,,,,,,,,,,,,,,,,,,,,,,,,,,,,,,,,,,,,,,,,,,,,,,,,,,,,,,,38,37
753909,854,"Ottawa, KS",msa,KS,,,,,,,,,,,,,,,,,,,,,,,,,,,,,,,,,,,,,,,,,,,,,,,,,,,,,,,,,,,,,,,,,,,,,,,,,54,32,31,25
394643,857,"Great Bend, KS",msa,KS,,,,,,,,,,,,,,,,,,,,,,,,,,,,,,,,,,,,,,,,,,,,,,,,,,,,,,,,,,,,,,,,,,,,,,,,,,66,63,63
395110,858,"Spearfish, SD",msa,SD,,,,,,,,,,,,,,,,,,,,,,,,,,,,,,,,,,,,,,,,,,,,,,,,,,,,,,,,,,,,,,,,,,,,,,,,,,,39,37
394322,864,"Altus, OK",msa,OK,,,,,,,,,,,,,,,,,,,,,,,,,,,,,,,,,,,,,,,,,,,,,,,,,,,,,,,,,,,,,,,,,,,,,45,51,51,57,49,43,33,43
753884,866,"Hailey, ID",msa,ID,,,,,,,,,,,,,,,,,,,,,,,,,,,,,,,,,,,,,,,,,,,,,,,,,,,,,,,,,,,,,,,,,,,,,,,71,88,86,82,78,67
753921,867,"Steamboat Springs, CO",msa,CO,,,,,,,,,,,,,,,,,,,,,,,,,,,,,,,,,,,,,,,,,,,,,,,,,,,,,,,,,,,,,,,,,,,,,,,61,66,60,60,44,50
394869,869,"Moberly, MO",msa,MO,,,,,,,,,,,,,,,,,,,,,,,,,,,,,,,,,,,,,,,,,,,,,,,,,,,,,,,,,,,,,,,,,,,,,,,,97,84,36,41,47
395004,872,"Prineville, OR",msa,OR,,,,,,,,,,,,,,,,,,,,,,,,,,,,,,,,,,,,,,,,,,,,,,,,,,,,,,,,,,,,,,,,,,,,,,,98,105,88,84,68,65
845170,873,"Scottsburg, IN",msa,IN,,,,,,,,,,,,,,,,,,,,,,,,,,,,,,,,,,,,,,,,,,,,,,,,,,,,,,,,,,,,,,,,,,,,,,,,,,,,27
845169,874,"Rockport, TX",msa,TX,,,,,,,,,,,,,,,,,,,,,,,,,,,,,,,,,,,,,,,,,,,,,,,,,,,,,,,,,,,,,21,28,32,35,46,56,65,58,66,59,71,72,93,100,108,115
394687,875,"Hood River, OR",msa,OR,,,,,,,,,,,,,,,,,,,,,,,,,,,,,,,,,,,,,,,,,,,,,,,,,,,,,,,,,,,,,,,,,,,,,,,,,,,,41
394418,880,"Brookings, OR",msa,OR,,,,,,,,,,,,,,,,,,,,,,,,,,,,,,,,,,,,,,,,,,,,,,,,,,,,,,,,,,,,,,,,,,,,,,,,,,,,81
394564,884,"Elk City, OK",msa,OK,,,,,,,,,,,,,,,,,,,,,,,,,,,,,,,,,,,,,,,,,,,,,,,,,,,,,,,,,,,,,,,,,,,,,,,,,,,,94
394371,891,"Beatrice, NE",msa,NE,,,,,,,,,,,,,,,,,,,,,,,,,,,,,,,,,,,,,,,,,,,,,,,,,,,,,,,,,,,,,,,,,,,,,,,,,,,,26
394403,899,"Borger, TX",msa,TX,,,,,,,,,,,,,,,,,,,,,,,,,,,,,,,,,,,,,,,,,,,,,,,,,,,,,,,,,,,,,,,,,,,,,,,,,,76,72,48
394979,900,"Pierre, SD",msa,SD,,,,,,,,,,,,,,,,,,,,,,,,,,,,,,,,,,,,,,,,,,,,,,,,,,,,,,,,,,,,,,,,,,,,,,,,,,,,51
753914,908,"Port Lavaca, TX",msa,TX,,,,,,,,,,,,,,,,,,,,,,,,,,,,,,,,,,,,,,,,,,,,,,,,,,,,,,,,,,,,,,,,,,,,,,,,,,,,109
753925,910,"Vineyard Haven, MA",msa,MA,,,,,,,,,,,,,,,,,,,,,,,,,,,,,,,,,,,,,,,,,,,,,,,,,,,,,,,,,,,,,,,,,,,,,,,,,,,,93
786257,914,"Fairmont, MN",msa,MN,,,,,,,,,,,,,,,,,,,,,,,,,,,,,,,,,,,,,,,,,,,,,,,,,,,,,,,,,,,,,,,,,,,,,,,,,,,,64
394805,916,"Los Alamos, NM",msa,NM,,,,,,,,,,,,,,,,,,,,,,,,,,,,,,,,,,,,,,,,,,,,,,,,,,,,,,,,,,,,,,,,,,,,,,,,,,18,17,19
395112,922,"Spirit Lake, IA",msa,IA,,,,,,,,,,,,,,,,,,,,,,,,,,,,,,,,,,,,,,,,,,,,,,,,,,,,,,,,,,,,,,,,,,,,,,,,,75,67,55,49