RegionID,SizeRank,RegionName,RegionType,StateName,3/31/18,4/30/18,5/31/18,6/30/18,7/31/18,8/31/18,9/30/18,10/31/18,11/30/18,12/31/18,1/31/19,2/28/19,3/31/19,4/30/19,5/31/19,6/30/19,7/31/19,8/31/19,9/30/19,10/31/19,11/30/19,12/31/19,1/31/20,2/29/20,3/31/20,4/30/20,5/31/20,6/30/20,7/31/20,8/31/20,9/30/20,10/31/20,11/30/20,12/31/20,1/31/21,2/28/21,3/31/21,4/30/21,5/31/21,6/30/21,7/31/21,8/31/21,9/30/21,10/31/21,11/30/21,12/31/21,1/31/22,2/28/22,3/31/22,4/30/22,5/31/22,6/30/22,7/31/22,8/31/22,9/30/22,10/31/22,11/30/22,12/31/22,1/31/23,2/28/23,3/31/23,4/30/23,5/31/23,6/30/23,7/31/23,8/31/23,9/30/23,10/31/23,11/30/23,12/31/23,1/31/24,2/29/24,3/31/24,4/30/24,5/31/24,6/30/24
102001,0,United States,country,,228534.1355,229824.9016,231078.7904,231988.6632,233141.2306,234246.5104,235365.0215,236134.1417,236907.1507,237733.263,238729.7565,239886.2812,241108.3584,242198.3285,243010.9325,243725.0179,244382.4692,245105.0925,245741.5891,246628.1337,247834.6546,249253.3666,250815.5183,252342.163,253930.3463,255290.2305,256055.6858,256486.609,257177.7968,258834.1967,261679.0673,265154.0833,269084.201,272914.5842,276598.5307,280364.3018,284295.0525,288594.0357,293363.1498,298492.2043,303096.1032,306367.8421,308364.7085,310321.8774,312975.1571,316245.1467,320743.9004,326132.0426,332467.089,338798.6506,344456.549,349185.8946,351671.2461,352049.5604,350757.8965,349515.8292,348496.028,347569.8088,346355.9757,345468.8721,345406.1717,346389.4647,348047.159,350022.8125,351804.9988,353458.7914,354708.2393,355643.2076,356305.5594,356745.117,357182.5335,357984.1335,359543.0764,361420.1507,362870.0766,363438.0165
394913,1,"New York, NY",msa,NY,475797.1629,477692.7416,480297.2546,482518.4988,484945.4871,486973.7421,488827.6496,489857.0856,490744.4235,491363.5988,492411.1297,493990.1567,496006.1108,498202.0103,499659.6234,500944.1717,501645.1504,502138.5456,501867.9368,501903.0038,502884.1827,504559.1656,507023.9229,509289.6718,511895.7205,514265.1945,516143.1392,516488.0814,515562.2038,514869.9887,516561.5707,520309.8111,525736.2591,532107.2566,538170.7728,544509.5189,550393.8092,556291.4801,561978.0481,567077.92,571329.8583,573888.8091,575451.02,577655.0755,581191.4604,585178.8901,589417.8525,594084.4125,600446.2312,607139.8355,613894.022,620073.477,624005.8949,624737.1037,622198.5789,619601.3422,617551.316,616103.7043,615273.1848,613897.6621,614217.3851,616252.8831,620338.5669,624565.6866,628217.4456,631562.1581,634326.442,636705.8215,639049.9545,641851.6227,644776.0713,648869.9425,654340.6849,660525.0598,665241.637,668360.5384
753899,2,"Los Angeles, CA",msa,CA,637040.9032,643005.441,647787.3817,651376.1015,655131.5787,660781.9383,668322.7509,676332.0605,682002.9175,685025.4106,682518.3146,675981.3489,668019.4887,662944.4527,660359.7871,659050.982,659906.9642,663814.8275,670238.3077,677114.7628,683380.6019,689066.271,692406.851,693995.3644,694790.4606,695791.4,694816.5346,691884.3398,691556.2531,696787.0873,708000.6277,721424.4886,736290.3449,750472.868,760024.4353,765983.3542,769295.1067,776361.9331,786381.2368,798762.4599,810926.6638,820233.5938,827446.5617,834414.7682,843077.5675,853486.0161,865999.031,880801.9672,897440.3177,912532.3914,924396.3256,931084.8023,932982.4467,929790.3219,923912.1159,918446.7967,914560.2043,911316.6645,902707.7653,891394.5467,881261.1982,878794.8038,882719.8894,890809.4212,902438.5296,916508.7476,930715.3783,942535.4146,951430.6446,957016.4197,957175.8425,954110.3669,952950.9429,956553.1306,962676.7679,966785.7735
394463,3,"Chicago, IL",msa,IL,234066.4266,235312.7587,236288.1157,236396.2352,236438.0507,236353.195,236453.9741,236598.6249,236912.9205,237513.2323,238418.1346,239647.4374,240807.9787,241737.0277,242159.1226,242371.2498,242186.3776,241965.786,241502.7835,241389.7933,241591.8384,242235.3817,243386.1499,244756.9688,246195.2078,247093.7261,247189.2854,246718.0545,246231.5856,246565.6101,248173.0137,250672.186,253768.2117,256847.063,259906.3924,263230.4411,266684.4612,270000.1137,273041.2225,275971.3836,278417.8069,279850.3838,280119.2483,280267.3414,280952.3701,282458.0761,285133.5742,289030.8756,293890.5822,298592.1659,301870.7013,304085.7418,304623.3509,303993.6105,302279.421,300900.8598,300112.5644,299683.3503,299061.6753,298904.8391,299563.8871,301293.3377,303533.3897,306151.4564,308749.4726,311257.951,313127.5972,314519.594,315452.4498,316099.7022,316772.9415,318185.6673,320641.4094,323564.5939,325723.0543,326968.4879
394514,4,"Dallas, TX",msa,TX,244151.1389,245821.7578,247391.9684,248461.7296,249561.7349,250388.0765,251140.9623,251581.9914,252072.3074,252783.435,253711.527,254717.1947,255582.1463,256057.6661,256253.0424,256313.8475,256410.802,256654.2598,257038.9528,257735.7784,258720.0404,259938.5784,261483.4644,263051.0809,264541.6877,265326.3572,265316.9309,265098.9144,265462.8175,266902.6886,269402.7199,272521.8902,276170.7515,279857.6494,283756.6614,287881.6433,292479.2156,297561.2714,303416.6343,309546.1956,315099.9039,319404.1142,322771.655,326354.1629,330774.6327,335848.6609,342899.7847,351363.5675,360968.1324,370456.5495,379045.701,386408.5358,390452.7648,391124.2826,389402.3834,387314.0855,385376.5386,383360.2449,380762.2029,378446.1671,376875.0753,376311.1909,376603.5111,377440.0529,378439.0436,379381.6939,379806.0766,379923.1518,379781.3046,379448.0276,379470.1581,379962.0637,381143.1058,382131.1836,382277.8676,381600.2437
394692,5,"Houston, TX",msa,TX,210381.4306,211184.5003,212184.2809,213022.2768,213969.3581,214770.7285,215573.8998,216240.1772,216976.8259,217764.1967,218585.5259,219436.4313,220246.0514,220849.4148,221303.1887,221616.5082,221935.4396,222303.2047,222773.7921,223410.7861,224285.8078,225234.1195,226211.523,227065.584,227883.4691,228390.4872,228388.9443,228346.6663,228749.3106,229923.4021,231707.5051,233894.183,236555.9245,239232.7439,242017.1563,244825.3965,247942.3402,251314.592,255224.1236,259506.6868,263461.2542,266523.2402,268820.5903,271360.7459,274561.2568,278167.7273,282789.196,288020.8829,294120.5365,299978.5223,305341.1603,309915.1562,312995.6446,314325.7837,314238.18,313706.5427,313068.4354,311867.7225,310066.3246,308355.972,307184.0102,306726.5289,306884.5395,307705.7331,308647.3134,309540.2459,309904.152,309930.2974,309640.2685,309219.4921,309213.3862,309596.4821,310595.817,311629.4642,312171.8679,312051.87
395209,6,"Washington, DC",msa,VA,412232.5777,413442.0601,414671.8556,415239.9489,416287.4241,417247.8421,418462.534,419399.3462,420349.7368,421279.5737,422222.2519,423605.2831,425524.0005,427616.8285,428977.5748,429731.0883,430122.9213,430730.9474,431352.2336,432356.26,433833.8075,435890.0139,438448.6293,441226.567,444055.9328,446406.1383,447569.2113,447812.5083,448308.6019,450490.3541,454743.4507,460202.5953,466216.8149,471925.7957,477088.0706,482396.119,488277.2975,494880.0374,501577.1094,507423.1467,510996.2309,512243.7923,511663.7118,511533.0523,512343.5257,514528.8978,518527.7306,524584.5636,532653.6671,540620.4226,547217.0558,550923.8279,550880.5784,547641.9595,543004.5247,539833.7961,538115.4162,537443.7245,536660.3788,536391.764,536526.1607,538075.3522,540670.4869,544363.6907,547776.3686,550546.1087,552307.3384,553460.7672,554127.1781,554695.7166,555122.7252,556585.4843,559663.2452,563905.6194,567390.7446,569099.4856
394974,7,"Philadelphia, PA",msa,PA,237167.7177,238137.6089,238819.1431,238943.2083,239193.1426,239603.2857,240275.5819,240922.7179,241677.5493,242447.0101,243406.3359,244541.4315,245768.7159,246794.1144,247460.6953,248120.349,248749.4661,249384.5009,249875.7312,250537.3,251655.6851,252918.0409,254550.9188,256369.7462,258565.0815,260642.2355,261888.6539,262361.3864,262701.04,263783.3515,266125.6487,269413.7138,273593.6934,277939.652,281991.4957,285896.0272,289745.3463,293567.3612,297360.6912,301077.0392,303829.4065,305091.6828,304689.6903,304397.2909,304838.5909,306457.7953,309654.7466,314059.0888,319459.5531,324779.2223,329551.5608,333346.5355,335033.7987,334916.39,333824.9762,333428.6627,333599.0953,333909.2021,333920.2285,334062.0978,335049.0457,337012.5507,339906.8981,342933.1821,345880.4889,348586.3735,350901.8457,352621.9003,354009.2363,355203.4341,356424.5363,357996.4568,360353.5117,363126.2698,365205.1596,366139.7482
394856,8,"Miami, FL",msa,FL,275784.7282,276932.5475,278354.2204,279630.4898,281296.805,282811.002,284257.6844,285497.535,286966.9345,288638.2655,290018.1798,291167.0739,291823.5412,292186.852,292043.5859,291971.6573,292121.7192,292643.1559,293338.9,294406.0872,296038.3358,298060.6147,300486.4199,302680.5264,304572.57,305527.7985,305445.2071,304990.6548,305055.0821,306421.365,308971.2213,312146.6346,316041.8285,320037.1465,324103.3479,327975.2401,331967.5382,336227.3762,341324.6204,347338.6463,353494.4773,358868.5165,363256.2436,367473.2499,372424.7501,378097.0188,385701.15,394627.8018,405211.3878,416153.5076,426544.5573,435887.9593,442752.4368,446966.5688,448573.6536,449460.3571,450352.7415,451517.8994,452068.2173,452319.8434,452910.6598,454476.1212,457038.7632,460614.3753,464313.4473,468014.4669,470959.1945,473828.8111,476737.1507,479429.6614,481822.5465,483764.7138,485920.6079,487908.3744,489603.4986,490171.0686
394347,9,"Atlanta, GA",msa,GA,220609.1558,222176.7185,223663.3279,224778.3981,226238.2397,227675.323,229328.415,230765.8977,232293.5416,233904.5895,235533.2161,237035.0077,238301.9423,239303.3347,240086.9924,240675.9166,241263.131,241938.2695,242641.2874,243551.8054,244782.0253,246386.6167,248262.9347,250103.2385,251756.9536,252907.379,253297.3823,253496.4969,254141.2152,255887.9549,258726.7653,262350.6793,266523.0745,270769.5139,275101.8459,279684.6215,284565.1772,289631.1019,295111.5471,300996.4693,306476.1319,310998.3991,314845.5791,319268.9838,324646.0004,330706.1871,338105.6568,346109.0666,354647.1183,362568.6072,369533.7646,375195.4548,378337.9165,379121.0657,378058.4556,376717.7864,375307.7914,373729.3973,372004.3923,370713.5769,370382.5292,370791.347,372072.4844,373818.2247,375803.1808,377697.3729,379320.7107,380603.2476,381563.1118,382246.6262,382801.5516,383741.8684,385293.3746,387087.6214,388244.7437,388470.5845
394404,10,"Boston, MA",msa,MA,471883.5897,474980.0375,478230.2104,480910.4364,483617.8002,485754.5999,487581.3355,488263.2383,488557.523,488199.7094,488032.861,488294.7239,489266.6445,490936.4058,492194.7034,493280.5168,493739.8569,493887.8791,493749.7749,494408.3443,495996.7491,497802.9839,500250.4003,503104.8778,506742.9204,509812.7024,511683.2935,512545.8002,513428.7243,516122.7032,521309.8987,528227.7575,536177.1074,544055.5701,551117.6042,558133.3035,565276.1419,573117.1587,581264.7944,588755.7321,593623.3671,594850.5745,593695.4995,592957.4784,593804.974,596016.3936,601547.6176,610366.3163,622431.0824,633987.1421,643944.5224,651016.2288,653644.7047,651409.7786,645839.0185,641239.2352,638682.9989,637937.4654,636663.9829,635486.6959,635700.725,639292.0003,645304.8837,652296.015,659056.2762,665616.6781,671368.9441,676080.646,679604.2967,682417.3674,684440.8591,687181.0661,691910.7799,698044.8319,703256.7432,706038.5543
394976,11,"Phoenix, AZ",msa,AZ,260389.5208,261969.9315,263706.9527,265474.6026,267610.0571,269537.624,271369.304,272830.2738,274147.8201,275289.1792,276630.1032,278197.8477,279663.6746,280838.4675,281680.8153,282571.5027,283412.9532,284548.2311,285996.2875,287809.9228,289947.0141,292150.4854,294952.1075,298162.8483,301889.3156,305216.4212,307503.4071,308999.6898,310624.4727,313438.8019,317944.5019,323337.1374,329253.4847,335010.3202,340725.6696,346785.0809,354031.2793,362505.3562,372665.372,383787.8269,394841.7733,404585.3483,412760.0489,420066.8545,426988.928,433420.6729,440237.0676,448046.5803,457720.2117,468424.6701,478966.0316,487622.0355,491858.3137,490507.4052,484257.6728,476455.9134,468057.3962,459820.0382,451805.6122,445584.0115,441984.8082,440627.4733,441054.4386,442741.7974,445287.6116,448141.4122,450556.5339,452626.9266,454253.2069,455075.8566,455443.6915,456026.9876,457479.8593,459163.0927,460435.4576,460512.553
395057,12,"San Francisco, CA",msa,CA,918817.1313,927411.6201,936609.3154,944437.8727,948446.3016,950223.9774,951192.7352,953483.5208,954622.8791,953722.8412,951231.8903,947234.7077,943825.5233,941458.2132,939993.1737,940038.0026,941130.3825,943556.2668,945428.4267,946804.9995,948774.2212,951340.2529,954773.9608,959288.6031,965378.2463,970610.8177,970359.2023,965782.4672,962149.3976,964809.5393,973822.0112,985742.6655,999944.8898,1013987.456,1027439.258,1040122.271,1054189.435,1071382.875,1090957.828,1110687.349,1126837.864,1135232.371,1137859.841,1139711.807,1145600.204,1154592.39,1171511.778,1197395.362,1230141.385,1256920.514,1271955.214,1272883.335,1259890.222,1235585.673,1207010.751,1183828.172,1166977.748,1154327.882,1139715.666,1127283.381,1118235.118,1116381.946,1118620.971,1123641.591,1130673.783,1138713.403,1146390.969,1151720.87,1153202.485,1151162.142,1146642.242,1144163.276,1149506.607,1161400.439,1174127.452,1180320.7
395025,13,"Riverside, CA",msa,CA,359311.5182,360131.5272,361316.9112,362693.6116,364313.1855,366068.6548,367953.8336,370308.804,372235.1269,373900.2446,374636.669,375292.6844,375706.1583,375999.3403,375638.0632,375217.2087,375119.1116,375695.2734,377027.8457,379109.268,382046.2613,384992.8563,387463.0029,389219.7666,390737.0024,391919.2178,392325.1173,392140.7687,392647.6998,395008.4705,399938.5903,406706.5048,415019.7728,423725.474,431507.6573,438708.6212,445747.5136,454078.2975,463675.0773,473684.3796,483083.6194,490829.8686,497233.3893,503264.6688,509765.5141,516960.7676,525495.3597,535252.3843,546473.823,557531.9278,567053.5928,573752.12,576455.8051,575107.9583,571081.7412,567406.2249,564402.2823,561701.7318,557146.5576,552412.2992,548803.7198,547841.212,549151.649,551918.9341,555586.429,559756.3434,563827.9893,567935.0073,571453.8834,574644.3982,576642.1789,578009.2867,579548.7358,581676.6785,584338.6609,586146.0772
394532,14,"Detroit, MI",msa,MI,166448.171,167944.4496,169372.7268,170358.9488,171443.8222,172196.6145,172882.8104,173101.4497,173488.6137,174071.4045,175366.6329,177017.7223,178900.6843,180459.1094,181698.6377,182635.4052,183149.7359,183268.1863,183055.6826,183089.5845,183546.2927,184171.7502,185018.2601,186086.1982,187380.6994,188558.6857,189075.2066,189251.7543,189455.8501,190260.1243,191949.4335,194258.422,197169.0363,200099.4358,203087.5408,206284.5503,209712.2473,213290.0433,216833.2239,220256.7411,222639.4467,223580.4292,223221.8576,222697.6503,222619.8598,223076.3521,224936.3877,228105.5609,232409.4889,236631.0733,240109.7948,242673.4026,243495.196,242781.4802,241123.9061,239876.0564,238997.3657,238374.7782,237670.9102,237542.961,237959.8609,239068.9651,240606.2307,242403.6559,244062.9869,245555.9086,246734.0642,247801.1441,248600.8207,249149.9038,249663.906,250775.1108,252704.6002,254959.1066,256570.1481,257336.5412
395078,15,"Seattle, WA",msa,WA,488703.1085,495274.5161,501407.4236,505359.3415,508944.8894,510816.5194,511469.6803,510489.387,509252.0852,508111.2995,507083.0659,506782.8104,507895.0924,509381.0258,510511.5486,511099.9064,511262.7242,511462.0507,511548.2211,512707.3939,514919.5001,518245.3869,522018.3249,526597.8879,532020.0654,537801.2845,541138.3422,542450.9044,543193.2717,546613.8252,553562.4365,562519.3802,572735.4135,582272.7044,591428.1566,600994.4763,612225.7861,625703.8967,640166.4804,653449.8785,662994.1807,667529.8237,669077.4393,670571.2249,674546.123,681579.8011,694793.5817,713182.7211,736108.583,757434.8948,772823.5161,778289.2218,772319.042,758814.1631,743018.945,731634.7077,724775.7212,720374.8103,714451.9281,708840.1223,704171.357,702374.3996,702731.3282,705460.8985,709742.0929,714854.9782,719400.459,723024.281,725361.9508,726842.8218,728013.8354,730277.4087,734969.4828,741047.5615,746300.4262,748590.8544
394865,16,"Minneapolis, MN",msa,MN,276336.5407,278684.6993,280737.6656,281961.0872,283270.8752,284303.0571,285226.9469,285560.1604,285893.9766,286642.7477,287884.7384,289788.3336,291780.518,293460.1787,294384.5479,294985.6664,295345.4518,295668.8777,295850.3625,296379.8494,297434.7983,298947.0033,300925.4755,303185.1887,305612.6818,307708.9483,308689.0863,308687.8842,308336.9188,308955.518,311165.3672,314637.9397,318705.2246,322851.302,326714.2843,330803.5691,335012.2087,339568.9995,344430.2407,349311.5334,353358.7537,355514.4306,355909.9054,355860.9708,356557.1868,358064.2512,360978.6989,364940.1699,370086.8231,375314.0865,379716.8303,382657.1782,382836.5237,380873.3409,377724.5217,375649.747,374382.8793,373396.0812,371971.2352,371036.8619,370883.7159,371738.392,373086.7565,374874.8424,376512.0674,377826.283,378502.4848,378443.7552,378004.0472,377405.0483,377033.1885,377321.2787,378558.2864,379933.7563,380459.5121,379821.7381
395056,17,"San Diego, CA",msa,CA,585383.7091,587198.451,589491.1466,591298.4508,592931.172,594277.6748,595535.9254,596820.7718,597457.9432,597249.8985,596796.7423,596579.3685,597552.3806,598898.7006,599652.5434,600166.568,600174.564,600913.0603,601364.949,602515.5757,604653.8854,607910.5912,611708.4074,615952.9803,620598.1719,625373.5219,627780.8756,628039.4032,627845.7887,630369.6811,636903.2729,646046.5214,657649.4363,669674.3308,681358.1804,692387.0635,704003.5464,717703.7411,733598.3938,749746.2241,762785.2808,769915.1763,772620.0181,775002.6425,780248.9648,788625.9467,803892.0432,825953.0131,853703.0081,879013.1673,897619.3358,907817.9481,908147.3147,899987.005,886603.6458,874573.4198,865436.9648,858690.7465,851452.2797,846254.56,844438.049,847618.0531,854420.2697,863943.1586,875380.804,887345.5932,898905.9155,908390.3791,914917.5729,918361.6997,920672.6453,925290.8734,933652.7222,944085.8405,953013.0099,957581.8941
395148,18,"Tampa, FL",msa,FL,209055.6466,210406.2234,211701.4477,212727.1131,213969.26,215232.3436,216494.1619,217469.4847,218545.964,219746.5691,220980.4398,222083.0635,222885.8795,223607.6509,224142.4349,224889.0151,225679.5796,226661.1031,227473.2538,228427.6062,229660.5523,231235.7872,233464.7704,235593.6526,237517.9692,238587.2977,239074.9754,239512.651,240426.4859,242237.5709,244935.063,248043.9427,251717.8163,255421.2707,259458.4332,263774.8774,268558.5193,273635.516,279271.35,285761.0704,292501.3231,298480.4188,303391.747,307951.1308,313142.8896,318716.4513,325749.545,333868.1319,343525.3478,353899.3057,364067.1415,373170.342,379327.6984,382264.6575,382142.0659,380607.7127,378326.3028,375688.7228,372909.6171,370777.8416,369761.979,369639.1079,370334.2999,371880.6856,373649.3206,375432.5592,376613.4591,377735.4498,378557.6109,379384.1356,380061.5657,381044.7889,382121.1217,382879.8479,382889.3684,381940.5537
394530,19,"Denver, CO",msa,CO,405457.6729,408135.1803,410709.1271,412498.1397,414345.7708,415682.4116,417062.8725,418075.4202,419016.3237,420178.6533,421768.4194,424107.5534,426613.0262,428688.9662,429528.5941,429922.4089,430075.3686,430725.3633,431464.1222,432798.4738,434678.3006,436870.2781,439257.7412,442052.2808,445429.0602,448732.5433,450143.5186,450139.8743,449998.9198,451728.1571,455858.7095,461579.2498,468108.8497,474359.572,480237.9972,487034.1186,495724.8495,506017.3579,516979.2114,527396.8033,535473.3906,540510.8511,543064.335,545862.2518,550160.5975,555807.678,564183.2739,575692.5974,590009.6066,603786.9655,614393.2445,620229.7707,619828.954,614357.1229,606460.6021,600160.0929,595449.9801,591523.606,587247.3204,583553.8791,580560.5491,579037.7821,579200.2843,581061.0136,583654.2675,586363.1719,588710.0491,590497.6618,591187.4059,591292.7124,590819.4828,590713.9693,591183.0088,592379.7086,593081.7799,592719.708
394358,20,"Baltimore, MD",msa,MD,283422.485,284259.656,285063.7653,285368.7312,286034.2603,286633.9371,287297.19,287534.8995,287855.2288,288129.3186,288708.8895,289672.1648,291111.7346,292627.8999,293621.0716,294205.0353,294540.7399,294893.0127,295101.5559,295325.8999,295985.3372,297086.8717,298490.7497,299920.4346,301441.1502,302872.2345,303404.6931,303243.2482,303231.7647,304355.249,306888.0375,310198.0441,314096.6561,317843.3253,321313.4198,325019.2672,329096.3939,333471.3074,337728.6811,341520.6611,344190.8905,345447.1856,345432.8116,345560.1067,346384.6316,348244.4791,351123.6092,354550.6363,358544.5127,362542.8814,366329.9081,369203.3039,369991.3309,368859.1665,366710.1681,365439.5606,364858.3346,365002.7258,365620.0806,366763.0352,368254.8554,370075.6274,372350.2625,374831.5042,376760.767,378158.0484,378915.8705,379443.0621,379602.5671,379707.7715,379952.7318,381162.9209,383647.4538,386415.0589,388364.5914,388667.4884
395121,21,"St. Louis, MO",msa,MO,171449.5491,172224.561,172919.9305,173295.8688,173757.8106,174248.005,174872.2882,175260.1708,175651.6979,176041.2125,176692.5177,177633.5269,178684.2253,179517.2693,179987.7603,180268.313,180407.5763,180584.8754,180796.8401,181387.3343,182193.339,183099.8928,184172.1178,185341.7314,186606.2825,187674.8212,188240.5494,188563.7268,189159.5014,190556.3095,192902.4038,195641.3345,198521.4527,200997.9174,203138.9092,205349.1099,207837.9407,210605.9721,213488.4719,216245.0535,218047.8998,218614.063,218219.2853,218095.1397,218661.2332,219803.0743,222055.9999,225243.98,229200.2268,232966.8525,236007.5271,238648.3202,240011.4617,240144.5191,239197.9527,238515.5567,238227.7822,238276.2671,238094.1835,238180.0725,238824.6003,240500.356,242755.0952,245191.9755,247147.1438,248740.4225,249761.2074,250406.9917,250727.9963,250934.8109,251201.9872,251974.3289,253252.3985,254730.6046,255790.9325,256453.1791
394943,22,"Orlando, FL",msa,FL,228699.6267,230409.3338,232130.2035,233517.1196,234962.032,236408.9618,237971.7947,239379.6104,240700.4994,242058.3833,243549.4953,245309.3137,246830.5292,247924.6556,248632.0967,249331.2593,250071.7241,250792.2104,251494.6323,252343.721,253504.7764,254965.6158,256744.0285,258480.9437,260139.3684,261418.6918,262048.9212,262393.8758,262970.18,264472.4268,266774.0496,269478.9271,272518.6155,275456.4279,278534.0077,281671.6725,285127.36,288909.331,293375.2876,298814.4425,304025.0719,308629.786,312321.1129,316497.3459,321463.6241,327096.3404,334178.802,342380.527,351828.1009,361638.3756,370947.8187,379306.1977,385125.6882,388239.3776,388864.5,388483.9969,387812.9171,386800.8142,385413.6103,384199.9233,383822.95,384195.3531,385266.1486,386816.5985,388620.3584,390391.7498,391780.9049,392961.2491,393978.9033,394952.2852,395871.1095,397014.2407,398273.853,399364.0087,399712.0228,399253.401
394458,23,"Charlotte, NC",msa,NC,217911.5262,219229.9851,220380.2553,221299.5354,222427.6704,223608.299,224907.5057,225965.8379,227053.9962,228069.489,229303.4106,230459.8784,231599.6117,232610.7503,233612.7132,234495.8579,235374.8829,236294.234,237164.3047,238236.1047,239582.1258,241147.658,242790.6078,244410.9272,246193.7572,247829.0924,248923.9774,249799.6925,251068.9308,253358.7748,256739.3312,260770.3918,265230.7943,269715.4912,274087.2632,278589.8195,283287.1242,288373.8835,293958.3911,300121.7773,306162.2583,311320.971,315662.0796,319922.6107,324892.7403,330185.1394,336461.941,343292.6017,350955.4795,358837.1829,366290.3934,372929.1742,377011.306,378323.2818,377165.4861,375656.8243,374104.8754,372294.3696,369806.5664,367572.1682,366365.6401,366352.6575,367161.7764,368797.2143,370785.8789,373132.5598,375167.336,376929.1727,378320.3338,379149.08,379788.0663,380769.4681,382780.7535,384905.1294,386527.5814,386866.1187
395055,24,"San Antonio, TX",msa,TX,199211.5485,200065.14,200966.2302,201729.9437,202628.3413,203448.0993,204167.5349,204754.5744,205450.7366,206339.8102,207149.2337,207734.4557,208102.9592,208430.1745,208853.5761,209367.6639,209905.1766,210607.1416,211418.8742,212493.8732,213684.1322,214873.3368,216088.201,217235.1492,218247.1928,218893.7753,219186.601,219482.8216,220273.4575,221628.3556,223755.3125,226311.9854,229270.7233,232050.2087,234767.3746,237573.5428,240772.4828,244273.3512,248279.7332,252616.1388,256860.968,260257.9421,262906.0068,265404.5542,268600.4397,272243.1299,276821.9436,281722.1188,287174.7066,292653.909,297761.4229,302084.9051,304668.698,305282.4435,304399.5822,303294.5703,302326.9271,301521.9911,300620.9468,299380.9418,298086.2781,297024.5964,296760.2901,297094.266,297258.3511,297217.4699,296515.7941,295444.4668,294089.2188,292555.0348,291356.4911,290630.6094,290650.1275,290923.9088,290899.7095,290482.5274
394998,25,"Portland, OR",msa,OR,399635.1223,401992.105,403877.3299,404598.5948,405480.3746,405923.1881,406423.7903,406370.811,406400.3929,406938.9316,408134.9544,409961.3217,411848.4352,413271.9065,413757.3041,413776.9751,413461.5744,413411.0805,413652.863,414581.5981,416370.7147,418724.3044,421918.8596,425179.1851,428576.5315,431078.8547,431957.5742,431665.3804,431522.8282,433529.2665,438061.6286,444325.3571,451576.1754,458746.9983,465635.6195,472981.0296,481187.0184,489817.4581,498225.3461,505597.3757,511943.2513,516510.299,519830.9952,522831.0088,526467.8885,530953.1408,537207.2415,545450.9877,555545.3904,565627.5305,573802.1983,578419.751,577371.6068,571654.9844,563830.1195,558025.7997,553988.0096,550590.971,546403.4366,543012.3996,541192.2217,541475.8074,543299.3442,545878.4829,548414.0662,550397.5355,551553.8381,552108.8325,551981.5482,551738.0852,551673.9125,552088.7635,553269.0925,554444.2509,555173.5206,554846.5602
395045,26,"Sacramento, CA",msa,CA,409697.7885,412076.4874,414501.3316,416454.2706,417716.8291,418226.116,418570.8693,419126.104,419563.4171,419964.509,420809.8838,422337.5638,424460.6977,426273.2916,427538.9324,428233.4089,428675.5929,429096.7682,429817.71,431066.0149,433083.8881,435170.233,437557.3422,439981.4058,442865.0614,445283.8725,446048.7808,445675.7507,445526.1495,447458.8265,451996.8556,458462.8748,466478.6555,475028.0897,483489.5861,492154.3068,501185.9745,511344.8876,522370.6827,533191.1123,542557.4772,548663.3145,552453.8482,555244.5817,559302.9902,564558.0904,572724.6858,582869.4829,595077.1199,605797.2262,613917.7464,617963.4351,617129.1194,611314.1164,602342.0096,593747.8834,586315.9566,579238.8517,571411.6454,565070.7839,561374.4969,560704.9056,561541.6341,563808.3893,567130.5695,570896.4646,573468.2875,574957.471,575597.4675,575933.4044,576023.5641,576792.58,579188.5193,582381.2994,585119.0667,585947.8584
394982,27,"Pittsburgh, PA",msa,PA,153475.9098,154355.9252,155031.7218,155469.1426,156017.9009,156694.6286,157156.439,157318.9278,157334.5021,157389.8232,157706.559,158461.905,159375.8962,160200.181,160751.769,161364.5721,161950.229,162466.1149,162773.8756,163289.5186,164008.1245,164948.7125,166040.7555,167291.8009,168588.5185,169812.4972,170378.2307,170443.4913,170640.3329,171646.2007,173885.7128,176538.2223,179562.842,182210.5893,184556.1309,187023.2149,189596.7143,192238.5291,194702.256,197386.3514,199306.1651,199927.3949,198788.0813,197598.5097,196897.2756,196945.8321,198333.3559,200954.4087,204405.3509,207088.0039,208688.2432,209735.1655,209716.7697,208828.1628,207250.7104,206416.8915,206055.2998,205624.7106,204784.2775,203756.2426,203444.7905,203928.0931,205358.2532,207129.0227,208920.9883,210585.0597,211897.4169,212772.6879,213183.8234,213358.8472,213534.5114,213982.2092,214963.6003,216389.7446,218063.0205,219454.6541
394466,28,"Cincinnati, OH",msa,OH,176299.5041,177537.0879,178888.665,179852.1595,181060.1078,182131.5768,183253.9338,184015.1654,184793.2493,185551.0038,186578.0033,187826.3822,189233.2028,190414.1354,191181.9357,191814.9618,192397.4779,193089.3475,193782.8453,194643.4802,195728.0711,196862.8613,198176.4511,199430.7639,200874.8589,202147.0101,203131.878,203954.1516,205141.9372,207157.4494,210062.1689,213420.0943,216998.6812,220410.5778,223523.8457,226545.6721,229630.4284,232916.662,236337.0933,239679.0348,241974.8568,242875.56,242687.2828,242956.5455,244032.8374,245779.415,248598.6097,252301.7295,256550.1879,260777.5742,264408.5458,267657.9835,269221.1871,269214.9144,268062.7214,267262.6297,267243.7937,267515.8293,267416.851,267455.06,268243.6823,270038.6752,272629.6358,275292.505,277669.5636,279404.002,280483.2913,280988.4209,281263.316,281512.8676,282080.6343,283091.9791,284975.0492,287091.6361,288909.9106,289964.6868
394355,29,"Austin, TX",msa,TX,306008.2853,306826.597,307686.5499,308300.9908,309225.6536,310029.1149,310776.8685,311396.4874,312176.1182,313076.2633,313700.1245,314209.2957,314614.821,315080.6352,315645.7524,316283.3905,317046.1464,317999.6569,319187.0837,320890.4143,322954.2011,325314.2291,327951.874,330677.1845,333461.8917,335737.9009,337048.7437,337852.2436,339213.3639,342084.1034,346741.5377,352399.3296,358921.6908,365709.8433,373148.8207,382133.6488,394644.899,412169.5338,433678.3295,454935.5435,470866.258,479987.7299,483699.0609,486154.25,489568.0219,494914.361,504047.7427,516051.8853,531154.3672,546024.2958,558579.2349,565995.4781,565109.5999,557355.9965,545452.9351,534459.5746,524901.2823,516387.0136,508240.3562,500803.8366,494782.7072,490385.6882,488046.7159,487028.9807,486084.6455,484615.537,482339.8315,479627.5928,476584.8249,473539.3717,471058.7527,469324.8792,468745.6899,468695.7506,467986.0275,466102.7678
394775,30,"Las Vegas, NV",msa,NV,261864.9038,264624.9002,267649.9418,270872.6493,274627.4362,278414.0466,281863.218,284679.1784,286924.5274,288573.5552,289837.0853,291120.5295,292342.1583,293378.0362,293659.6417,293925.0831,294067.4449,294422.9876,294531.6048,294691.1343,295070.5039,295755.7586,297118.485,298603.8567,300278.2638,301514.1896,301911.7973,301805.477,301788.8281,302769.2557,304550.592,306897.7709,310016.1527,313588.8044,317221.8678,320930.7571,325339.5618,330655.9794,337383.8344,345385.8195,353903.028,361630.8359,367991.1924,373666.9235,379559.3015,385284.2498,392244.0599,400570.4475,410993.8101,421923.8083,432095.4874,440418.0421,445066.4008,445298.8301,441216.4973,435333.0379,428520.9689,422041.794,415713.7061,410511.2843,406678.2748,404460.9356,403522.1215,403994.8537,405482.641,408003.7412,410449.1396,412704.4277,414787.3008,416874.2373,418703.6552,420591.6502,422669.3354,425361.4153,428056.3699,430322.34
394735,31,"Kansas City, MO",msa,MO,193360.2661,194968.2122,196389.6606,197333.9896,198214.6096,198953.287,199766.9032,200419.0056,201156.401,201846.4259,202805.1191,203915.8043,205289.7942,206450.877,207317.8179,207861.7463,208134.4761,208316.9904,208472.106,209113.8559,210186.3295,211529.6301,213129.6476,214857.9029,216770.5134,218240.6556,218969.2468,219237.9178,219926.2735,221667.8348,224641.9353,228168.1542,231887.313,235219.6925,238093.2668,241155.3648,244860.1406,249147.4467,253547.7427,257473.3387,260241.01,261471.8835,261503.2095,261579.8503,262469.0313,264137.8853,267273.2935,271532.9032,276852.6909,281942.3143,286263.1672,289589.3255,291130.1287,290976.1894,289648.8271,288730.9453,288541.8183,288797.8343,288916.312,289297.4076,290244.566,292140.4063,294441.9636,296822.0476,298795.78,300427.4382,301620.0859,302622.5766,303155.6043,303445.0042,303716.9721,304577.1645,306075.1114,307589.9859,308519.8626,308833.3347
394492,32,"Columbus, OH",msa,OH,187753.9247,189274.9187,190912.2733,192079.0488,193271.6239,194372.6326,195512.9395,196357.5463,197136.9669,197948.7445,198911.2154,200027.5206,201340.5444,202735.0427,204179.5474,205635.9738,206934.0571,207924.5433,208644.7357,209511.2535,210628.7564,211869.8023,213168.9996,214551.8641,216206.0345,217920.6696,219205.938,220139.7665,221163.5237,222919.0809,225645.1508,229010.035,232730.3693,236282.836,239575.6385,242907.9839,246577.5027,250545.2785,254616.9466,258471.9519,261121.5104,262016.1302,261592.6268,261338.6633,262111.8574,263666.4282,267093.3344,272140.6245,278334.0438,284278.8347,289301.7914,293447.6061,295706.1542,296331.6684,295744.4462,295166.1476,294736.597,294300.0161,293499.7253,293243.556,293716.5043,295331.1197,297569.519,300142.7963,302580.6813,304775.4422,306506.1763,307750.8768,308495.3284,309002.8024,309695.7283,310804.1081,312758.7732,314732.5097,316256.6471,316824.6975
394705,34,"Indianapolis, IN",msa,IN,166294.7529,167552.2618,168963.907,170181.6208,171416.3347,172525.1532,173659.564,174587.0484,175597.761,176500.2518,177560.2499,178497.0333,179554.902,180447.8672,181335.0808,182115.9585,182901.096,183697.7753,184466.4043,185437.9322,186639.8877,188006.6659,189543.3696,191027.7751,192639.3531,194072.2953,195183.7454,195964.7839,196860.6205,198221.7362,200447.7776,203212.0517,206581.4998,209865.5274,213030.91,216333.4011,220112.3166,224042.9515,227994.6385,231877.4171,235315.9252,237706.0386,239159.4572,240926.2269,243411.9865,246379.9705,250243.4751,255185.0703,260685.2127,265885.4994,269969.567,273336.0592,274873.4923,274967.333,273938.9894,273142.497,272780.0584,272713.6637,272459.6138,272429.3421,272563.4786,273344.75,274302.1765,275530.8149,276531.8676,277417.589,278005.2063,278341.9394,278353.6473,278213.2993,278592.3943,279511.4782,281187.143,282846.4414,284109.6527,284630.7297
394475,35,"Cleveland, OH",msa,OH,147781.3342,148700.1047,149637.51,150168.0883,150827.8938,151387.7372,152057.6011,152584.441,153298.0738,154056.0468,154992.9376,156095.25,157222.0235,157964.8362,158332.3155,158537.1825,158784.5723,158994.6939,159295.3242,159705.3402,160349.5083,161030.0137,162001.4558,163015.5071,163915.5914,164475.5943,164587.996,164617.0431,165031.1813,166274.6318,168364.9865,171012.387,174048.4383,177063.6107,179650.1134,182017.9989,184420.8357,187051.6728,189795.3148,192527.7199,194445.5204,195102.1475,194549.64,194040.7162,194030.1375,194562.437,196358.8514,199158.6214,202763.291,206225.4548,209219.0548,211914.5185,213521.9424,214121.7842,213714.5451,213314.9641,213201.71,213206.812,212776.4261,212596.0349,212903.3084,214193.2387,215869.2661,217801.0838,219687.2622,221531.8375,223043.6437,224250.233,225044.5643,225791.4617,226391.0643,227361.1077,228894.9306,230943.2617,232848.4747,234370.6041
395059,36,"San Jose, CA",msa,CA,1086013.967,1133189.11,1174052.114,1203989.681,1224201.676,1238994.02,1252635.986,1263044.296,1267828.651,1266785.173,1256133.685,1237119.83,1214246.708,1193148.522,1177040.097,1163137.762,1155520.313,1152400.694,1155450.274,1158504.653,1161977.439,1165912.507,1173622.918,1184412.46,1195818.371,1200212.299,1194447.658,1182159.487,1173917.397,1176772.529,1192334.147,1214244.752,1241096.205,1266714.101,1285801.867,1297529.316,1305397.291,1319138.978,1338062.496,1359292.202,1378161.681,1392335.101,1403835.157,1415236.763,1430796.408,1453134.342,1487088.295,1529670.065,1575691.545,1611590.295,1632520.911,1632156.143,1613323.435,1579993.974,,1516480.619,1502390.582,1497721.473,1487457.311,1469417.494,1448361.795,1437070.876,1437104.791,1446699.857,1466696.356,1492961.342,1521627.301,1546907.842,1566892.234,1579889.951,1580132.192,1575543.027,1576446.375,1589326.03,1608123.861,1624016.019
394902,37,"Nashville, TN",msa,TN,274877.7488,276840.4083,278609.3435,279864.6989,281231.1611,282373.47,283337.8756,284018.9833,284591.0833,285369.8131,286257.2752,287444.2094,288694.3904,289682.9022,290374.7988,290923.7893,291659.1527,292615.2824,293770.0702,295062.6998,296470.9635,297937.7897,299932.3987,302060.0926,304191.0294,305732.019,306428.0523,306894.9767,307605.1885,309295.4887,312152.374,315651.0172,319566.2542,323302.6849,326977.7512,331125.9786,335718.5286,340798.1954,346638.4516,353679.6667,361232.1529,367700.8871,372923.1595,378056.8758,384427.1381,391744.612,400362.4668,410165.419,420695.4742,431468.3986,440966.2563,448866.0372,453120.128,453924.6723,451775.0724,448829.0547,445619.5404,442624.4667,439572.4645,437386.6809,436210.2512,436396.2118,437116.2573,438426.0357,439164.0448,439859.1597,440204.8685,440653.0388,440919.8198,440870.194,440940.3612,441820.2904,443760.1986,445717.2062,447020.3488,447169.8994
395194,38,"Virginia Beach, VA",msa,VA,237505.9362,237996.0791,238471.4249,238533.766,239053.9655,239539.5182,240068.0699,240305.018,240607.3579,241002.5336,241517.3279,242195.7906,243127.4893,244138.613,244871.577,245377.026,245708.2451,246225.2987,246873.9488,247769.6569,248942.1946,250397.1904,251990.7505,253416.449,254594.3202,255487.7118,255909.2317,256263.8066,256995.7349,258750.4646,261629.0579,265049.6136,268653.7481,271967.1463,275095.6629,278223.1704,281470.5678,284931.0359,288597.4557,292176.1996,294899.4755,296484.9624,296963.3639,297678.4783,299286.4654,301938.2279,305506.1863,309158.7143,313002.4809,316651.3348,320072.633,322968.2141,324407.8578,324535.7339,323688.6762,323466.0592,323872.1898,324808.5686,325419.3196,326331.2918,327538.7671,329604.8876,332198.7395,335008.2906,337560.6878,339755.7879,341495.4118,342606.5048,343203.4392,343641.8219,344220.2921,345487.4956,347739.7203,350469.4523,352565.797,353710.1664
395005,39,"Providence, RI",msa,RI,298405.0093,300167.0842,302032.7875,303506.6054,305124.383,306714.7642,308176.921,308906.8852,309191.0944,309277.2826,309518.5739,310298.83,311366.2175,312824.6906,313886.8398,314946.3467,315702.396,316347.0404,316826.3978,317568.3974,319067.213,320762.3962,323141.2622,325443.7251,328054.6369,330235.5771,331407.8324,331775.5657,332264.4886,334267.472,338205.811,343536.9347,349809.9982,356302.9835,362205.9014,368237.4721,374380.4552,381168.1006,387885.2394,394027.5594,398046.3459,399512.2912,399045.7151,398553.4676,399159.674,400763.5866,405082.9887,411790.6631,420728.8189,429281.7842,436623.4417,442372.5072,445197.2079,444777.2431,442198.4056,440235.0396,439442.1261,439308.5806,438623.2996,438469.9632,439638.1713,442855.7011,447214.8151,451712.4741,455999.9292,460001.2057,463536.3458,466643.1326,469066.1133,471308.8348,472728.1889,474304.7821,477109.9996,481234.6605,485515.1906,488722.3766
394714,40,"Jacksonville, FL",msa,FL,211653.8445,213213.7688,214837.9011,216265.8674,217839.5835,219339.2997,220830.6092,222101.5444,223341.0445,224569.1236,225659.4208,226657.1004,227548.6514,228202.493,228858.4959,229526.0403,230331.5611,231046.1497,231627.295,232361.5976,233355.9713,234595.4712,236164.1872,237852.7316,239460.5024,240528.2721,240904.1105,241114.8648,241651.8083,243076.2247,245417.4718,248183.9794,251383.929,254569.0203,258176.9435,262096.7191,266347.9056,270810.5821,275827.401,281781.9922,287618.4737,292642.8875,296594.4276,300815.4725,305824.7571,311240.8288,318044.3035,326012.6998,335340.4158,344634.3607,352839.0152,359766.1796,364199.0604,366314.1437,366521.2793,366260.3512,365786.0348,364424.1313,361994.5771,359538.8055,357886.1497,357144.1996,356828.8531,356968.0529,357139.767,357637.6686,357968.2186,358309.6801,358486.0554,358791.7975,359306.6407,360127.3907,361104.7565,361932.2799,362121.4078,361529.8387
394862,41,"Milwaukee, WI",msa,WI,226847.7073,228502.0941,230183.5497,231306.3192,232599.7586,233623.2908,234488.6033,234622.5075,234797.0624,235350.2824,236571.7317,238475.362,240503.2772,242103.3193,243213.6732,243934.9734,244731.1013,245374.0956,245932.0202,246490.1486,247404.0691,248621.7277,250275.6718,251926.6713,253823.9863,255620.1555,256968.5728,257633.7983,257997.1693,258887.0962,261023.7528,264067.9044,267513.9616,270825.5085,273888.7981,276931.8764,279775.3172,282880.0719,286639.1925,290697.5007,293850.2131,294951.3459,294166.6704,292836.7785,292096.4593,292330.8309,293810.7732,296398.5097,300250.1608,305041.0954,309614.2481,313241.3013,314749.7475,314468.6639,313414.5434,312691.3799,312770.1888,313428.6841,314981.92,317190.1736,320302.9515,323972.2047,327836.2132,331133.0281,333421.0916,335556.2251,337216.3217,338523.7057,339289.6915,339680.9037,340127.3414,341524.8807,344461.0673,348113.0687,350955.7333,352718.8082
394935,42,"Oklahoma City, OK",msa,OK,155441.3664,155684.4667,155873.5694,155799.0933,155996.659,156281.1939,156820.3451,157205.7096,157816.0552,158529.6718,159167.554,159884.8005,160432.4506,160877.2952,161191.4918,161738.1983,162356.8396,162902.214,163287.679,163918.8493,164832.9296,166064.5026,167415.6284,168607.8535,169493.2992,169948.4245,170058.2774,170170.1445,170577.2223,171590.6465,173244.1503,175301.7661,177707.0066,180037.5073,182076.4397,183876.3327,185617.8145,187606.9148,189951.4875,192557.1257,194736.5012,196283.953,197172.6362,198377.0957,200010.9433,202141.6987,205117.5026,208575.2974,212429.6603,216024.1341,219149.8314,221968.3992,223952.058,225125.3086,225634.0376,226195.7808,227088.2996,227901.2696,228174.0243,228276.7782,228640.2581,229669.1989,231050.7192,232385.6562,233309.6381,233875.0895,234174.0949,234518.0426,234970.7774,235498.8306,235970.0914,236356.888,236911.9859,237573.7003,238036.7377,238195.8581
395012,43,"Raleigh, NC",msa,NC,269573.5998,270711.195,271788.7357,272614.1895,273742.8187,274846.3488,276070.1454,277233.3728,278457.2134,279651.2824,280912.2371,282195.5732,283627.5634,284848.4631,285815.5084,286342.5868,286833.5133,287428.9935,288226.7306,289271.9294,290530.5242,291944.3787,293420.9171,294797.5727,296137.3761,297305.0228,298051.1264,298604.8553,299435.6772,301219.3437,304142.727,307588.4888,311310.8292,315013.5201,318855.8465,323003.0825,327387.0864,332263.2414,338226.0828,345684.2528,354026.6163,362357.1067,370050.4701,377483.4834,384728.9149,391626.5151,399203.9399,407740.0028,418280.9045,429418.9868,440366.1824,449025.1721,453632.2244,453786.5793,450567.0983,446830.3504,443169.7177,439891.2872,436513.489,433762.8876,432268.7182,432398.3519,433790.0129,436072.5897,438162.654,439883.4597,440857.853,441509.2907,441848.2672,441838.1476,441930.4095,442740.8273,444828.8644,446952.0687,448459.392,448653.4846
394849,44,"Memphis, TN",msa,TN,144218.8937,145084.0389,146059.5267,146811.161,147644.0271,148514.3881,149498.4334,150456.1563,151587.3184,152855.4077,154002.9022,155019.9056,155933.09,156811.0189,157528.17,158313.549,159158.4356,160021.536,160767.2877,161673.8577,162872.9139,164274.7976,165661.8267,166917.8227,168172.9974,169451.775,170518.9706,171529.1243,172685.2867,174309.3059,176546.0082,179158.3428,182094.1691,184630.0274,187103.5834,189431.3907,192111.2033,194846.1689,197914.9788,201313.7675,204432.5756,206681.2985,208120.6386,209896.6496,212600.8313,215703.7913,219259.4642,223019.6193,227097.2801,231192.6809,234862.6568,238248.6742,240508.8512,241702.9515,241938.6542,241930.8525,241765.6398,241125.7431,239876.5871,238634.8379,238150.7685,238347.0093,238954.9677,239508.4266,239903.5108,240292.4314,240327.7169,240082.1569,239495.694,239139.1217,239136.0813,239742.3434,240852.867,242225.0913,243177.908,243432.9686
395022,45,"Richmond, VA",msa,VA,234549.8333,235565.1057,236441.0768,237020.7244,237935.9179,238830.3513,239978.0376,240752.5587,241519.9226,242082.0589,242952.8752,244211.4134,245736.7647,247224.4055,248230.994,249034.2628,249596.1253,250343.8644,251189.8026,252178.3714,253368.9235,254644.1349,256043.3734,257410.076,258720.4819,259800.0012,260451.7278,261013.7739,262035.7179,263943.1247,266818.7103,270397.9054,274367.0984,278371.9538,282199.3701,285971.6219,289828.8589,293755.4541,297821.9577,301857.9413,305016.074,306882.0453,307422.86,308010.0341,309312.8973,311532.3485,315391.7825,320119.8502,325394.7279,330393.0793,335302.808,340255.3266,343993.5985,345663.7055,345572.3476,345190.2894,345610.8027,346352.5298,346967.4623,347254.1033,348009.973,349611.9139,352429.4934,355446.7856,358028.2859,359569.8416,360652.5375,361300.4038,361942.8034,362680.6985,363464.2343,364746.5597,366944.7477,369699.4567,372145.8994,373458.8091
394807,46,"Louisville, KY",msa,KY,169844.5908,171730.5479,173107.776,174067.8095,175121.9767,176129.9312,177069.5724,177732.2835,178552.0999,179453.9378,180688.7272,182064.614,183547.2417,184822.4135,185736.6934,186535.2728,187117.6461,187648.8277,187945.7686,188603.1896,189588.4763,190824.4975,192000.983,192933.8174,193780.8467,194526.7518,195039.0563,195597.0268,196347.8839,197813.0473,200011.1659,202792.0485,205832.9676,208703.359,211000.5115,213104.1505,215176.1657,217324.3224,219655.1602,222173.2165,224349.7312,225590.804,225867.944,226289.8538,227327.2771,228917.3018,231254.2346,233955.0592,236957.7964,239804.8375,242331.1653,244646.4353,245844.4574,245998.444,245147.8741,244678.6281,244754.8956,245187.3818,245297.1036,245469.2333,246061.3985,247444.9689,249231.6002,251052.2231,252375.481,253384.932,254022.6488,254599.7627,255008.6481,255462.1152,255815.0663,256269.79,257172.2121,258412.1162,259630.7723,260413.1128
394910,47,"New Orleans, LA",msa,LA,216878.3657,216585.3767,215599.279,214069.9844,213674.0053,214078.676,215055.571,215226.6059,215457.2916,215700.1708,216553.034,218249.887,220427.4289,222596.878,224107.7379,224867.4995,225781.7232,226529.9595,227228.0288,227518.1873,227956.9232,228905.4431,230981.9291,233150.7329,235009.1447,236523.2784,237245.8006,237255.0678,236388.8676,236515.491,238182.3577,240873.3972,243263.6825,245204.0421,246252.5813,247668.6032,249134.743,251110.3523,253628.8313,256680.4598,259663.45,261484.6835,262554.3548,263828.1155,265722.9429,267597.8778,268684.4529,269887.2369,271431.993,273335.1486,274762.8493,276237.4624,277344.8938,277315.1005,275570.6413,273290.4733,270767.7702,268060.1719,265499.1817,263808.4551,263708.764,263692.812,262604.4647,260502.0995,257949.59,255498.4925,252676.0295,249921.5905,247451.0378,245613.8755,243969.7646,243511.1868,243546.0996,244196.6201,244359.7203,243729.0342
395053,48,"Salt Lake City, UT",msa,UT,329670.6819,331700.7291,333533.3281,335059.7648,337646.3254,340371.8848,343088.6756,345218.3234,347240.1244,348917.3385,351132.098,353681.3063,356350.2729,358042.758,358726.7793,359089.9403,359679.6434,360779.0356,362409.367,364467.8606,367100.2426,370284.9061,373849.2156,377908.1748,382156.6371,385856.9194,387732.4601,388470.323,389409.5808,392430.5318,397742.8321,404655.0565,412464.1176,420175.2365,428059.6102,436723.2932,446707.7805,457719.8391,469586.6089,481060.4758,490845.7429,498167.6378,503442.3763,507621.0315,511784.6508,516664.4279,524589.612,535258.8487,548347.1349,561178.4117,571632.5466,577328.5779,576249.7892,570036.4737,561456.2669,554735.4582,549586.4648,545526.3591,541818.4478,538768.3165,536547.7655,534869.8901,534157.9075,535092.1874,537010.7682,539279.1718,540875.9364,542431.8129,543461.0887,543895.9609,543581.3947,543743.9039,545101.0409,546980.9007,548461.2519,548835.2016
394669,49,"Hartford, CT",msa,CT,231472.7205,231387.1493,231350.8131,231027.7744,231137.8744,231370.8124,231840.8027,232065.9636,232060.3834,231865.4201,231812.2119,232102.4225,232620.7273,233127.2937,233441.2463,233654.4617,233878.6244,234072.3449,234046.3369,234105.6218,234476.0027,235152.8036,236195.9239,237388.0629,239041.1307,240722.1507,241624.7539,241850.406,241868.4986,242852.5422,245098.9708,248365.8122,252383.0598,256438.5436,260184.5826,263692.7615,267250.3007,270884.5297,274792.5565,278627.3849,281304.4322,282155.5313,281299.6771,280580.7103,280604.4915,281861.2494,284984.3895,289690.6328,295340.8239,300614.0011,305518.1506,309850.0134,312817.4249,313530.4516,312801.7744,312180.357,312776.2377,313775.8394,314378.089,315280.9206,317102.6737,320207.8639,323757.3283,327688.6213,332242.4007,337155.8077,341634.0598,345040.102,347408.3646,349450.9582,351247.1323,353649.6344,356831.8133,360376.5743,363544.6476,365701.0784
394425,50,"Buffalo, NY",msa,NY,161275.7841,162155.4151,163225.4404,164228.7764,165441.9989,166616.0326,167552.4058,167943.2801,168082.7871,168009.3981,168411.3671,169076.0297,170095.0591,170934.1467,171744.944,172611.134,173407.0536,174102.4075,174716.7632,175499.8441,176318.3282,176983.9498,177622.982,178334.6078,179216.411,180114.0461,181042.1148,182093.4522,183405.9156,185022.6133,187435.202,190343.6759,193761.0575,196700.5301,199166.5002,201588.6514,204227.5829,207322.4339,210875.2803,215057.0733,218443.5817,220196.0629,219905.2064,219298.8967,219102.4533,219442.5904,221323.8379,224380.5069,228714.3821,233186.8492,237340.1311,241495.7706,244360.2781,245733.9759,245307.3668,244372.9553,243648.2699,243115.067,242444.2061,241876.9988,242159.7455,243612.1662,246072.3699,248790.2884,251204.7427,253291.4978,254629.3568,255749.8804,256505.0044,257241.8711,257857.5909,258653.9854,260115.9876,262301.6463,264889.9689,266993.3687
394388,51,"Birmingham, AL",msa,AL,166240.4857,166785.7063,167309.565,167577.7839,168207.2861,168988.6832,169892.1073,170499.8233,171213.4822,172076.5222,173290.7757,174601.9999,175892.1443,176897.5515,177520.5416,178009.8998,178534.3726,179195.3378,179748.1251,180580.2704,181862.0802,183559.1827,185354.4831,186939.2635,188410.5638,189658.3167,190407.9815,190936.4473,191627.6719,192937.2305,194976.1924,197415.9808,200307.7642,203083.6266,205697.0557,208232.3971,210913.6131,213721.0958,216546.3175,219488.0586,222081.8991,223852.6955,224827.9637,226054.8175,228125.779,230572.2565,233813.4677,237593.0501,241902.6551,246041.4157,249480.9369,252578.9054,254333.1573,255109.7876,254973.7648,254705.7952,254219.8522,253311.6527,252099.1876,251155.1328,251102.1714,252120.3025,253760.8317,255242.3287,255974.3173,256180.4809,255992.0301,255565.425,255021.105,254459.1165,254120.9967,253949.7,254353.9713,254906.4984,255453.4037,255336.5558
395031,52,"Rochester, NY",msa,NY,151810.162,151887.9111,152077.47,152403.4821,153269.9811,154417.7538,155483.691,156061.3123,156444.8009,156665.2033,157212.5134,157937.1028,158804.248,159397.029,159893.4934,160543.807,161276.8796,162022.3512,162732.3351,163558.2995,164483.9947,165299.7815,166085.8995,166808.8308,167489.7912,168179.607,168977.1519,169973.9662,171321.9312,173075.6184,175603.8084,178714.1415,181965.0304,184607.5221,186503.5388,188161.4816,190068.9595,192448.6236,195749.9622,199776.7948,203098.7257,204545.1025,203939.1661,202822.3367,202105.0109,202062.468,203773.1975,206726.1588,211018.4487,215435.8919,219629.2295,223525.1529,226193.5418,227453.1548,227200.0477,226587.6869,226218.7059,226401.4994,226427.3244,226748.0973,227702.665,229864.684,232852.5385,236358.1084,239962.6028,243425.1019,245856.1975,247250.4144,247824.6254,247852.9878,247799.7284,248175.4005,249748.6776,252392.2309,255548.874,258398.491
394640,53,"Grand Rapids, MI",msa,MI,201088.271,202514.0287,204099.0753,205445.5929,206893.7752,208040.2195,209056.1276,209583.8667,210140.885,210741.5206,211680.9536,212827.6986,214397.9128,215836.5956,217188.1775,218249.69,219087.1649,219769.2654,220299.6003,221135.6308,222286.2612,223470.2319,224649.5683,225923.5541,227476.6912,229237.6478,230364.1965,231159.2499,232218.2248,234045.103,236848.8147,240048.2327,243630.6685,246929.9307,249949.2934,253559.0022,257825.9588,262955.0733,268245.0814,273333.4948,277066.1607,278849.4254,279335.0691,279773.735,281132.2554,283413.6291,287059.1936,292239.3406,298279.6375,304372.5421,309294.0821,312817.8096,313851.1965,312673.2136,310232.3234,308478.6137,307618.5173,307450.0024,307454.4904,307728.21,308887.4585,310803.1533,313353.3677,315337.7068,316689.1555,317836.7536,319029.4755,320135.0238,320916.3154,321530.4591,322406.2846,323891.9206,326348.019,328960.4334,330808.8477,331728.5295
395167,54,"Tucson, AZ",msa,AZ,204151.0379,204884.6425,205812.5908,206929.8366,208478.1586,210027.0922,211644.8281,213080.2649,214465.9507,215644.9026,216514.8254,217557.5722,218669.8958,219943.0352,221111.0504,222341.3475,223845.1497,225336.4794,226868.7414,228315.5735,229887.0486,231458.4678,233038.8446,234175.9156,235223.0099,236132.0483,237021.2474,237927.3029,239454.3217,241995.8499,245638.5747,249712.1892,254380.8821,259023.838,263396.5369,267177.7428,271159.2531,275899.0948,281668.5865,288033.5379,294631.9417,300571.369,305752.418,310142.3903,314274.5712,317991.334,321323.1008,325086.5998,329687.9053,335418.6475,341512.7498,347485.2939,351593.7781,352854.8199,351495.222,349633.8538,347488.6104,345023.5812,341591.425,338671.0111,336854.9053,336670.2334,337641.9773,339349.8523,341273.2711,343284.0388,345128.4557,346792.0065,348035.4439,348803.9123,348675.2679,348605.5629,349097.6232,350573.727,351930.825,352656.2053
753924,55,"Urban Honolulu, HI",msa,HI,659637.0723,662294.098,665636.7726,667911.0275,669874.5216,671336.6046,672840.954,673744.7931,673292.1793,672691.992,671955.1556,671888.9247,672376.8719,673325.2975,673719.69,673705.513,673358.7304,672727.5512,671790.2944,670877.9035,671311.1011,672511.7015,674429.2493,676142.034,677688.7777,679093.079,679084.797,677787.7813,676766.9792,678138.4376,682601.9721,688192.2969,695075.3143,701952.6297,708706.2017,715412.8849,723064.9809,733326.6638,745503.513,759097.9273,769590.8585,775800.6437,778969.7522,783459.3792,790910.9615,799442.4272,814615.2164,835132.3074,860212.9614,879084.6723,891532.251,896966.7862,897201.0219,892815.2639,885859.0723,879934.5712,875577.4095,872092.7299,866027.2924,858697.0304,853001.7467,853689.5074,857306.8406,860657.7315,862078.6246,863073.1786,863840.4793,862623.7657,861618.1185,860789.9027,860235.6293,859110.3188,860660.1607,864838.9916,867964.9285,867056.6753
395169,56,"Tulsa, OK",msa,OK,147527.5302,148322.5258,148913.5067,149109.7078,149421.3513,149830.2263,150461.3631,151031.3589,151945.5435,153027.7031,153511.396,153564.9724,153494.6108,153825.3349,154351.2219,155045.7382,155779.9938,156419.4906,156828.0931,157580.7465,158812.4834,160532.6158,162714.6758,164418.894,165447.7765,165837.8081,166028.9814,166545.7866,167364.5266,168876.8731,170981.2217,173395.4598,176158.4317,178902.6557,181496.4434,183834.2905,186098.7917,188071.855,190076.5201,192284.4848,194477.5331,196335.4919,197752.3304,199776.414,202281.3818,205061.0213,207835.9809,210653.2696,213420.9657,215948.9574,218299.5067,220862.2707,222962.8842,224184.5582,224632.0741,225091.7159,225838.4513,226157.2847,225815.6197,225296.7106,225380.5105,226128.4945,227333.2324,228603.397,229581.6759,230156.352,230403.0252,231106.797,232037.5198,233163.1106,233865.8819,234689.3404,235668.8341,236858.1909,237605.7878,237977.6439
394619,57,"Fresno, CA",msa,CA,252797.2659,254646.4734,256325.8965,257685.2297,259311.2372,260872.082,262276.8273,263271.8678,263809.1183,264599.6081,265950.2082,267900.4309,269698.9812,270662.2265,270974.4756,271130.5569,271318.1242,271944.67,272538.5507,273558.8313,274714.9919,276083.3184,277657.6431,278963.3354,280422.0769,281475.8832,281939.6817,282011.8745,282458.0277,284350.5305,287719.073,292027.6433,296768.6863,301448.2137,306139.6342,310779.5546,315677.3988,320795.7345,326357.0425,332198.9053,337789.3783,342184.6818,345263.3531,347977.5311,351414.3248,355625.702,361053.9551,367488.2818,374874.5498,381952.7451,387821.1774,391911.3535,393728.6609,393196.3818,390979.8395,388562.5368,386265.9202,383810.4099,380396.5593,377364.0115,375982.7577,376373.6101,377974.3881,379872.754,382328.6692,384955.4035,387099.4827,388349.2072,388979.045,389653.6985,391002.7155,392818.0262,395132.0041,397390.8197,399332.4503,400651.7783
395238,58,"Worcester, MA",msa,MA,278970.7818,280849.7746,282650.4688,284037.0349,285444.5332,286679.9362,287818.9094,288441.9505,288542.6213,288263.8655,288241.4938,289056.6596,290285.38,291847.7284,293002.5761,294240.0521,294999.2874,295686.3571,296063.7124,297025.6101,298460.7737,300002.9866,301619.6748,303331.8019,305552.5127,307745.5607,309239.0665,310084.6848,311255.0733,313689.7049,317897.5582,323132.4962,329265.0405,335423.2783,340972.6264,346251.5931,351500.5604,357212.6027,363127.5003,368843.8306,372686.1202,373993.1134,372949.3051,371885.6365,371759.137,373067.1657,377067.5166,383263.7987,391209.4033,398556.2377,404944.3614,410077.8802,412994.1449,413213.6327,411278.9602,409437.2036,408548.2723,408545.0598,408637.1139,409344.6652,411019.1899,414215.6379,418210.9916,422721.1235,427279.1431,432310.2908,436838.9153,440677.0618,443282.9436,445346.3305,446668.4492,448286.1388,451021.7909,454760.7623,458167.1377,460505.4239
394938,59,"Omaha, NE",msa,NE,183014.9323,184051.8869,185080.6103,185893.605,186900.1429,187679.2583,188478.6791,188897.7331,189517.8003,190115.1502,191083.4117,192171.3065,193344.2054,194393.8226,195290.5324,196295.5755,197212.9953,198195.7524,199086.1512,200150.266,201324.205,202630.6122,204104.5996,205567.0741,207072.9785,208332.1732,209208.3045,209896.3866,210905.198,212663.7676,215231.3955,218119.0322,221147.7556,223915.1054,226696.9898,229638.2637,233040.5405,236724.2431,240475.0949,243785.943,245945.7498,246611.777,246045.2809,245515.6971,245847.4495,247084.6205,249811.226,253773.5302,258921.9193,264124.6926,268671.0282,272060.4745,273594.1621,273477.7114,272391.3753,271842.7713,272119.4159,273095.0229,273839.0388,274736.3384,276051.931,278061.6701,280355.4887,282693.148,284644.8071,286217.8697,287012.9552,287274.3769,287347.2266,287494.1341,288091.7759,289059.8962,290564.7879,291989.0683,293082.3423,293416.1397
394415,60,"Bridgeport, CT",msa,CT,416924.8664,417527.6349,418339.1309,418412.0218,418051.2684,417556.9175,417434.6723,417642.7933,417957.1919,417834.4072,417157.7258,416557.0351,416547.1473,417003.3216,416962.4363,416299.2041,415582.1499,414968.0336,414302.9975,414080.5415,414233.6278,414968.9308,416354.3544,418181.8596,420637.4775,422429.8092,422631.6997,421463.8967,420320.2322,421707.3226,426207.6547,433329.7611,442077.4002,451255.6467,459775.8577,467833.5523,475244.6435,482527.1038,489850.991,497105.4007,502047.9789,503710.3729,502620.0877,501770.6013,502705.1034,505622.3882,511515.891,519175.7081,528404.2894,537298.7154,545838.1938,553085.2734,557634.9073,558459.3829,556642.3461,554834.552,554063.0164,554005.8125,553406.0759,553605.3594,554883.604,558768.4628,563511.6245,569635.8207,576440.3126,584113.3625,591708.2219,598027.209,603347.1528,607114.7046,610092.7339,613463.4591,618876.0409,624699.188,628994.7487,630514.9952
394653,61,"Greenville, SC",msa,SC,180669.2114,181560.2219,182517.4909,183288.4632,184462.1581,185575.2003,186722.613,187416.3408,188129.033,188864.1745,189795.7031,190465.6334,190935.1444,191308.5766,191805.1448,192458.8104,193108.2015,193897.9698,194700.9709,195647.7834,196654.4393,197654.6941,198827.539,200025.5152,201382.0943,202585.3308,203508.2017,204241.7862,205250.0887,206859.119,209180.3306,211938.6077,214863.9211,217673.6472,220233.6499,222913.0681,225679.0048,228359.0252,231232.0681,234399.6767,237429.8872,239566.9575,240874.0473,242475.6637,244843.4684,247972.2159,252244.7662,257553.7562,263404.0845,269118.7211,274196.2718,278860.437,282082.1601,283737.2458,283948.0912,284224.7091,284617.1147,285128.4298,285409.3874,285583.6992,286080.3111,286910.0115,287993.4823,289230.2507,290259.9326,291357.4759,292242.6572,292808.7873,293392.6476,293722.3853,293973.478,294433.7479,295739.042,297486.7528,299074.9295,299908.4678
394312,62,"Albuquerque, NM",msa,NM,192918.0661,193649.6539,194342.2987,194892.4446,195676.4872,196560.3393,197528.1,198152.7954,198734.8808,199259.0784,200277.0609,201587.877,203269.3373,204975.2232,206563.7451,207783.0279,208667.3663,209488.8734,210321.8899,211249.5766,212394.5457,213812.0652,215388.0703,216821.7537,218452.752,220092.2546,221543.6562,222940.0954,224672.0718,227133.5649,230318.2374,233924.505,237395.3352,240600.5135,243805.8743,247632.7592,251915.8827,256449.8282,260881.2967,265204.069,268822.1013,271563.5667,273324.4853,274896.6298,277007.6739,279683.9492,283776.317,289434.6463,296248.8697,302711.4844,307755.2923,311910.7382,314407.9085,315171.57,314254.5331,313243.2144,312535.036,312187.221,311692.2822,311732.2179,312431.1387,314218.7981,316619.4642,319125.389,321656.9739,324117.1563,326343.4736,328122.449,329498.4576,330605.0747,331706.4896,332805.2208,334565.9631,336422.7555,337773.2093,338021.4776
394357,63,"Bakersfield, CA",msa,CA,213648.8758,214738.4168,215798.8492,216857.0213,218051.8361,218895.2185,219555.8439,220164.4771,220958.848,221990.5181,223181.9175,224535.5645,225816.9548,226941.1127,227855.2303,228774.0517,229417.6927,230153.0691,230701.0934,231557.9931,232610.8362,233788.0652,235234.6173,236572.6043,238163.4181,239489.6534,240234.5317,240952.3479,242141.2734,244193.5586,246911.2547,250004.4267,253764.76,257611.3916,261441.3781,265108.5007,268947.3262,273051.5542,277652.6775,282585.3093,287362.4308,291461.7023,294700.272,297745.3884,301051.9601,304703.679,308942.2727,313832.9071,319565.6393,325590.9967,331015.8442,335418.4615,337919.5308,338402.2873,337170.4893,335579.9056,333973.7904,332415.343,330257.1568,328511.058,327788.2217,328477.5254,330320.743,332882.9865,335801.3232,338604.7253,340621.1874,341926.4491,342979.0912,344117.5848,345454.5477,346927.8452,348728.1659,350924.6787,353171.2921,354901.1873
394308,64,"Albany, NY",msa,NY,223400.0376,224123.9208,225162.3351,226131.2045,227347.8894,228465.0734,229397.3661,229682.7423,229883.509,229949.2967,230433.4543,231203.6454,232354.6398,233333.9073,233960.8875,234657.4977,235360.3745,236114.3545,236601.2498,237188.5249,238147.2601,239132.9714,240191.7023,241034.2747,241789.8749,242461.1862,242917.5458,243666.0719,244648.6627,246091.5769,248315.9247,250990.4019,254127.7781,257036.033,259666.3931,262360.3355,265223.7847,268101.1326,271465.8887,274923.658,278188.1619,280206.0225,281165.1669,281949.9857,283231.5979,284481.8565,286412.0805,288651.1711,291821.8433,295434.0552,298945.3152,302656.3557,305343.806,307257.7629,307680.6001,307900.059,307936.9585,308035.6128,307635.5083,308025.6555,308934.9822,310650.8388,312456.2301,314839.154,317361.6249,319389.1823,320810.1953,321743.8095,322576.1209,323631.3822,324798.1309,326422.4801,328586.6188,331376.6039,334036.7629,336049.8257
394753,65,"Knoxville, TN",msa,TN,177698.5699,178703.1115,179492.254,180061.4634,180972.9761,182001.8189,182992.7882,183686.1574,184306.7937,184994.3924,185616.5058,186232.7538,186811.4434,187537.7476,188495.4931,189763.8674,191055.8997,192338.7176,193382.7343,194649.2272,196129.4862,197789.2376,199768.6646,201533.3111,203127.9919,204247.3086,205109.2401,205853.5083,206907.9299,208606.8246,211368.6362,214679.3876,218315.7067,221743.0242,225052.2407,228610.934,232282.2199,236357.3246,241059.8063,246692.7124,251958.9098,255688.6291,257749.4348,259822.4114,262888.8586,266818.1111,271936.3581,278250.0971,285131.1603,292236.7407,298339.7301,304064.4535,307657.1178,309410.1383,309279.9084,308674.9562,308083.8656,307907.6911,307676.7106,308612.157,310448.2021,313904.4382,317613.3319,321939.9084,325856.1754,329771.0819,333193.5757,336100.6383,338305.6843,339562.9316,340285.3517,341076.4811,342989.3268,345435.648,347817.5991,349057.9795
394367,66,"Baton Rouge, LA",msa,LA,191465.9666,191894.9176,191908.2331,191168.4509,190683.4024,190115.2134,189878.2046,189155.3869,188987.46,189211.3798,190291.0372,191670.6809,193245.7421,194466.5434,195163.9263,195284.317,195025.4484,194550.0473,194042.7976,193765.4907,194024.0064,194845.7976,196341.8188,197878.065,199064.7619,199630.9881,199349.619,198775.2678,198330.533,198765.2044,200198.5515,201738.6133,203118.9457,204031.459,205046.773,206331.1372,207590.1253,208671.0403,209667.4544,210988.4547,212380.4594,213366.5103,213853.2233,214687.9679,216216.8289,218407.7188,220858.9421,223147.7892,225439.8566,227766.8571,229793.2455,231675.1323,232223.3078,231970.9897,230602.585,229472.456,228845.9918,228836.3688,229694.2283,230590.47,231885.442,233166.6094,234813.7896,236102.8354,236672.9164,236788.6719,236799.1286,236782.2031,236672.1386,236246.0946,235970.3981,236396.1903,237676.9825,239083.8434,239881.9497,240016.9679
394843,67,"McAllen, TX",msa,TX,106489.2092,107112.5205,107838.5501,108432.7053,108956.5023,109259.375,109585.6871,109738.9012,110026.9192,110221.2611,110127.4452,109923.3961,109962.2191,110615.3094,111546.1441,112563.8019,113610.0433,114375.3031,114924.559,115489.7258,116261.6136,117075.2228,117729.0075,118564.779,119473.7289,120404.7575,121007.4271,121583.9088,122509.1024,123943.5707,125689.8431,127645.1012,129876.8691,132077.2055,134084.7842,135793.7487,137397.9021,139009.1953,140720.1318,142756.6301,144256.3718,145053.8643,144935.7381,145402.2562,146494.3238,148146.5069,150859.1673,154259.9245,158274.7633,161341.8992,163951.9977,166398.6837,168814.5564,170611.2149,171681.8227,172363.6626,172841.0764,172936.5877,172874.6267,173187.2616,174068.8956,175347.2821,176781.2302,178047.9411,178923.8579,179565.859,180540.4531,182035.0024,183711.2404,184985.2431,185680.5815,186121.3459,186758.3507,187540.9605,188045.6512,188237.9546
394908,68,"New Haven, CT",msa,CT,223793.3768,224055.2534,224275.9788,224377.9345,224796.6275,225208.728,225732.2462,226099.9315,226657.3097,227183.0332,227778.7228,228481.0946,229355.015,230181.8125,230596.9872,230867.9096,231100.3208,231409.086,231575.7247,231978.6544,232797.2067,233883.9185,235296.6891,236737.296,238690.9502,240511.5684,241750.3252,242112.4891,242236.3668,243195.3625,245559.1546,249243.6101,253826.1207,258728.4806,263465.8551,268059.0548,272596.8081,277069.515,281742.3053,286376.2472,289861.8126,291356.6532,290793.3346,290083.3021,290213.5637,291886.7847,295797.3905,301209.8324,307282.3703,312856.5304,317726.4377,321989.82,324620.278,325400.339,324917.7149,324607.1597,325131.678,325951.6009,326214.3987,326995.9938,328417.5367,331171.7185,334349.0756,337854.629,342014.3957,346464.5016,350777.3073,354192.1614,356873.2231,359013.5774,360794.3615,362791.9454,365767.2738,368989.116,371836.4058,373655.7155
394561,69,"El Paso, TX",msa,TX,134028.3044,134108.1828,134316.4565,134562.0235,135030.3798,135525.7247,136008.2107,136219.8037,136532.9431,136909.4338,137152.6645,137259.075,137225.7074,137337.3499,137489.2339,137857.7948,138228.6375,138700.4748,139122.7006,139743.6819,140335.833,140969.0543,141563.7625,142195.0432,142877.3298,143704.5155,144394.0535,145039.4037,145741.1109,146794.7077,148341.3424,150222.6814,152245.9012,153976.5287,155556.0908,157227.7828,159096.5232,161280.8097,163670.5885,166346.1074,168731.5431,170617.8892,171884.6065,173015.3614,174481.4806,176309.2255,178874.8203,181687.1247,184686.6981,187656.6488,190533.6217,193529.6321,196099.0918,198015.0859,199175.9401,199907.6827,200680.3089,201450.8836,202229.1631,202876.0951,203697.9826,204825.4317,206704.2733,208545.7301,210082.1957,211207.7331,212015.1143,212698.3266,212988.7783,213363.9851,214117.9153,215237.36,216813.2425,218137.4566,219111.0256,219498.7423
394318,70,"Allentown, PA",msa,PA,204784.9837,205714.6589,206548.6562,207440.3256,208461.5479,209512.1722,210343.3328,210775.6108,211212.471,211614.1925,212155.3193,212830.0034,213547.5382,214252.7944,214805.3356,215224.2675,215599.3727,215829.7781,216148.5659,216844.968,218020.6397,219412.6992,221107.3397,222636.9375,224273.1675,225735.7569,226870.5796,227759.4183,228456.49,229715.2259,231848.782,234920.0565,238997.4611,243388.7248,247594.3678,251563.9443,255346.2682,258845.9516,262384.0751,266159.4691,269318.5984,271256.6739,271531.1895,271819.4641,272854.2766,274884.047,278510.0075,283232.6114,288843.5172,294192.6621,298608.2487,302137.9648,303845.3734,304060.0802,303523.5781,303516.7917,304047.2118,304473.9807,304380.42,304192.5947,304793.3698,306226.2993,308479.6896,311020.5853,313871.2167,316753.2086,319272.4437,321068.4949,322362.1595,323530.7754,324697.2693,326315.7798,328744.1272,331555.5238,333935.6866,334984.9967
394952,71,"Oxnard, CA",msa,CA,605173.8309,606518.0699,608222.5477,609723.116,610138.1667,610272.88,610025.4832,611583.0084,612692.3793,613501.5711,614107.415,614954.5244,616623.8964,617555.7361,617945.9394,617406.2327,616852.4629,616213.5407,616082.8613,616775.8088,618294.1498,620204.4025,622562.4138,625971.5583,630803.93,634334.6126,635501.1602,634223.9168,634080.5855,636954.5195,643938.1556,653264.0776,664524.7793,675650.8727,686050.4467,695780.6295,704789.1443,714907.068,726415.1375,738833.8162,749453.7552,755262.3641,757925.8373,760015.5869,764180.4546,769746.037,779640.9336,795134.4689,815463.116,834334.7537,847844.2058,854538.3296,853994.1694,847789.3557,839101.7328,831311.0029,824451.2585,817528.6956,809587.8019,803659.7614,801940.7457,805024.7836,810490.6221,816980.9492,824479.8725,832628.2926,840107.1324,845580.047,848987.7972,850938.3046,852204.8766,854269.7804,858415.9763,865280.0646,872144.3509,876716.5528
394486,72,"Columbia, SC",msa,SC,154582.9594,155188.1411,155584.1628,155702.1672,156106.4022,156642.2584,157369.841,157943.2307,158655.7524,159492.4376,160309.1578,161038.7813,161729.6623,162407.8915,162932.3261,163429.3152,163954.173,164630.224,165288.214,166103.569,167133.2773,168273.7343,169390.4507,170295.9117,171198.7109,171930.0273,172565.0029,173041.0639,173768.9273,174898.8449,176553.3736,178502.7689,180648.459,182777.4069,184914.4489,187136.2977,189490.9734,191887.424,194765.2497,198303.4078,201723.0796,204063.7244,205134.2318,206115.5325,207669.7502,209628.5914,212815.433,216751.6228,221548.8414,226214.2032,230601.8802,234607.1718,237535.3116,239318.7358,239937.6829,240391.1718,240754.0752,240919.1723,240512.0862,240044.2888,240058.9449,240731.3806,241891.5218,243586.7032,244964.9584,246129.035,246780.0322,247651.1113,248478.4863,249049.7871,249202.2188,249702.2541,250676.991,251884.9304,252786.4933,253466.1903
753906,73,"North Port, FL",msa,FL,260446.2337,260942.65,261634.9296,262371.064,263792.9542,265216.6109,266613.2724,267554.4596,268428.1687,269327.0508,269922.7068,270280.6061,270176.3407,269862.6374,269309.4267,269011.4358,269139.3192,269726.329,270432.5643,271366.331,272571.249,273981.4064,275666.0071,277282.9042,278687.5898,279434.4388,279358.2683,279236.924,279726.2171,281451.618,284340.8771,287902.1158,292179.9749,296402.6228,300707.6073,305021.6575,309861.7822,315589.4448,323096.3452,332749.0421,342607.8597,351342.4931,358292.572,365486.5892,373040.9691,380835.1536,390374.4377,401978.7288,416631.7355,432300.6604,447453.2023,460040.0824,467627.1961,470061.6099,468206.5476,465277.6634,462725.8962,460795.8063,458930.5144,457557.1982,456938.2971,456902.7677,457022.4744,457639.1938,458052.8407,458403.0045,458462.8307,458719.8041,458606.8445,457829.9976,456565.3927,455619.6869,455251.8668,454678.7219,453182.099,450115.933
394457,75,"Charleston, SC",msa,SC,265381.1243,266131.9779,266896.8,267430.4602,268212.7487,269164.2699,270153.1095,271053.1195,271714.4229,272314.4925,272779.762,273274.6334,274104.4769,274963.0854,275657.8556,276215.5963,276752.6213,277398.9402,277921.9122,278621.9397,279504.3097,280433.5701,281594.6155,282781.1116,284170.7414,285166.4434,285701.2854,286073.3477,286907.6933,288561.619,291226.2307,294484.953,298156.2807,301844.5968,305598.6746,309941.3572,314671.69,319781.741,325298.2144,331310.294,337384.7515,342350.0658,346353.196,350061.9422,354280.3329,358864.3721,364805.1963,372021.5509,380820.5904,389657.8366,397938.3873,404968.777,409719.1646,411889.9673,411559.1404,410891.7865,410139.0602,409251.7234,408123.1753,407470.7291,408131.8943,409581.1236,411752.7308,414743.2731,417791.2424,420790.0432,423341.4705,425761.054,428084.8197,429966.9293,431458.0853,433166.1409,435551.213,438293.1533,440302.9939,441007.7875
394648,76,"Greensboro, NC",msa,NC,151003.728,151784.5221,152374.9867,152756.3914,153442.2986,154151.2731,155061.1395,155806.9608,156879.3791,158063.5393,159554.0791,161025.2001,162512.0015,163604.0216,164310.3091,164836.8584,165385.2867,166101.2449,166701.301,167481.4111,168584.2934,169780.9848,170860.0149,171849.9934,173182.9649,174725.7771,175948.8869,176790.3219,177730.3241,179261.6845,181698.8753,184461.2421,187300.9233,189838.3952,192184.5174,194606.0473,197159.12,199937.6479,203221.9761,207083.1861,210366.7623,212098.5695,212261.0764,212352.2612,213231.2572,214604.4314,217097.2494,220448.3461,224771.8962,229496.0098,233804.6275,237635.5849,240041.473,241099.0458,241108.9604,241022.3967,240943.6572,240761.9761,240236.9683,240173.0377,240788.9714,241986.4816,243445.98,245005.0944,246577.9739,248300.449,249790.1697,250955.0908,251762.5382,252059.5652,252081.4359,252270.036,253592.1823,255586.8862,257754.6687,259017.9979
395134,77,"Stockton, CA",msa,CA,361667.0909,365521.3061,369171.0149,371859.3758,373481.5277,374613.3113,375096.1622,376250.6327,377132.6766,378623.4407,379792.756,381344.3649,382985.1308,384290.8293,385193.2683,385940.4781,386432.667,387205.598,387822.1228,388834.7435,390115.5047,391590.9829,393438.6357,395435.9275,397978.2791,400614.4004,402037.9719,402327.1263,402265.1385,403820.6358,407703.7857,413522.8029,420876.9031,429035.5555,437323.5489,445908.04,455201.5208,465795.7625,476924.0287,487832.289,496481.6123,502148.0493,505048.5303,507210.4441,510399.4197,514298.8169,520967.4476,530281.9241,542184.536,553076.897,560935.424,565223.1858,565367.688,561451.7642,554449.3803,546887.2316,539646.3753,533312.9678,526781.1816,522007.4814,519200.5942,518867.2053,520025.0552,522191.4029,525157.2406,527637.3696,529129.3131,530211.9738,531103.0526,532115.9893,532793.3577,533947.6094,536186.5129,538990.0017,541559.3243,542281.3732
394440,78,"Cape Coral, FL",msa,FL,229727.6649,230007.8055,230367.528,230525.8821,231147.7126,231849.2903,232832.563,233626.906,234366.9358,235040.987,235454.2657,235764.8199,235764.1666,235679.8816,235242.9942,234912.7867,234656.0492,234814.2911,235007.6017,235512.8881,236367.9249,237584.4362,238957.2732,240031.4097,240801.927,241048.8321,240732.282,240459.5098,240801.7524,242502.8556,245238.4181,248472.7543,252075.4663,255557.4847,258962.1931,262028.1007,265743.6212,270721.8557,277793.2808,286818.1294,296273.0775,305106.5788,312346.6234,319391.0928,326224.7653,333053.9374,341096.9139,350588.1595,362137.4867,374571.5905,386951.2177,397873.0611,404902.0741,407657.6743,406849.4464,404765.825,402522.4097,400654.2528,398073.7518,395987.2514,394914.3173,395767.9282,397393.5132,399171.097,400335.3224,400817.8092,400551.0125,399923.2704,399167.6995,398284.3551,397440.0054,396579.178,395719.7537,394590.8646,392901.9032,390184.7994
394399,79,"Boise City, ID",msa,ID,253312.6926,256662.9594,260192.2263,263473.7672,267013.6664,270616.7617,274240.5907,277560.8762,280692.6717,283689.3177,286518.8909,289286.7936,292015.0148,294542.8835,296624.7462,298556.757,300490.7839,302707.2148,304836.2358,307467.8256,310529.5916,314173.924,318105.381,322305.8829,326877.1527,330958.4407,333955.2305,335765.4756,337638.5872,340816.6209,346371.371,354222.5666,364555.7901,376877.304,390717.023,406032.9172,423122.2392,441170.6936,459206.1877,474571.3761,485617.1932,491487.2148,493848.1055,495252.6203,496892.2483,499186.3952,502819.8332,508456.7547,515815.05,523726.358,529890.1617,532983.1687,530858.6643,524301.9917,514431.0299,504638.7192,495090.7687,486487.4366,478373.8236,471839.6468,466914.3301,464178.4474,463137.9127,463790.9014,465408.682,467980.1408,470214.983,472586.084,473938.452,474716.4452,474556.7774,475167.8149,477140.0131,479674.855,481605.8803,482228.422
394484,80,"Colorado Springs, CO",msa,CO,298358.6897,301216.411,303431.3102,305112.2785,307185.562,309206.496,311278.349,312765.7093,314417.9525,316234.442,317773.3089,319298.9867,320883.5178,322706.6806,324201.0983,325303.4847,326389.3094,327691.0212,329235.3629,331223.0529,333755.6943,336709.7089,339638.941,342411.6159,345409.7581,348708.2462,351369.3383,352626.2962,353142.168,354368.7879,357120.3423,361126.0868,365936.5411,371529.4042,377488.3573,384193.4759,391916.4895,400229.7419,408846.7155,416728.404,423346.1803,428109.9277,431452.2332,435021.6138,439678.4164,445083.3223,451422.1066,458466.4846,466881.7617,475249.3168,482227.2405,486482.3221,486536.1835,483145.3988,477729.1362,472955.8841,468987.2488,465469.6303,462166.5859,459659.0697,457980.3231,456912.0922,456528.3157,457416.4782,459139.0609,461189.4192,462610.2497,463129.2572,462813.6508,462151.7045,461646.7222,461802.4429,462458.7094,463425.4128,463901.9694,464035.7941
394798,81,"Little Rock, AR",msa,AR,158934.0377,158977.7062,159093.2604,158945.8084,159156.5993,159412.1608,159808.2093,159927.2988,160074.0813,160345.4082,160907.7061,161778.7367,162504.6123,163130.5447,163557.1253,164153.599,164440.4083,164452.8231,164010.0463,163928.3951,164195.9008,165095.9078,166005.6002,166950.3755,167914.6363,168798.1304,169348.7159,169704.942,170216.4789,171238.8099,172819.769,174505.5135,176260.2844,177681.3716,179082.3571,180448.4411,181925.5291,183558.3829,185626.822,188203.5143,190889.1084,192994.0755,194217.6195,195169.9951,196367.1583,197967.6962,200087.749,202517.8772,205246.2359,207910.6496,210128.7539,211678.4228,212599.4315,213072.6172,213525.7175,213850.0405,214028.8758,213634.1628,212866.3726,212253.1756,212395.1539,213270.8563,214640.9674,215863.638,216412.9532,216290.5062,216096.898,216274.8723,216711.0687,216946.4505,217106.7747,217667.1263,218904.9773,220305.2437,221390.9638,221983.162
394766,82,"Lakeland, FL",msa,FL,172880.1619,174168.9107,175412.7762,176556.9884,178012.7953,179445.0775,180855.894,182113.3932,183556.1424,185172.4826,186823.1809,188209.6316,189170.8425,189777.1838,190181.3823,190741.9661,191478.4003,192445.4753,193359.5396,194387.6362,195598.2635,197051.8976,198591.2562,200090.4998,201374.9537,202358.9448,202959.8704,203657.3964,204739.1758,206468.6259,208850.4246,211490.7192,214441.7468,217164.5359,220146.5565,223172.3983,226562.0992,229936.2222,233688.4515,238328.594,243272.779,247919.2412,251786.9806,255766.2129,260448.3967,265578.5395,271850.1203,279224.8159,287383.897,295806.3936,303471.5199,310576.0633,315616.0542,318487.3944,319108.8577,318579.6072,317530.4285,315950.2218,313808.5194,311977.6822,310821.4583,310374.9587,310209.723,310687.9867,311586.6928,312581.8747,313075.2689,313286.9279,313359.3894,313502.352,313958.7348,314689.1798,315530.1406,315970.7238,315887.1682,315149.4786
394304,83,"Akron, OH",msa,OH,141943.6457,142725.1457,143423.6219,143929.3168,144448.666,145054.3367,145802.1251,146446.1633,147238.7817,147977.5978,148773.52,149770.009,150675.4327,151438.1759,151911.2242,152505.3787,153042.6286,153332.6815,153587.3765,154008.2352,154725.3662,155346.8248,156108.4427,157021.3158,158138.6575,159294.2605,159938.649,160341.3438,160818.6505,162001.677,163952.1397,166312.7753,169039.9977,171559.1554,173769.8776,175804.5661,177913.016,180122.1689,182422.7949,184863.1187,186868.2618,187725.9323,187494.2071,187067.1332,187114.4549,187569.6087,189206.5441,191667.2368,194637.4879,197412.0729,199713.5242,201946.2198,203326.8722,203983.731,203971.7111,204064.3687,204283.9862,204346.0028,203800.5322,203583.6984,204051.0483,205468.0203,207285.484,209193.7968,211030.3184,212556.4288,213841.8272,214724.5307,215406.0768,215812.2889,216163.5081,217004.2828,218696.12,220955.5334,223028.8387,224466.1999
394531,84,"Des Moines, IA",msa,IA,200744.5539,201751.1922,202722.874,203394.5662,204322.5727,204885.369,205439.1223,205688.8188,206110.0758,206691.0778,207576.6982,208694.7638,209796.6,210633.2176,211257.7985,211802.1027,212271.935,212672.195,212982.9154,213570.6218,214308.5505,215104.0028,215696.9108,216197.3161,216766.7909,217269.6243,217740.7958,218081.2481,218706.2994,219695.6527,221395.4898,223558.8148,225788.4239,227659.4468,229062.1603,230569.1103,232533.9384,235144.8222,238200.8801,241254.2288,243772.1762,245350.0599,246165.9985,247046.6229,248459.2703,250291.9201,252756.6739,255457.3637,258751.4459,261989.6227,265253.6375,267893.3751,269346.8822,269615.9459,269336.9733,269523.4874,270054.4808,270564.8391,270484.5675,270371.867,270462.9263,271563.721,273175.9981,275069.2907,276529.3688,277512.4626,278091.0143,278438.2202,278777.2585,279232.7605,279932.3945,280760.7869,282159.6824,283568.7684,284857.0254,285374.8924
395115,85,"Springfield, MA",msa,MA,227303.4858,228239.8924,229075.8178,229853.394,231020.2322,232310.406,233340.4946,233794.152,233932.9611,233946.0117,234108.9028,234680.2768,235460.1868,236404.4109,236929.1341,237574.1276,238034.95,238648.6457,239170.0867,240011.1214,241320.6085,242640.6872,244010.7846,245078.4733,246311.6792,247461.4929,248449.8566,249249.6666,250372.1403,252101.1613,255020.9526,258661.4337,263013.3617,267240.686,270984.2569,274514.4081,277890.988,281706.2044,285841.7568,290067.7677,293122.6271,294229.9318,293820.1894,293306.3702,293417.2344,294119.8741,296817.1968,301400.2451,307410.7189,312952.4198,317702.6209,321724.9987,324079.4578,324411.3996,323171.7298,321861.44,321274.9241,321216.3453,321373.247,322246.4012,323897.6668,326455.9878,329226.5765,332163.5886,334803.5916,337470.5126,339580.6811,341270.2632,342452.1311,343500.4257,344430.1734,345499.8722,347270.9357,349853.4138,352345.0851,354293.3191
394931,87,"Ogden, UT",msa,UT,280859.4274,283601.8475,286344.9476,288835.8999,291883.4113,294621.1875,297027.7702,298779.4439,300447.264,301879.7836,303794.1042,306501.906,309845.2709,312796.7571,314965.422,316482.7023,317829.1862,319270.9816,320924.3907,322995.4405,325502.9529,328188.0659,330823.5951,333515.808,336579.3997,339763.4831,341984.8714,343396.0646,344946.1401,348078.4633,353092.6652,359544.4671,366812.6313,374313.4831,381553.1721,389500.3898,398303.6496,408008.7036,418189.128,428454.8301,438129.825,445983.8398,451980.4578,457106.0011,462331.1806,468128.1716,475479.7974,484724.0606,495921.2866,507076.0694,515934.8706,520739.9902,519848.9147,514416.3246,506712.4101,500237.0314,495225.7082,491328.7191,487628.6512,485081.3661,483485.1427,483187.0596,483732.9063,485206.3145,487161.385,488968.4469,490174.8677,492242.9731,493783.6646,494769.5165,494191.8421,494319.5917,495772.4424,497429.5235,498386.3417,498018.7056
394816,88,"Madison, WI",msa,WI,267745.4079,269512.7495,271451.5303,272913.933,274524.2638,275840.9576,276810.4169,277071.9218,277291.1879,277940.374,279028.9212,280489.3549,282028.1845,283368.5942,284423.0639,285380.4644,286198.6421,286940.006,287446.1314,288293.4244,289470.2285,290872.3214,292514.3438,294263.6676,296301.0039,298051.7925,299136.4616,299759.2971,300401.2995,302128.961,305119.7488,309016.8739,312874.6046,316223.9119,318937.0204,321869.1702,325148.6449,329337.2903,334391.8685,339416.7333,343201.4327,344715.8464,344568.1098,344080.2431,344323.881,345749.338,348568.2061,352421.7617,357732.761,363950.5349,370219.4363,374992.5695,377053.279,376577.915,375074.4493,374206.6272,374333.7088,375231.7725,376816.953,379093.4893,382313.2254,386169.5077,389929.411,392643.4311,394453.4398,396113.5796,398003.4623,399237.5103,399975.9239,400055.4367,400766.8411,402740.2832,406477.2841,410645.7017,413844.2354,415828.6274
395235,89,"Winston, NC",msa,NC,156141.9635,156834.8898,157587.8335,158272.5004,159101.3003,159990.4089,161037.3574,161874.6281,162754.8364,163668.7408,164900.0388,166193.9617,167535.8365,168600.0676,169375.8129,169923.0103,170413.2078,171072.8737,171805.7474,172856.9497,174191.68,175488.9296,176540.8272,177450.5516,178524.2289,179741.7198,180560.5153,181303.4565,182377.7432,184279.6493,186948.9744,189949.3317,193103.0228,196136.6093,198858.8112,201592.4046,204339.1642,207481.5632,211148.7426,215410.8224,218768.9713,220421.4281,220364.2967,220309.5443,220939.5204,221955.5102,224598.0158,228411.8624,233498.2504,238572.9169,243279.0588,247605.6732,250670.4683,252267.2812,252605.5998,252753.0149,252833.1956,252810.1225,251625.4236,250611.291,250300.6355,251445.3778,253250.4432,255067.671,256809.2727,258827.2013,260891.5313,262551.7282,263780.798,264213.046,264194.0635,264136.4778,265203.4698,267340.4525,269884.6187,271875.1772
394528,90,"Deltona, FL",msa,FL,200751.2089,201922.5232,202933.1718,203783.2441,204943.0769,206136.8499,207350.8902,208371.0807,209280.4006,210336.8583,211500.4322,212781.6371,213865.5042,214743.6866,215391.9273,216063.5892,216732.6711,217552.4658,218317.0111,219332.076,220610.4067,222120.8071,223790.3457,225378.0434,226783.0446,227641.2345,227752.3603,227798.1117,228326.9513,229920.5007,232479.125,235458.0771,238974.0822,242356.9848,245772.3076,249212.188,252996.8884,257353.7042,262601.3307,268999.9861,275573.2405,281344.6205,285816.0086,289772.415,293782.2286,297951.8162,303519.1781,310399.882,318651.2852,327328.3261,335741.709,343225.7453,348446.9123,351027.6568,351428.904,350922.1499,350105.3964,348762.4948,346576.5027,344545.0781,343217.3571,342720.821,342675.1508,343332.9682,344305.5181,345297.3236,345822.9529,346265.6561,346632.3093,346898.1622,346866.506,346894.6979,347054.7738,347333.2807,347310.5491,346652.8947
395143,91,"Syracuse, NY",msa,NY,138051.545,138242.8211,138726.3547,139458.037,140531.9589,141766.1447,142806.3549,143263.9145,143493.8536,143424.2904,143666.6493,144020.5908,144619.6137,145086.4518,145447.6907,145996.4765,146631.6055,147414.4392,148212.6266,149049.5136,149855.7155,150463.5427,151065.3619,151729.732,152414.4193,153036.6911,153601.359,154274.1078,155233.5753,156566.3244,158630.0178,161198.0422,164017.2062,166437.0243,168262.3584,169926.4144,171724.8789,173831.5661,176450.4976,179575.181,182176.8765,183334.2739,182754.1811,181977.1031,181640.0777,181841.354,183173.3077,185412.4342,188587.8297,191867.9776,194988.462,198115.8179,200496.8142,202007.1248,202549.3467,202730.0995,202717.3239,202730.3429,202500.2383,202723.0134,203458.0812,205407.7044,207973.6496,211059.5401,214041.0353,216836.6495,219060.8709,220857.0569,222308.2609,223420.0875,224228.4104,225203.98,227050.6516,229880.9611,233123.0822,236063.0243
395006,92,"Provo, UT",msa,UT,320032.9149,322681.0692,325238.1271,327503.6717,330546.0812,333460.6895,336320.4021,338457.7424,340738.7314,342922.6022,345369.5528,347856.7209,350560.134,352828.6709,354570.298,355764.103,356844.1188,358089.0662,359439.0982,361086.0457,363167.7476,365824.5254,368538.7494,371130.641,373824.0077,376463.9924,378192.5051,379242.2069,380627.349,383669.9838,388920.2447,395741.2547,403437.4036,411468.3766,419646.3537,428744.1409,438234.5944,448781.6208,460687.5751,473109.1754,484422.3628,492756.953,498407.0874,502843.1154,507146.193,512149.565,519889.4128,530823.9051,544445.6123,557418.1124,567748.7149,573606.1697,573669.6102,568201.9979,559528.5239,551094.7799,543944.0936,538474.5804,533845.5862,530355.261,526998.3086,524218.1477,522572.1871,523024.3896,524662.0558,526619.4733,528013.7255,529882.5745,531428.8914,532307.1909,532162.5031,532286.2444,533244.1753,534201.367,534353.3931,533481.8377
395160,93,"Toledo, OH",msa,OH,123407.2777,124025.6754,124738.6476,125317.6011,126029.9515,126602.0041,127118.0425,127263.9084,127472.8712,127841.8023,128571.7903,129722.5752,130912.1724,131814.2166,132162.8999,132421.7011,132609.5217,132779.8709,132739.2317,133049.9989,133737.6761,134715.8013,135849.9275,136964.7132,138064.1661,138760.9816,139020.7107,139120.1344,139534.7339,140737.7742,142618.9351,144909.9815,147371.7443,149678.1351,151835.8286,153995.4539,156038.9476,157909.4518,159620.4031,161354.6273,162329.8553,162271.9147,161406.0151,160662.5462,160208.5493,160139.3536,161400.3195,163871.3263,166875.8566,169555.4788,171589.9545,173368.2613,174340.8204,174598.3201,174276.8324,174083.4513,173847.1374,173444.7423,172509.6647,172149.3086,172497.0284,173784.6708,175569.0898,177760.6767,179966.6509,181640.1057,182910.1648,183957.5953,184954.7071,185509.1572,185802.6496,186417.2235,187804.0121,189529.3214,191023.8122,191941.8396
395224,94,"Wichita, KS",msa,KS,132992.5896,133425.007,133796.1054,134060.3135,134575.0373,135132.0443,135802.5139,136301.7369,136886.736,137346.8044,137730.902,138106.9495,138643.8946,139407.2201,140143.0611,141041.0671,141926.7069,142912.2021,143833.4195,144810.0166,145888.0176,146960.9843,148088.9137,149353.0973,150677.3363,151878.5254,152611.6167,153284.0541,154330.6636,155781.5623,157671.7707,159161.6157,160494.5308,161293.3797,162198.8636,163169.57,164451.7979,166000.7821,167992.4199,170374.5055,172548.1178,174305.1929,175503.2409,176582.5118,177845.0742,179272.9298,181409.0487,183954.243,186846.1194,189514.2115,191729.7767,193728.029,195152.179,196122.5365,196413.088,196817.0898,197399.9057,198221.421,198952.5801,199546.2818,200563.9542,202218.7637,204271.9398,206261.1299,207671.9759,208807.4018,209462.2892,209573.659,209162.5656,208608.021,208723.151,209786.9676,211661.2083,213841.6482,215873.4458,217703.187
394549,95,"Durham, NC",msa,NC,243251.0602,244923.2103,246592.4297,247938.1619,249286.9097,250645.011,252024.1004,253241.8397,254405.7537,255568.5827,256604.9915,257502.4011,258550.8296,259683.2259,260824.816,261784.0197,262685.6698,263783.8775,264765.1389,266056.5815,267529.1915,269169.0079,270561.3195,271806.3206,273322.2407,274819.9122,275771.9221,276203.6192,277065.9309,279138.7494,,286786.9772,291104.2925,295119.5899,298698.0887,302602.838,306833.3692,311830.1122,317538.3414,323943.3642,330256.8762,335476.0515,339676.6337,343778.9212,348692.156,354199.6165,361171.1916,369171.8604,378750.2929,388802.3803,398487.7481,406482.6272,410765.7142,411180.0322,408852.2657,406180.0954,403535.1834,400754.6851,397859.3178,395725.9575,394896.6863,395500.8848,397438.4838,400469.6425,403696.0357,406602.6864,408813.854,410539.0246,411951.2008,412693.8922,412883.9578,413496.3416,415424.0001,417711.5107,419329.8868,419390.4745
394352,96,"Augusta, GA",msa,GA,141839.0016,142784.597,143784.6112,144421.2764,145258.4806,146149.8624,147248.7198,148094.8222,149129.2783,150216.488,151458.4612,152634.0732,153836.4371,154758.5511,155349.4028,155755.3723,156117.0605,156625.723,156997.3708,157552.166,158444.8353,159570.8563,160778.9463,161832.6474,163049.1324,164200.1271,165033.6906,165608.4703,166367.3137,167728.96,169855.3209,172338.9804,175000.0801,177377.324,179576.5636,181719.5629,183931.4944,186281.1321,188846.3187,191710.5303,194307.6591,196155.4293,197258.8576,198480.3342,200125.2674,202035.7177,204847.4424,208415.5744,212195.8663,215734.0916,218697.827,221718.5671,223753.7144,224981.2985,225388.4976,225814.542,226213.3975,226459.5766,225988.6646,225507.8114,225774.8043,227075.0642,228636.33,229800.1531,230474.5044,231141.0749,231718.3931,232263.7856,232562.3773,232620.311,232462.6434,232591.2733,233433.8086,234759.3393,236071.9667,236987.1871
394957,97,"Palm Bay, FL",msa,FL,208889.0651,210365.198,211530.4782,212312.4797,213481.9805,214762.7678,215990.5605,216849.6038,217713.6416,218650.0028,219449.5819,220122.298,220383.3972,220535.372,220515.8148,220776.293,221211.9465,221780.872,222380.0871,223237.7443,224603.4627,226250.5983,227949.328,229596.92,231074.0673,232317.0263,232886.1148,233325.1006,234226.0393,235968.8987,238701.3403,241847.4105,245664.9962,249576.66,253679.7665,257618.438,261706.7892,265906.0182,270788.1553,276476.1098,282232.4736,287168.4661,290870.2859,294402.7843,298530.9721,303270.0882,309511.4099,316722.4188,325143.6034,334064.0535,342830.9352,350753.9419,355932.5509,358358.9822,358552.4487,358196.4146,357531.1381,356166.9648,353994.6602,351980.5612,350806.9244,350702.0134,351193.7705,352359.5966,353618.9619,355014.6492,356062.8914,357035.048,357779.7428,358422.8494,358578.8047,358786.1063,358904.0104,358987.8049,358499.3769,357251.3193
394711,98,"Jackson, MS",msa,MS,139960.6616,140470.4822,140743.176,140693.9861,140744.0369,140887.1939,141253.8419,141716.266,142417.5704,143068.6477,143854.8991,144787.9417,145911.7402,147043.2949,147835.3907,148442.771,148862.6914,149242.917,149372.5599,149630.332,150052.0828,150706.1932,151162.1612,151573.0121,152221.1807,152885.2413,153216.2451,153088.3129,153431.3403,154250.4149,155608.2178,156921.8893,158605.6719,160403.1398,162212.9517,163972.4447,165799.2561,167818.0665,169904.0531,172000.2593,173692.9546,174892.0492,175631.376,176713.7809,178484.8659,180573.4306,182817.356,184729.4688,186549.3041,188206.2947,189682.0158,191508.7343,193133.8035,194329.9387,194808.4186,194885.2515,194870.9251,194578.4367,193733.6857,192729.1156,192199.6718,192944.2292,194452.5806,195927.7586,196828.6059,197295.3929,197314.7923,196949.0047,195918.8519,195084.3353,194589.8376,194519.8747,195030.8143,195940.4785,196976.1875,197463.63
394666,99,"Harrisburg, PA",msa,PA,188115.0987,188586.6506,189064.1711,189301.9284,189700.3259,190107.4075,190456.5081,190449.4977,190552.3362,190839.9863,191553.8457,192520.8118,193645.2313,194532.8346,195220.7256,195878.5416,196581.0375,197282.226,198064.292,199008.1705,200139.2132,201173.9105,201988.7829,202751.3306,203524.5963,204599.9189,205242.9386,205774.2104,206474.1897,207813.9071,209928.6363,212441.2496,215330.444,217900.2424,220053.3467,222054.7624,224589.0476,227335.0045,230535.3264,233717.9608,235909.1107,236628.3606,235752.0854,235515.0628,236023.3979,237666.7046,240608.1674,244678.7264,249518.2946,253959.5903,257622.2047,260556.0201,262179.6815,262739.4335,262639.0642,262930.3954,263666.3664,264450.8079,265055.6482,265724.4341,266935.1039,268879.2662,271280.5242,273833.3885,275882.3176,277664.7144,278854.5085,279544.7615,279635.1562,279814.0425,280233.165,281432.3112,283247.65,285354.622,287084.4496,287894.0663
395113,100,"Spokane, WA",msa,WA,228128.9198,231017.4946,233670.0429,235959.3002,238598.8532,241124.9453,243396.1572,244843.7383,246179.638,247609.7421,249173.7566,251126.1426,253983.8929,257596.091,261223.7405,264354.3543,266688.885,268590.3446,269888.6158,271341.4158,273127.4514,275146.8144,278671.0428,282811.9795,287562.6961,291154.5106,293724.423,295481.0494,297135.1872,299754.8216,303830.0683,308961.5115,314546.3133,320148.8988,325382.4425,331892.8177,339504.1242,348753.921,358188.8871,367525.0256,375526.2536,381061.9139,384008.1595,385820.9176,387880.507,390847.6383,395611.5838,402260.7555,410876.9186,420028.4826,428068.6379,433705.0908,434970.9473,432348.6148,427259.6677,422928.7224,419549.3602,416807.3353,413304.786,410467.2148,408752.4239,408732.0572,409652.7312,410955.8155,412174.2937,413246.0191,413915.6331,414128.2026,413921.7705,413413.7323,412697.4465,412410.761,413175.4882,414871.3617,416602.9656,417085.5717
395075,101,"Scranton, PA",msa,PA,133996.0121,135078.2016,135923.7577,136086.1077,136132.86,136051.8311,135912.9551,135550.4628,135150.2074,134947.9223,135247.8244,136250.5973,137513.9978,138723.2789,139150.1983,139501.603,139808.3757,140663.5577,141594.6544,142572.5825,143415.4277,144286.4293,144959.2249,145765.7716,146637.9613,147979.3044,148589.1048,148467.8637,147909.9128,148402.5623,150589.0431,153435.6984,156705.2111,159557.7197,162528.3134,165249.3485,167265.5218,168969.1905,170444.934,172566.3767,174543.6439,176150.4402,177202.7258,178009.647,179476.6553,180852.4869,182698.9512,184562.2221,186988.6035,189197.8426,190634.2718,191633.1404,191896.1127,191388.844,190482.4459,189915.4543,189928.6597,190005.8197,191406.0776,192702.0957,194468.3804,194944.9186,195348.2401,195684.1588,196574.0128,197773.7052,199037.9815,199772.6849,200516.2452,201227.8464,202442.9686,203650.6184,205414.6485,207670.6565,209809.1155,211244.3129
394460,102,"Chattanooga, TN",msa,TN,178291.4187,178781.7934,179258.6917,179627.7816,180409.7961,181345.6594,182468.2475,183346.2324,184173.7224,185134.9243,186414.9843,187798.141,189114.1262,190149.1401,191066.9527,191996.7668,192951.9525,194043.6666,195056.6349,196266.8234,197707.4845,199103.4034,200294.6177,201385.3673,202539.2489,203726.7704,204495.9328,205150.4708,206249.2724,208144.9033,211098.5552,214293.986,217508.5821,220167.0274,222859.4567,225844.3178,229085.6169,232512.2871,236292.0795,240848.8251,245631.6305,249415.8844,251830.2083,253543.0245,256015.6858,259150.6118,263280.8688,267785.7926,272212.3201,276643.6323,280292.0903,283893.3374,286112.315,287071.3484,286667.794,285878.4036,285077.4353,284342.7608,283801.3337,284289.4757,286145.858,288766.6519,291421.9431,293746.7536,295530.3512,297027.1505,297993.0371,298752.1493,299472.0751,300093.8249,300873.8275,301939.4406,304115.3265,306415.808,308643.2926,309819.0369
394871,103,"Modesto, CA",msa,CA,304047.9877,306103.0652,308085.8914,309590.7705,311125.298,312243.2369,313356.3904,314530.9313,315584.582,316828.0653,318198.7571,319933.2448,321851.2633,323304.5907,324247.5699,324727.7987,325590.5256,326729.9506,328065.6561,329367.2899,331113.545,332961.407,334824.5883,336368.1058,338291.8247,340169.7061,341338.0892,341801.3762,342590.1505,344765.869,348718.8502,354014.3469,360566.2287,367606.1598,374832.4816,382338.0952,389541.6324,396774.5762,403840.0574,411059.8899,417253.5565,421261.545,423337.1549,425033.7117,428018.5838,432124.0103,438223.9967,446073.9529,455216.3269,463587.0027,469734.4561,473785.5867,475084.0999,472996.2897,467996.1803,462259.8806,456596.5848,451566.9232,446218.0971,442190.9224,440160.1491,440303.4887,441978.8492,444162.0374,447042.1697,450251.7215,453146.0121,455404.5182,456911.8121,458115.3042,459288.3095,460722.8063,463195.5506,465876.948,468205.5563,469124.0816
394768,104,"Lancaster, PA",msa,PA,222127.7505,224283.4731,226527.6046,227496.7984,227776.8541,227848.9956,228001.33,228443.0783,228964.4962,229555.1171,230167.422,230826.9016,231480.3612,232161.762,232960.5388,233909.8606,234679.2892,235468.4254,236155.8497,237107.2528,238238.2695,239212.8567,240257.465,241186.048,242092.3698,242810.409,243164.9883,243612.1717,244532.4147,246272.8227,248928.59,252103.8683,255858.0414,259607.0566,263268.0458,266779.7773,270293.0268,273493.4213,276887.93,280511.774,283486.261,284949.2654,284841.4929,285098.8277,286499.9508,289343.5883,293676.4981,298972.1432,304530.1456,309409.4365,312947.6261,315711.0826,317082.9939,317411.6721,316974.189,317355.0132,318659.6628,320366.0307,321865.4746,323017.2555,324350.189,325937.2139,328366.0503,331165.002,333996.5536,336501.5793,338707.46,340265.5739,341321.1099,342127.9607,343034.6068,344395.8251,346093.1272,347920.3431,349173.5904,349322.6613
394997,105,"Portland, ME",msa,ME,294168.8702,296186.8322,298639.5273,300679.2481,302782.3185,304844.8827,306508.2259,307392.9499,307975.3932,308823.4577,309523.1568,310327.1714,311404.7713,312777.0454,313648.9969,314206.7957,314779.9501,315876.4707,316816.1481,318201.8548,319876.6545,321646.4237,323756.8879,326236.1696,329370.4825,332319.273,334375.2505,335977.1082,337821.6248,341008.596,345877.3663,351922.3389,358935.0698,366112.3516,372884.2043,379655.8141,386509.7265,394503.0653,402962.1668,411746.0139,418789.1155,422828.9448,423895.9338,423885.8892,424923.124,427218.9103,432043.5095,439407.5706,449479.201,460636.591,470732.2661,478312.8734,481110.7318,479747.7775,476080.857,473468.1262,472607.4014,473368.3851,474638.5029,476359.9651,478908.8981,483235.4979,488473.8061,493976.6292,498563.1322,502988.5799,507321.0662,510877.7046,512930.7665,513600.7215,513442.0105,514380.6426,517173.3241,521020.1617,523889.6978,524616.7033
395245,106,"Youngstown, OH",msa,OH,97721.35963,98471.26936,99056.40579,99134.31075,99165.86693,99346.4249,99721.51033,99962.05859,100235.3146,100481.3276,100872.7469,101617.0251,102454.1442,103211.6967,103588.5784,103926.7813,104225.3132,104589.0743,104864.4002,105305.2911,105951.394,106603.6371,107177.3588,107799.7184,108467.49,109295.0092,109635.5864,109695.3366,109836.3812,110676.4963,112504.9064,114845.5459,117451.9335,119766.0727,121631.7755,123216.8369,124698.0584,126263.1782,128028.7809,130227.4756,132024.1451,133013.8982,133090.6611,133434.4377,134176.8073,134950.889,136322.384,138183.2276,140464.2554,142369.8157,143931.779,145475.7336,146482.629,146625.2395,146317.1289,146204.7519,146441.7449,146507.8519,146303.441,146315.8684,146684.9058,147383.7257,148336.3439,149556.259,150931.3599,152196.2285,153273.3125,154037.4975,154517.7265,154549.6742,154500.25,154998.6376,156506.9455,158494.6119,160267.525,161597.7869
394770,107,"Lansing, MI",msa,MI,151748.8887,152812.7452,153789.7014,154661.2361,155432.3027,155957.3927,156277.9447,156241.2877,156415.1197,156837.3432,157347.323,158169.7943,159081.388,160439.4492,161729.6535,162938.1282,163772.485,164395.3423,165124.3187,166074.0919,167228.7558,168047.2,168978.4054,170016.7445,171365.8374,172710.4234,173460.3692,173879.6117,174328.9314,175358.4798,177248.3276,179721.7441,182604.404,185093.268,187283.5241,189463.0751,191755.2514,194163.9774,196809.9462,199603.0057,201277.043,201238.1492,199890.1091,198658.8727,198200.6516,198443.3432,200270.4917,203492.3806,207515.2562,211317.0055,214298.5618,217063.4242,218384.5325,218464.6457,217329.7608,216498.3989,215985.2651,215825.0095,215604.476,215909.2781,216621.8134,217874.8828,219283.7804,220645.2046,221901.4541,223343.7179,224747.3932,225916.5882,226588.2011,227021.3843,227393.6383,228256.2686,229984.0668,232271.6344,234117.5379,235466.1593
394590,108,"Fayetteville, AR",msa,AR,191861.8509,192610.4977,193276.821,193721.4607,194426.2386,195232.9315,196033.5101,196520.9365,197045.9617,197744.6447,198708.2451,199795.5659,200902.761,201982.9782,202922.6659,203901.4935,204775.3125,205711.6476,206510.5398,207339.4233,208283.2693,209324.2323,210440.6353,211705.4412,213076.51,214417.7321,215230.6102,215972.5828,217121.4369,219170.3481,222225.3538,225856.5964,229816.0502,233391.3657,236553.873,239729.1875,243582.057,247922.0846,252525.7239,257187.012,262154.3187,267022.9946,271148.8958,274946.7751,278803.8884,283160.3828,287939.2308,293247.3667,299146.6787,305963.3505,312737.478,318663.3238,321806.5141,322658.7339,322058.6381,322013.3448,322252.3532,322431.9539,322092.7154,321834.5683,322131.0253,323092.2493,324749.7434,327069.4146,329455.9429,331476.2818,333003.9839,334123.9958,335016.7289,335520.5302,336192.7639,337250.9894,339083.9022,340827.3921,342047.7705,342579.6442
394589,109,"Fayetteville, NC",msa,NC,140599.6602,140764.1063,141022.7685,141368.8849,141696.8306,142071.9182,142628.9048,143145.963,143732.0633,144257.5987,144743.7705,145252.3143,145944.5692,146752.3623,147336.7091,147715.0833,148017.5631,148333.0976,148550.132,149091.6601,150029.5612,151125.453,152223.3759,153371.3874,154638.9889,155705.5133,156264.9375,156603.8624,157083.2639,158067.1952,159573.2366,161538.3139,163974.6589,166688.65,169314.5699,171840.6476,174202.1586,176470.4213,178844.9557,181570.8805,183890.9061,185137.5432,185284.714,185495.3087,186442.4954,187887.7094,190921.4556,194865.8543,199426.2345,203374.6862,207040.5579,210851.632,214017.7265,216135.2485,217499.7564,219348.2539,221460.2659,223221.9973,224111.2433,225265.1675,226907.3756,228930.1905,230851.2867,232603.0999,234200.1431,235712.5402,237124.5962,238292.5136,239339.1274,239998.6151,240640.0291,241474.8287,242954.697,244609.7164,245965.6746,246751.3539
394792,110,"Lexington, KY",msa,KY,186319.2653,187263.5218,187965.4117,188281.5236,188888.4197,189652.8873,190369.3409,190745.9173,191022.7039,191395.7698,191973.8879,192894.5068,194114.1657,195260.0367,196132.589,196748.7852,197299.7456,197879.9871,198399.2174,198983.5132,199629.3188,200417.0366,201610.5505,202870.7468,204344.3912,205485.6866,206386.9364,207151.8106,208311.8889,210151.372,212646.7203,215354.673,218280.2843,220877.4141,223168.3893,225311.5334,227871.1136,230687.7763,233673.5847,236684.8383,239544.5624,241655.2827,242783.4146,243645.9797,244954.4357,246889.0637,249672.9139,253095.5384,257115.694,261374.7266,265346.3502,268953.8601,271076.5202,271780.7394,271539.2707,271598.0447,272125.9954,272665.6485,272720.5579,272936.2886,273985.5878,276073.0021,278744.6455,281487.5987,283941.0273,286075.4823,287708.2174,289181.7446,290250.057,290937.5762,291394.9067,292420.5371,294178.8299,296441.3635,298350.4804,299845.6241
394971,111,"Pensacola, FL",msa,FL,174847.629,176081.9947,177022.4296,177787.6151,178892.4552,179893.7051,180846.4743,181567.6854,182531.2153,183663.8185,184647.4315,185611.1411,186564.8781,187747.2634,189032.4305,190321.8219,191491.8445,192618.4374,193760.9423,195229.7717,196856.4567,198510.8204,200199.1009,201834.0014,203438.5754,204801.7826,205906.3869,207208.167,208820.9217,211151.437,214118.3156,217338.1789,220824.6731,224133.1281,227668.1851,230988.7088,234202.6422,237457.1382,241383.2714,246374.2444,251414.4958,255615.0868,258486.3722,261026.2407,263910.5563,267227.7545,271487.0913,276377.007,282105.1128,288103.3293,293831.687,298852.4519,301978.35,303201.8137,302911.9529,302379.0932,301893.6007,301393.4037,300713.4139,300702.2872,301439.1293,302625.5444,303601.4724,304293.723,304835.49,305689.7162,306387.016,306931.6837,307234.7103,307452.7508,307642.4659,307826.6819,308228.581,308843.2868,309464.071,309735.8763
395068,112,"Santa Rosa, CA",msa,CA,654844.8516,662071.6411,669324.8658,674750.5877,677322.7127,677984.3607,676911.3842,676120.6951,673560.7136,670429.3766,667384.2209,665298.233,664524.0736,664150.8631,664132.8814,664021.2191,663359.9092,662974.8622,662891.0883,663030.2964,663381.5666,663644.9339,664878.2783,667626.7531,671086.4861,673678.3911,672012.3498,668519.7571,665308.6319,666191.5167,670640.2939,677426.0151,685173.4537,693062.986,700517.1082,708675.0274,717759.5546,728607.7238,740146.0832,749896.3379,757180.2804,759372.135,758742.0231,757047.0657,757116.2356,759561.8311,766629.4803,778162.1134,793894.7368,807282.8019,816776.7178,819462.396,816266.3502,809038.8977,801215.8199,796705.4597,793440.92,790637.8918,786350.0986,783434.1175,783130.2375,785489.9838,790039.4084,794899.0683,799963.3547,803717.3036,805987.25,807498.9697,806879.3461,805572.3634,803619.988,803750.221,806415.7055,811437.2422,815574.1761,816507.278
395019,113,"Reno, NV",msa,NV,353345.0613,357141.4202,360756.696,363880.3886,367122.2831,370431.0332,373330.8495,375345.8441,376802.5348,377797.9104,378981.5726,380182.217,381582.1576,382645.427,383104.5501,383324.9884,383590.178,384374.7934,385295.2266,386098.9761,387156.765,388410.7578,390414.3679,392773.2088,395781.2983,397954.1576,398371.6339,397603.7311,397795.7068,399948.3349,404309.5264,409923.7345,416954.4639,424893.8476,433126.0136,442619.2336,453262.215,465027.1392,477253.848,489065.143,499555.178,507603.3891,513865.6165,519346.0061,525336.3863,531410.049,539385.0542,548935.324,559943.8238,569719.1506,576910.0586,580619.2912,579646.4353,573909.1121,564648.3523,556107.3668,548190.3752,541637.5863,534870.6796,529235.872,525306.7139,523235.9203,523147.9966,524534.1152,527054.1448,530081.5004,532529.4558,534446.038,535779.554,536831.6666,537639.0103,539230.2525,541551.0414,544551.476,547155.2112,548868.9498
394698,114,"Huntsville, AL",msa,AL,181413.9015,182326.6344,182903.3379,183190.9201,183867.6113,184283.0365,184749.198,185106.7376,186079.2726,187434.4523,188718.9181,190006.6137,191249.3679,192413.7618,193308.8113,194129.0885,195122.8319,196119.8232,197074.0091,198325.901,200193.959,202342.3568,204561.7738,206726.7986,208841.2228,210883.482,212615.7376,214584.48,216579.0106,218744.3247,221260.471,224303.1232,227845.3515,231271.5676,234662.4841,238544.9198,242966.1136,247899.1586,253238.2792,258920.5205,264603.7744,268990.1111,272128.6075,274772.0102,278117.4744,281955.3414,285847.3672,290077.0527,294981.0682,300460.7893,304896.9789,308032.316,309433.2107,309868.5156,309318.5972,308091.8341,306666.9952,305352.149,304549.4655,304151.9416,304457.7432,305347.3428,306683.1654,308007.5251,308724.3436,308908.2607,308682.5519,308527.6847,308565.2893,308331.9587,307901.8914,307624.8045,308417.0192,309593.9932,310183.3388,309499.1833
394995,115,"Port St. Lucie, FL",msa,FL,221965.2226,223481.1112,224743.6907,225835.4082,227106.2644,228324.9278,229413.5658,230349.538,231245.8307,232284.3812,233336.3875,234509.0411,235372.3059,236021.227,236295.8605,236713.8704,237122.906,237672.1295,238105.1206,238740.5615,239685.6489,240954.5165,242549.7233,244130.255,245462.2894,246146.8162,246132.7247,246088.0974,246561.9421,248026.3429,250454.326,253489.715,257210.9064,261211.2374,265497.8104,269727.0573,274078.2038,279088.3133,285420.5966,293515.5996,301802.4418,309262.8639,315036.3496,320575.1468,326633.1702,333103.6458,340988.1366,350024.2594,360656.9464,371515.4923,381780.1522,390656.8382,396908.19,400223.4308,400661.8341,399792.2395,398442.8553,397223.1101,395432.058,393551.455,392027.6876,391241.0979,391314.1804,392170.9188,393428.5235,394814.6259,396117.2606,397532.7521,399018.8935,400462.3159,401578.3725,402443.3687,402935.0391,403066.1638,402833.4104,401970.6947
394761,116,"Lafayette, LA",msa,LA,177434.0277,177537.4437,177481.9043,176801.3889,176536.2037,176406.048,176781.997,176218.4421,175973.2859,175729.5356,175837.6753,176259.2902,176988.2577,177923.6392,178513.8785,178630.31,178936.8318,179297.651,179470.4512,179574.1577,180046.2114,181136.2198,181957.2822,182210.0946,182118.4132,182208.3259,182438.4733,182642.6814,183326.1806,184900.0508,187291.6538,188695.8608,188473.2582,186827.3359,185214.1535,184309.4863,184034.4451,184431.7599,185141.6165,186212.6522,187093.7089,187609.6532,188083.6215,189243.5056,191116.4382,192874.4834,194274.4197,194938.8439,195617.9038,196621.2581,197905.3764,199285.3651,200029.9,200094.8519,199438.0924,198654.571,197844.4833,197059.6796,196475.7111,195835.6086,196091.257,196511.6073,197441.0073,197660.5022,197310.4735,196361.9881,195231.8502,194237.7151,193658.9798,193247.3845,192667.4657,192590.5004,193060.9764,193913.1263,194149.294,193478.8589
394898,117,"Myrtle Beach, SC",msa,SC,196435.9553,197444.6702,198229.7848,198802.7382,199498.6025,200463.4395,201638.4048,202815.2394,203732.9264,204306.053,204924.1881,205803.8427,207020.328,208081.508,209038.192,209928.1409,210807.5187,211522.7189,212073.124,212765.2557,213891.4235,214865.5495,215682.6353,216057.7795,216723.7685,217415.1456,217920.3607,218420.1766,219365.6423,221088.736,223545.392,226479.2412,229690.0851,232981.0924,235839.2176,238696.6903,241481.4706,244907.8904,249184.966,254536.7214,260206.9289,265430.4443,270141.8125,274812.6766,279745.994,284552.6931,290093.4958,295954.4248,302671.5376,309725.1353,317138.6165,324370.9,329699.8803,332681.6697,333274.4258,333387.305,333220.9974,332769.0848,331372.6682,330182.5104,329381.5475,329690.7713,330659.611,332505.0386,334088.3677,335280.2845,335880.486,336320.0496,336545.7689,336755.7357,336857.7578,337052.1422,337554.1926,338287.1826,338810.1065,338480.54
395116,118,"Springfield, MO",msa,MO,149507.6651,150738.5088,151605.8702,152005.4711,152404.8064,152870.6235,153591.5762,154172.3602,154942.7496,155528.8478,156421.1806,157392.6313,158668.5173,159843.4203,160829.42,161723.2756,162543.2139,163248.9179,163693.9767,164400.8091,165348.941,166513.0209,167365.0578,168140.2401,168964.5231,169858.2309,170551.2974,171089.3902,172002.7178,173454.126,175667.5255,178360.6362,181505.8943,184306.6857,186576.8154,188679.617,191110.5598,194214.5852,198074.4167,202329.134,205895.6229,208186.6588,209543.3681,211340.3702,213943.7724,217170.3246,221202.1786,225749.0981,230951.3613,235922.238,240215.7743,243820.7497,246180.4195,247194.1565,247021.3696,246639.8009,246466.2934,246446.9266,246075.0194,245843.4258,245913.6125,246666.5249,247726.5382,248952.6956,250189.018,251664.0991,252919.5328,253892.6507,254136.9798,254115.5957,254118.7455,254513.4676,255287.7939,256273.9261,257144.397,257747.5303
395195,119,"Visalia, CA",msa,CA,220127.4084,221020.3951,221774.628,222177.7959,222995.3664,223825.5046,224670.2553,225530.8931,226326.9221,227435.7512,228796.325,230403.3374,231995.5603,233185.4821,233998.0792,234589.0085,234965.7373,235512.5807,236099.9841,237369.1752,239087.619,240949.2326,242339.4589,243027.3515,243520.9138,244010.9252,244412.7251,244840.8185,245724.5233,247911.6693,251247.3877,255350.9586,259996.1487,264562.7291,268895.572,272760.6547,276586.9424,280581.1262,284966.2584,289906.482,294927.3879,299312.4851,302271.1904,304660.9186,307367.0736,310998.286,315425.9869,320195.5272,325230.1194,330208.1393,334583.496,338305.9037,340670.0988,341618.9608,341061.9058,340171.9154,338807.3098,337256.2615,334639.0986,332530.3607,331385.8865,331450.2434,332209.6794,333480.8674,335415.3583,337584.2667,339257.6883,340362.7252,340882.7517,341397.9204,342065.7367,343104.2514,344646.6278,346343.8952,348220.5812,349502.9525
394746,120,"Killeen, TX",msa,TX,152651.644,153513.9412,154445.3421,155158.7793,156007.7198,156870.084,157896.0681,158714.4661,159795.2627,160732.921,161482.985,161961.3763,162434.4084,163078.6297,163691.0896,164421.4984,165203.0698,166091.4196,166885.2972,167820.0438,168761.7584,169829.2677,170809.42,171880.3636,172882.9154,173789.349,174435.3047,175163.9788,176354.6089,178047.3249,180221.8304,182578.145,185173.3072,187666.3477,190197.7871,192648.2453,195412.0421,198505.9245,202476.8994,207007.3221,211687.8372,215846.2625,219552.5173,223124.1519,226885.5676,230698.7818,234996.6857,239671.8178,244824.9956,250279.7656,255660.6384,260736.8118,264345.1933,266277.5354,266743.3937,266745.7678,266356.7019,265428.8404,264082.0684,262736.3452,261643.5717,260985.7518,260759.1622,260989.6701,260769.0161,260322.209,259372.5907,258575.224,257650.639,256792.0527,256390.418,256633.4116,257403.1982,258133.875,258411.7249,258288.9425
394338,121,"Asheville, NC",msa,NC,262054.4192,263707.5005,264951.483,265792.4417,267051.9897,268052.6768,268980.373,269582.9914,270527.3886,271672.6657,272171.9839,272214.2494,272305.0517,273089.907,274059.5423,274939.1397,275822.3506,276621.1664,277479.8594,278657.3165,280393.6185,282238.8643,283977.2921,285747.2588,287644.8486,289268.6129,289981.691,290317.2463,291120.6047,293258.3316,296765.9249,301006.3942,305662.0768,310411.2964,315179.2738,320594.8785,326406.2328,332463.4292,338702.1268,345157.0283,350654.2892,353966.1276,355696.848,357333.5415,360032.6685,363319.3659,368703.1029,375672.5707,384183.4807,392660.576,400287.023,406709.1682,410344.5706,411509.0376,410573.3657,410221.7998,409738.8067,408963.6426,407252.1651,406091.5089,406392.5761,408091.0265,410652.4961,413580.0592,416277.145,419074.348,421714.1689,423973.1999,426087.3485,427304.6915,428102.2027,428747.2639,430425.4955,432641.1773,434819.7023,435964.0973
395244,122,"York, PA",msa,PA,182605.3271,182888.2702,183154.5582,183403.8005,183869.3193,184412.4694,184805.834,185103.1006,185299.8361,185717.7121,186487.7335,187814.764,189242.8011,190317.3213,191104.1191,191889.5103,192742.5191,193465.8946,194020.5687,194674.8672,195582.6479,196651.8042,197605.8131,198547.1811,199377.26,200501.7278,201181.4196,201820.6088,202571.5932,204026.4631,206194.3382,208817.8494,211845.4001,214713.4889,217322.5247,219882.2222,222808.2865,225883.332,229267.5421,232725.6715,235170.5105,235837.4909,,233886.3345,233997.2425,235175.3332,237939.2265,241964.0202,247048.5376,251536.7362,255005.9848,257611.7603,259170.0243,259948.2015,259860.4718,260204.5663,260917.3551,262198.6165,262364.6413,262465.487,262849.1476,264954.8029,267623.2914,270353.9107,272620.8884,274711.2535,276375.966,277369.0711,277895.0848,278298.3469,279082.9119,280297.691,281788.9034,283299.5706,284393.4511,285025.4564
395183,123,"Vallejo, CA",msa,CA,429841.3092,432308.5115,435187.7555,438113.8374,440384.232,442444.7018,443910.9855,445413.3263,446328.1803,447179.6774,448084.9477,448820.4172,449679.9278,450037.3473,450183.9158,450237.6336,450527.4977,451008.0622,451630.4964,452515.345,454049.1494,455701.8555,457669.7786,459843.2713,462551.3965,465152.0373,466392.243,466137.6078,465789.2274,467468.5944,472291.1207,478636.6001,486058.9801,493395.753,500742.6555,508375.2412,515910.9602,524164.1307,533189.158,542942.4344,552482.4055,558822.0446,562613.1128,564924.1547,568614.4908,573554.0759,580898.4015,590315.5497,601712.8176,612082.4628,619049.8727,621498.1153,618988.9259,612400.4267,603711.8405,596086.6624,589806.276,584234.9108,578016.7147,573067.4781,570430.5784,570362.1986,572241.3958,575148.5164,578321.9677,581542.8043,583714.3557,585258.6782,585315.1023,585564.4103,585902.4111,587363.511,589520.1324,592470.3182,594197.471,594287.7612
753917,124,"Santa Maria, CA",msa,CA,596954.5469,597907.7511,599855.8457,600921.0695,601033.8292,600735.4957,601765.1132,604820.8918,607386.1738,608678.6368,608232.3598,607253.4672,607141.8736,608057.5922,609119.3232,609624.3819,609575.4088,610500.4528,611345.1828,612456.1683,613298.0778,614482.9006,616461.9802,619520.9542,623634.2369,627857.2341,629955.0213,630095.804,630170.365,633715.7925,641594.8163,652128.2704,663701.1446,675191.9414,685519.2497,695095.3916,704523.7247,716441.8773,731882.4903,749014.6964,763907.7449,774058.8103,780954.631,788274.1084,798457.9378,809892.0224,826409.3587,846660.0489,872668.2674,896660.3353,916490.0613,928628.1181,932389.1288,927727.7243,919108.5787,910766.9451,904829.5893,899841.4776,894574.8556,890603.6116,888759.6983,891514.2418,897203.367,906282.9252,917566.8749,930045.962,940701.8792,949081.7729,954290.2221,957350.4067,958116.6674,960023.4437,965631.9024,973077.8911,979778.9408,982112.167
395050,125,"Salinas, CA",msa,CA,546323.0769,548668.0529,551130.4079,553668.9606,555489.1547,557049.0578,558809.9148,562246.0398,565098.121,567854.5114,569572.0431,571633.1529,573930.455,576081.9604,577467.2884,578799.4499,579726.9341,580876.2428,581701.2413,583220.7293,585214.1029,587778.101,590100.1956,593830.7874,598109.1624,603231.0577,606004.8399,607590.5999,608687.9609,612702.3789,619742.4663,629083.0128,639490.4774,650574.1576,660659.4465,670885.0223,680772.9964,692790.9687,706211.9828,719580.7849,730379.3455,737155.8879,741347.6371,745721.2994,751294.5867,756997.4345,766416.6731,780153.4018,798567.4984,814784.7257,825903.8449,831214.9271,829593.0197,822372.9923,812328.1784,804572.5319,798875.4835,794306.3213,788348.6217,784047.8981,782764.4969,785653.1158,790761.8473,796280.3809,803082.1933,810311.2684,816920.9815,821877.4758,825219.7653,827147.2515,827014.7252,826663.9487,829506.8647,835097.9892,841350.7981,844401.7544
395048,126,"Salem, OR",msa,OR,281540.9294,284794.9227,287861.8918,290158.2495,292558.3371,294955.4002,297379.2519,299173.1295,300702.4419,302352.4435,304151.2251,306007.9639,307765.9223,309430.087,310722.6177,311931.2122,312931.763,313847.3599,314304.4176,314822.6283,316094.0881,318193.6029,320814.4391,323380.4745,326120.9042,328407.8367,329510.4103,329604.5073,330084.5412,331958.9551,335558.3321,340195.4812,345757.2702,351924.8693,358533.9271,365753.2736,372960.0833,379637.0094,385621.7024,390988.6935,396539.4317,401324.5856,405445.5198,409005.435,412765.9397,416766.3724,421399.2705,426866.4935,433334.421,439939.8037,445619.1105,449629.0767,450694.6018,449045.643,445602.7448,442616.3534,440371.2164,438694.1008,437546.95,436655.7969,435992.3894,435327.6284,435501.9105,436879.6871,438525.6991,440133.3271,440790.8273,440920.8088,440648.5678,440704.7044,441088.0553,442179.3271,443676.481,445284.1119,446424.6424,446872.1917
394870,127,"Mobile, AL",msa,AL,120174.0531,120863.9406,121474.4256,121734.5109,122150.8677,122532.4094,123121.6368,123323.5453,123813.3898,124436.6427,125160.3693,125741.9837,126369.2671,127069.1906,127740.0495,128416.407,129271.9706,130252.4915,131099.0294,132079.882,133213.0096,134465.845,135635.0014,136437.498,137123.1693,137662.8371,138236.7172,138890.8375,139673.4854,140958.612,142752.9762,144417.9242,145862.4399,146674.825,147614.9126,148686.6848,150136.4128,151794.7886,153732.6471,155952.6253,158403.78,160619.156,162215.5486,163650.2701,165435.2221,167371.2157,169289.6354,170953.2076,172538.9206,174185.3686,175609.8687,177388.3919,178647.3871,179491.4943,179611.0528,179745.2584,179869.3314,180079.6956,180287.0801,180403.6982,180908.712,181899.0935,183575.9203,185116.6378,185999.7198,186096.4857,185755.3408,185540.5563,185651.4059,186085.995,186440.106,187187.7845,188535.0506,190210.6462,191641.2575,192269.0971
395015,128,"Reading, PA",msa,PA,177740.665,178524.1237,179051.8903,179298.5985,179616.3298,179763.2331,179898.9652,180004.4684,180401.2482,180920.4138,181525.7778,182271.539,183278.6924,184346.7046,185286.1537,186264.9801,187111.3899,187967.3922,188745.2078,189631.8136,190610.2477,191404.4583,192371.3133,193539.0755,195337.4491,197592.881,199343.6343,200208.5164,200543.7729,201463.9638,203425.683,206041.6763,209244.3571,212378.3528,215270.7589,218078.0021,221199.9248,224223.6633,227342.6265,230646.8962,232985.0908,233510.1802,232070.6789,231094.2463,231239.9835,232580.7158,235898.5536,240885.5431,246839.4243,252048.124,255970.9105,259153.2882,260867.3156,261619.2828,261714.8747,262465.0574,263425.1054,264182.326,264317.346,264281.7819,264756.5952,266058.7095,268219.1535,270726.6579,273233.4706,275807.8244,278050.9421,279872.8546,280956.8646,281923.4235,282765.0182,283913.4328,285381.9563,286969.078,288491.2878,289595.5974
394502,129,"Corpus Christi, TX",msa,TX,169186.2038,169513.1407,169641.5539,169408.2173,169423.5197,169565.5195,169785.8681,169805.1379,170088.6592,170470.0396,170576.6946,170580.1153,170935.3066,171994.4907,173443.941,175039.5929,176435.6608,177689.9947,178704.2521,179713.9207,180752.2984,181955.5059,182817.5517,183311.0502,183406.5852,183886.7901,184262.3494,184846.877,186026.1891,187957.298,190207.7176,191357.9354,191770.7048,191685.7222,192682.0534,194626.2581,197096.8903,199643.804,201653.6972,203650.7624,205203.1336,206632.6213,207639.7703,208681.5048,210364.9604,212218.2251,214412.0828,216255.7519,218388.8529,220370.5577,222495.4096,224392.5612,225510.0645,225565.7876,225046.3228,224863.7682,224714.8511,224099.7199,223152.4464,222001.7362,221383.737,221480.7407,222474.2722,223780.9818,224625.2647,225054.1092,224755.6708,224190.4471,223371.8941,222455.0567,222033.1049,222107.9106,222887.2228,223610.2784,224114.5397,224511.5364
394421,130,"Brownsville, TX",msa,TX,120476.9006,120364.2514,120524.6953,120500.2384,120786.6146,120865.1177,120957.9491,120856.4902,121263.2934,121707.0149,121019.233,119587.7488,117952.3228,117270.4443,117102.8278,117200.3806,117603.036,118064.7467,118554.5054,119104.3178,119670.0544,120253.2103,120893.8407,121783.9376,122914.4408,124077.2074,124994.3749,125737.9791,126808.0302,128442.1734,130558.4767,132289.4327,133832.6356,134957.0229,136476.7391,138118.3692,140213.1192,142551.9005,145364.1737,148818.1727,152254.8321,155043.2544,156384.3468,157746.4705,159634.3607,161960.9557,164505.0078,166816.3696,169141.9656,171101.6716,172848.2135,174803.3351,175938.2342,176508.6069,176472.1206,177049.8661,177630.5738,178184.2888,179185.2019,180894.8645,183587.7635,185978.1435,187321.0271,187848.4872,187844.7843,187999.9844,188003.775,187781.2623,187569.1482,186983.1474,187463.6195,188936.0478,191118.3372,192551.9736,193220.5261,193241.2676
394820,131,"Manchester, NH",msa,NH,279872.9382,281539.3184,283477.0104,285138.8657,286806.2636,288170.3938,289270.0035,290072.7605,290592.9605,290928.473,290710.8181,290992.9963,291984.0459,293740.9277,295550.2222,297102.6546,298628.7751,299868.6309,300879.7727,302084.6424,303711.5412,305457.069,307164.4479,308896.2895,311303.9952,313844.0265,315929.8551,317515.6719,319176.8336,322037.4257,326464.6566,331875.0611,337648.8956,343137.9615,348462.9407,354196.2056,360387.73,367594.9306,374903.8466,381975.6435,386741.1603,387970.2124,386030.068,383889.3157,383757.8467,385744.0672,390830.0365,398715.6982,409151.1764,419445.0856,427650.7178,433334.3443,435553.6552,435344.6781,433869.5102,433389.22,434224.0171,435708.2292,436619.854,438132.8699,440413.7959,443738.697,447190.8206,450789.0774,454735.6425,459256.6986,463933.3214,467906.9756,470297.7583,471719.9632,472844.4055,475369.5364,479548.1844,484536.422,488636.5797,490918.9813
394612,132,"Fort Wayne, IN",msa,IN,138710.0805,139537.9309,140263.2493,140921.4945,141865.4971,142830.3504,143775.1254,144548.4582,145429.9587,146245.3321,147147.2249,148057.5289,149175.6825,150290.2234,151249.3619,152266.9244,153339.6681,154459.3802,155391.1441,156306.0936,157281.6322,158306.9727,159383.6702,160495.5226,161602.5035,162684.3962,163567.2274,164360.8344,165178.2719,166262.6757,167858.9051,169832.0403,172197.4761,174513.6949,176636.9724,178854.2939,181390.2337,184292.0717,187431.7172,190565.1317,193188.6958,194895.9031,195712.5898,196337.3288,197230.1931,198547.6335,200898.6394,204122.7702,207914.0417,211705.2166,214866.0531,217729.3768,219304.5458,219787.4989,219314.1199,218974.2782,219199.628,219904.0584,220545.6139,221493.6816,222568.6987,224297.6424,226378.1242,228888.1274,231132.9831,232882.2247,234041.0035,234856.2488,235411.8262,235899.6937,236789.3551,238064.2342,239864.869,241794.4676,243510.7862,244704.3774
394658,133,"Gulfport, MS",msa,MS,142897.3683,143709.2236,144294.3832,144291.8428,144126.9874,144003.6251,144195.7928,144608.4231,145458.4154,146343.9722,147320.3271,147973.8446,148710.8098,149360.2665,149788.4445,150057.5589,150212.5856,150506.8662,150825.2975,151531.7197,152356.7565,153130.579,154004.6783,155131.0957,156725.9082,157900.1527,158479.7385,158459.2279,158803.0561,159720.6983,161104.7714,162635.9271,164392.3767,166332.24,168044.3205,169933.5088,172012.0711,174440.0166,176763.7747,178986.2862,181228.2728,183447.0566,185435.88,187663.685,190541.1202,193399.6966,195786.6258,197495.973,199422.8153,201425.7415,203207.5849,205057.7423,206510.1168,207541.2217,207595.8992,207225.485,206624.5372,206005.9748,205147.912,204556.3428,204039.1719,204452.7097,205308.8858,206401.0798,207518.2314,208575.7819,209624.3508,210438.3534,210527.6542,210620.4642,210563.6723,210903.38,211843.9423,212898.6284,213789.8444,213976.1412
395051,134,"Salisbury, MD",msa,DE,267286.1304,268311.6832,269729.2875,270406.8683,270850.2825,270786.4705,271377.4003,271971.2532,273026.6138,273784.0091,274574.942,275660.1479,276800.2331,278287.3097,279418.092,280420.0729,281103.8556,281810.9699,282258.2996,282846.8857,283737.1375,285209.0811,286775.6016,288363.0554,289891.6214,291025.2505,291573.2003,291782.7911,292420.3463,294289.2436,297655.0966,301999.1803,307144.6939,312825.4102,318453.7023,324291.9394,329622.2698,335353.2361,341513.8411,348448.3565,355239.3448,360821.5971,364618.4508,368237.8251,372635.5882,377643.2465,382833.4303,387906.4398,393694.5735,400059.3387,405566.509,409923.4507,411019.8322,410127.4649,407690.4044,406462.1685,406095.1287,406102.5608,406467.3232,406837.5732,408342.3473,410060.4011,412238.7502,414353.6298,416172.6567,418313.8681,420235.1922,421560.1035,421769.4881,421315.9249,420652.7465,420463.634,421269.1493,422832.5574,424038.1793,423739.4764
394596,135,"Flint, MI",msa,MI,107219.9908,108317.0445,109797.238,111119.1786,112510.4969,113280.258,113843.4039,113707.4913,113861.2333,114123.2032,115255.4471,116768.7942,118691.6274,120317.1604,121485.4445,122330.8711,122768.4462,122850.4033,122728.2741,122977.1687,123697.2672,124507.1909,125405.3662,126616.647,127956.4977,129173.815,129749.3282,130003.6181,130253.2481,131135.9953,133048.7693,135592.1936,138455.5793,140962.5127,143740.7879,146791.5354,149922.6472,152595.6577,155153.7764,157995.8857,159925.1198,160402.5368,159893.5866,159663.1824,160013.6014,160220.5008,161522.4709,163864.8736,167162.3369,170015.5964,171860.414,173290.3589,173570.2412,173056.0023,171739.5115,170733.452,169838.3103,168942.9612,168371.3864,168168.9894,168382.411,168815.0293,169928.5102,171510.4727,173243.9993,175036.8005,176665.2593,177923.0458,178550.9539,178764.4316,178831.1058,179703.3138,181451.1135,183540.3141,184991.6299,185875.1199
394972,136,"Peoria, IL",msa,IL,115360.1973,115335.572,115173.6672,114876.1831,114867.6298,114712.2165,114684.5717,114195.7496,113735.8113,113381.8601,113285.5287,113554.4269,113762.9371,113870.0444,113817.4261,113723.2063,113657.9988,113518.8553,113181.42,113130.409,113369.4651,113945.4157,114459.6875,115013.4708,115402.5452,115550.3213,115307.9195,115084.139,115231.9188,115872.4771,117009.6886,118219.9669,119587.0641,120670.4987,121603.2703,122463.1042,123245.436,123989.8453,124848.3285,126058.3306,127255.0632,128185.1837,128890.7422,129736.5747,130558.0682,131196.3056,132034.6572,133114.472,134782.2663,136504.0672,138242.6512,139883.9914,141133.3593,141729.0211,141441.3032,141234.826,140973.5375,140657.1713,139716.5039,138923.6926,138741.3266,139457.9109,140799.0485,142329.2963,143686.9358,144705.5158,145549.0022,146329.3044,147063.5589,147656.3699,148128.7402,148799.6761,149728.641,150806.8078,151667.5852,152373.726
394439,137,"Canton, OH",msa,OH,131504.8265,132205.3907,132804.325,133213.6759,133726.8885,134230.1212,134947.0682,135593.9277,136331.5074,136928.4631,137837.9591,139065.5504,140439.4852,141262.8393,141465.2029,141446.0731,141463.1815,141533.3964,141489.3025,141690.0161,142279.4755,143204.6071,144126.8143,145148.2867,146504.3394,148059.2465,149182.6324,149760.3002,150321.6522,151403.9507,153095.0724,155170.3668,157272.7219,159217.7458,160802.5479,162247.6004,163521.3705,165038.124,167078.1492,169582.6111,171739.0061,172872.099,172956.1865,172840.4026,173138.6773,173785.1411,175379.037,177486.7271,180027.6075,182503.3456,184679.7189,186923.0938,188023.1909,188075.1316,187197.146,186700.8229,186686.5285,186557.5996,185671.562,185017.74,185632.4648,187757.7444,190462.402,193033.8699,195131.5015,196584.8332,197577.6474,198244.1742,199009.1894,199516.771,199748.4426,200222.0163,201143.5861,202756.565,204423.8345,206127.7798
395070,138,"Savannah, GA",msa,GA,190956.9514,191780.2806,192690.5225,193481.7364,194438.3945,195380.4221,196592.7014,197515.1172,198388.8815,199273.5453,200090.1257,200945.4446,201759.1097,202642.2508,203448.8365,204031.6996,204693.9273,205385.803,206097.6844,206912.1376,207794.6536,208819.6723,209963.5341,211142.5822,212324.185,213230.5967,213569.3593,213663.7637,214062.5481,215284.5924,217373.1623,219884.5528,222569.7184,225132.3124,227760.4173,230546.8346,233541.9332,236606.8672,240106.8303,243905.4512,247522.0996,250348.2752,252534.4399,254977.1658,258202.7748,261929.1254,266572.9561,271927.2487,277821.3116,283606.1216,289028.1927,294173.8784,298108.2095,300583.4722,301981.7432,303386.7886,304741.645,305755.4689,306171.6679,306972.4774,308785.036,311489.852,314488.3248,317393.2599,320240.5035,323166.4977,325978.9706,328520.411,330716.4218,332465.9547,333993.0907,335480.9097,337583.2522,339748.2281,341737.1137,343112.0062
394327,139,"Anchorage, AK",msa,AK,297997.8377,298144.6305,298058.6007,297542.6058,297287.3143,297125.2693,297714.7522,297766.0109,297824.2037,297412.0099,299819.4203,,,314463.3359,316755.878,318276.1305,319281.0497,320230.2679,321250.3274,322381.4293,323953.3754,325427.6924,326774.1835,327578.0942,327900.719,327500.4241,326081.3774,324420.0006,323401.6788,323904.3534,325362.5665,326988.2017,328679.1104,330112.8232,331043.9961,331389.8674,331520.4056,332408.83,334522.1475,337234.3207,340880.8152,343989.8537,346792.8552,348682.1946,349692.2588,350797.1738,352141.6117,353913.8287,356631.0463,359626.6383,363130.3584,365691.1977,367309.6201,368018.328,367548.3164,366791.1337,366254.2021,366514.3547,366793.4406,367270.6658,368065.1086,369606.5731,371522.6492,374037.1361,375864.5054,377484.608,378057.7278,378160.5973,377559.9848,376902.2317,377134.511,377964.3993,379131.5623,379886.3513,380591.6808,381358.5388
394372,140,"Beaumont, TX",msa,TX,133724.7755,134575.2006,135303.5466,135544.9612,135962.3083,136730.9888,137781.6937,138898.0318,140447.2279,141787.5893,142841.5761,143642.2331,144790.8776,146133.2716,147542.1479,148686.0409,149852.3875,150792.7105,151623.2527,152510.6474,153422.94,154596.444,155280.8263,155799.5806,156222.3275,156899.1158,157350.8565,157500.0917,158173.3671,159647.0852,161685.8292,162664.3275,162642.1185,161758.5082,161571.3765,162347.7544,163565.1946,164853.9425,165782.3099,166894.6919,167820.1601,168515.4744,168908.0698,169514.3076,170601.8515,171620.7157,172733.3922,173379.1476,173692.2365,173744.9963,173928.1224,174737.317,175266.7867,175421.9359,175123.5401,175030.5031,174736.6852,173952.8614,173216.6024,172381.6369,171566.6131,170959.89,170526.6382,170440.3591,169644.2732,168670.6022,167181.5841,165721.9834,164629.0777,163778.0115,163399.4348,163636.5283,164945.1697,166621.3127,167696.0143,168201.0775
395096,141,"Shreveport, LA",msa,LA,148738.0184,148766.6664,148798.461,148329.932,148442.4228,148885.1034,149589.0496,149675.5993,149609.0521,149794.4927,150230.5987,151202.6024,152270.7073,153866.6496,155202.1916,156123.7414,157065.244,157854.1696,158814.696,159510.1351,160646.9997,161944.9073,163353.1164,163919.0546,164038.3068,164166.0963,164366.2741,164328.2881,164405.0004,165581.086,168169.9159,170026.2155,170652.224,169447.1731,168421.9879,167986.1436,168542.6097,169260.8057,169521.1677,169453.2371,168063.4381,166118.4192,163908.5516,163397.4312,164086.6497,165114.1694,166765.499,168310.3809,170407.3831,171818.4846,172910.6902,174128.7043,174946.1833,174975.1018,173627.3938,172085.965,170844.2916,169929.9746,168905.2389,167846.472,167500.9622,167434.2958,167617.3884,167578.4573,167828.8597,168348.5621,168925.6578,169645.9779,170397.5173,170858.9878,170898.6066,171319.0129,172293.5237,173311.1638,173906.3197,174383.6278
395164,142,"Trenton, NJ",msa,NJ,260181.1315,261241.8696,262391.64,263023.7142,263813.4876,264252.1167,264374.5636,263968.7574,264076.4505,264625.5588,265738.1477,266824.7728,268117.9188,269451.4884,270620.1583,271636.8261,272055.7273,272248.6074,272200.1197,272678.0438,273757.03,275298.9298,276887.2178,278516.9497,280769.7454,283185.8409,284625.3484,284859.4255,284768.8816,285146.4198,286990.0618,289540.7468,293331.5858,296893.7282,300266.4084,303461.2153,306562.0145,310271.1262,314543.2817,319479.1824,324166.0764,327731.5515,330080.1306,331858.839,333951.3874,336808.5088,340233.0944,344402.2056,349266.3637,354599.527,359814.2976,363836.2205,366024.6295,366003.5003,365132.2318,364515.9355,364577.3986,365331.3009,367393.2185,370268.6291,374335.4284,378900.7332,383897.9472,388144.0947,391472.9238,394752.8599,398159.1845,401066.8441,403234.7383,405091.9075,407541.9377,411498.1012,416189.1674,420628.049,423002.6473,424352.8657
394875,143,"Montgomery, AL",msa,AL,134308.5348,134609.3231,134965.6688,134868.5765,134860.3499,135064.7934,135580.7826,135918.1149,136198.2367,136429.0054,137425.426,138935.7165,140627.2103,141449.6424,141720.5692,141807.2994,142122.2487,142415.8545,142574.7816,142666.0641,143013.6242,143781.7596,144806.6755,145769.8051,146695.8629,147498.7334,147815.0806,147675.2334,147511.0693,147891.5392,149019.0055,150525.9409,152166.8835,153485.9485,154533.9858,155445.6878,156550.8071,157808.9226,159406.1844,161338.4491,163398.8733,165286.3943,166705.3875,168194.8225,169854.1309,171745.4682,173721.2048,175521.7289,177181.9355,179048.425,180994.7197,183211.8036,184790.9434,185850.6958,186249.5787,186708.8197,187108.0102,187257.1361,186881.1802,186270.2447,186284.6646,187164.3768,188767.8551,190177.4338,190885.5923,190897.9826,190792.8559,190888.3731,191448.079,191759.386,191918.3862,192108.8236,192758.5946,193587.4655,194366.7963,194976.0544
394520,144,"Davenport, IA",msa,IL,136428.1649,136887.6304,137433.4375,137636.4682,138167.1874,138442.5763,138758.8502,138580.6739,138436.5178,138461.4203,139176.1169,140386.3509,141660.2231,142479.9983,142938.8538,143309.6903,143511.9214,143524.2926,143418.5918,143538.0198,143982.4229,144503.2209,145116.5101,145837.2914,146629.4038,147396.1089,147706.1603,147916.0196,147980.0265,148386.5643,149355.7866,150554.13,151863.7214,152655.7412,153261.7019,154024.566,155069.3226,156344.368,157612.2041,159246.5082,160728.2794,161694.5314,161784.28,161788.2861,162073.7858,162817.5936,164235.1374,166078.0206,167975.2439,169387.7864,170374.3226,171407.0111,171892.0253,171692.2941,171072.5339,170885.0205,170943.727,170698.0755,170014.2475,169348.425,169389.3144,170455.6085,172266.2928,174008.0992,175050.2392,175383.7074,175257.6938,175208.5968,175313.198,175396.7408,175418.564,175972.9102,177172.5231,178608.8996,179363.3988,179424.8066
395146,145,"Tallahassee, FL",msa,FL,177494.6584,178559.3159,179554.013,180244.2758,181022.7466,181636.9834,182382.7853,182999.0099,183855.7268,184655.7874,185382.9646,186097.8367,186920.5596,187773.9786,188803.492,190109.8146,191294.5989,192354.5737,193077.6897,194201.7799,195449.8942,196878.6235,198649.3379,200308.8083,201782.2465,202544.2327,202972.535,203441.8702,204072.6941,205213.0531,207211.6292,209730.6809,212458.697,214688.2289,216529.2281,218355.0982,220180.8308,222328.1426,224853.5442,228314.1144,231930.7237,235057.1766,236951.4916,238247.2248,239565.8584,241155.1018,243545.384,246533.4033,250202.0065,254454.0811,258655.2004,262719.171,265140.0861,266024.6837,265561.1675,265005.9387,264455.8595,264071.4523,263930.6847,264661.8499,265919.7302,267579.2746,269164.7296,271040.3669,272598.425,274176.0946,275456.4189,276617.5211,277576.0179,278285.985,278982.5841,279956.8939,281059.8532,282279.8769,282748.0193,282746.2888
394576,146,"Eugene, OR",msa,OR,286826.1629,289043.9047,290765.9618,292254.8939,293863.5961,295755.8914,297244.137,298322.8962,299010.3271,300318.951,302084.9897,304280.5791,306077.6952,307335.9626,308363.3187,309737.9239,311272.311,312894.2762,314145.0795,315492.4137,316933.0889,318934.5263,321726.9464,325234.4705,329003.8141,332249.8261,334081.5662,335051.0723,335848.3253,337798.7956,341377.8086,346313.9947,352237.8284,358316.999,364415.0392,371164.735,378493.2974,386294.394,393883.0419,401194.8753,407304.727,411216.685,413064.4074,414482.8441,416469.3158,419035.299,423476.7212,429918.6828,438056.2496,446289.8828,453586.1645,458827.9721,459934.9719,457770.0701,453980.6957,451216.9755,449204.2424,447519.1526,445811.2331,444958.0218,445018.5262,446033.2559,447507.2413,449625.5948,451849.6326,454061.7259,455180.6705,455395.2917,454664.1534,454074.2688,453638.2573,453668.7052,454412.6535,455187.6196,455781.0273,455581.9952
394901,147,"Naples, FL",msa,FL,339870.3052,340412.5728,341461.2197,342253.1985,343467.5896,344532.5863,345348.3607,345901.929,347009.5779,348702.7911,349872.3592,350398.1589,350246.4799,349837.4903,348669.25,347706.6761,346751.5643,346665.4528,346743.0305,347363.8157,348534.2029,350302.5968,352136.5234,353413.3166,353690.2151,353308.0113,351911.5529,350483.8049,349988.0803,351427.6902,354708.1513,358966.235,364082.7074,369314.3019,374345.6449,378775.6414,383291.8495,389325.9612,398210.0761,410381.9124,423975.8376,437477.7401,449965.9397,462645.4712,475532.1856,488046.7129,502081.2535,517735.0191,536877.0852,557440.5101,576958.7231,593115.3522,601845.8163,604360.7073,601609.137,598847.2418,596970.8815,596531.7053,595425.3776,594586.2752,593983.42,594541.3551,595811.2212,597759.7809,599264.8433,600846.6054,602160.2967,604090.4767,605892.6311,607515.2678,609212.2354,610636.7122,611825.7546,611257.1789,609083.7691,604606.115
394332,148,"Ann Arbor, MI",msa,MI,293529.7972,295582.646,298096.69,300277.7886,302654.8255,304213.9221,305563.411,306226.8764,306988.8934,307672.6886,308809.4838,310520.8142,312735.2404,314952.9913,316605.6576,317799.8138,318452.6714,318675.3303,318872.4492,319387.2315,320524.2762,321644.9269,322360.941,322837.6784,323559.6529,324625.7722,324903.5015,324418.7253,323852.0306,324376.8764,326491.9259,329331.1684,332654.7233,335588.0528,338471.9558,342019.258,345834.225,350282.4708,354371.5168,358005.6533,359768,359938.8356,359065.2715,358703.0231,359456.3362,361242.6883,364334.6108,368590.4537,373980.4822,379732.9248,384448.8716,388098.7017,389644.1633,389457.5602,387902.2501,386812.6096,386317.0231,386309.9238,386261.6511,386240.5297,387230.7424,389247.1936,392494.3711,395407.0229,397597.3517,399020.8654,399444.6294,399477.2061,399002.8222,399261.1267,399926.0921,401839.5522,404887.6895,408248.3031,410772.6217,411823.2912
394927,149,"Ocala, FL",msa,FL,152092.0549,152947.0357,153571.8469,154037.0103,154895.1946,155816.2503,156789.9431,157577.7138,158290.3303,159112.2638,160246.0629,161521.4011,162661.6865,163364.9582,163729.3976,164005.2225,164487.7258,165273.6338,166147.2229,167082.1741,168104.58,169224.2735,170486.4156,171596.285,172420.3041,172862.7565,173054.1852,173467.1894,174344.9403,175911.5529,178086.9204,180607.048,183519.0731,186351.6739,189053.5157,191502.9077,194095.1175,197102.4489,200920.4051,205794.3384,210863.1843,215499.7505,219334.1493,223241.1235,227483.3539,231899.3622,237333.4808,243783.2104,251297.0616,258917.746,266060.6063,272687.5638,277744.9728,280916.9678,282059.6715,282393.1582,282323.9919,282060.3745,280932.0668,279944.5346,279008.348,278777.1775,278468.6579,278676.0801,278897.2766,279582.7205,280078.8955,280439.6406,280469.8336,280378.1386,280295.7411,280202.5273,280195.9094,280217.8162,280182.8762,279895.075
394679,150,"Hickory, NC",msa,NC,137571.2725,138382.6557,139136.191,139867.8619,140801.3536,141811.3023,142833.9001,143505.5966,144337.0987,145334.8455,146618.8312,147904.4896,149169.9906,150274.725,151239.2742,152022.4857,152853.8073,153772.0618,154740.5534,155935.9085,157236.8199,158546.3813,159622.0906,160733.6411,161982.6573,163244.6458,164283.2161,165192.3245,166470.5363,168512.1426,171331.7174,174655.0383,178051.483,181268.5877,184107.0829,187139.5539,190143.0517,193377.8687,196521.4817,200092.9451,202625.1573,203613.1317,203238.6289,202951.8464,203302.0088,203805.7609,206424.9749,210828.7327,216704.304,222231.0392,226732.9041,230866.6809,233441.1075,234871.5965,235049.5765,235367.1575,235694.7484,235758.2891,235155.7709,234693.3412,235333.4431,237182.3049,239504.6345,241326.2164,242515.8337,243805.3638,245327.8563,246660.8744,247855.3756,248292.3649,248470.2984,248716.1049,250084.1649,252417.7262,254891.1216,256640.3954
394697,151,"Huntington, WV",msa,OH,110068.2331,110761.3856,111364.1814,111605.1878,111713.243,111765.0309,112106.2971,112341.6305,112774.4359,113059.9097,113153.4193,113259.3956,113519.1867,113876.5355,114108.7167,114269.3413,114714.8988,115100.4938,115371.9997,115501.9687,115700.018,115835.2051,115856.4561,116084.9641,116592.6995,117388.6203,117843.6479,118027.3682,118140.2323,118792.394,120288.2189,122191.9428,124261.183,125873.3065,127330.6603,128755.3756,130220.3267,131473.8031,132469.829,133630.2683,134547.7959,134853.5793,134142.3379,133720.9363,133991.7691,134776.1756,136290.4748,137954.3396,139804.3896,141188.4784,142200.2302,143264.1868,143919.4001,144119.7017,143820.4457,143669.6007,143546.5835,143553.7031,143071.2331,142893.3986,143048.2083,143651.7779,144117.0015,144165.8359,143785.5455,143320.0506,142763.1981,142509.8896,142745.1214,143293.7189,143744.6137,144318.2438,145338.8811,146805.8435,148089.1354,148997.8427
394602,152,"Fort Collins, CO",msa,CO,390904.7528,392726.1249,394530.6966,395596.3451,397123.7984,398384.3939,399723.9615,400621.9612,401729.6677,403035.0817,404612.5609,406447.657,408620.0197,411232.5523,413309.0425,414932.5431,415800.9247,416356.0116,416620.6144,416946.8969,417911.7791,419438.9792,421149.3414,423049.993,424781.8572,426237.4218,426515.7429,426124.5279,426178.7527,427623.3104,431017.7255,435392.3626,440412.9162,444959.0594,449104.8242,453950.1409,460101.0558,467492.332,475413.7141,483586.6851,491159.3383,497196.8686,501534.3648,505530.0917,510318.9572,515758.3697,522778.2001,531709.6153,543419.7051,555421.2628,565589.2517,571661.9995,572548.2003,569164.0766,564370.0054,561183.7354,559460.6615,558360.1232,556509.2772,554647.5326,552175.9432,550301.0474,549050.3257,549191.4785,550337.443,551992.9959,553673.3344,554455.9845,554597.3294,554390.1837,554141.5247,554697.2739,556013.8727,558151.464,559654.3956,559839.7228
395033,153,"Rockford, IL",msa,IL,116895.4379,117579.0891,118087.7983,118131.5813,118270.4487,118260.7703,118452.7706,118482.7616,118808.0528,119286.1057,120402.6161,121973.2233,123618.9589,124564.2525,124849.1596,124944.1158,124917.4936,124930.759,124921.897,125152.8454,125630.4974,126246.8708,127281.8656,128346.4396,129284.883,129563.3084,129194.5969,128477.274,128077.4519,128387.8677,129527.9774,131217.0221,133411.6807,135720.9028,137982.4542,140161.1174,142225.2397,143931.2069,145499.3957,147296.9161,148923.7704,150055.9057,150492.252,150969.7404,151746.0404,152852.0573,155038.9,158067.6374,161464.9903,164369.1221,166276.0292,167672.5212,168060.9494,167574.9185,166542.3837,165950.3456,166031.7719,166543.0235,166823.1941,167484.5588,168379.9899,169991.0443,171789.2727,173925.6553,176101.3267,178204.9013,179929.9821,181491.6952,182924.1888,184224.4223,185156.8347,186356.174,188352.768,190923.5179,193298.1827,194989.2703
394796,154,"Lincoln, NE",msa,NE,192529.1058,193472.119,194565.7379,195733.9624,197329.2382,198664.9519,199812.241,200302.3972,200755.4252,201014.9724,201663.301,202422.6762,203452.4857,204474.4949,205514.7233,206408.3514,206951.1819,207343.8691,207760.0451,208221.6849,208942.4962,209735.6472,210800.6612,211824.299,212829.388,213625.2562,214183.5408,214763.5427,215734.6542,217327.9869,219651.1211,222189.3027,224689.59,226942.6825,229145.3762,231778.9143,234988.0793,238687.7486,242823.607,246935.3436,250290.5243,252179.6449,252480.7072,252534.4697,253015.573,254355.015,257106.026,261060.3379,266169.3331,271152.9362,275264.9969,277961.8794,278809.7514,278097.4162,276694.5894,275885.9076,275869.9911,276256.6999,276268.7947,276735.5961,277784.5667,279819.0223,282229.5732,284616.3841,286451.709,287530.3646,287868.8375,287605.0089,287267.941,287138.4599,287488.0083,288214.7845,289401.6748,290505.7414,291211.221,291418.0343
394622,155,"Gainesville, FL",msa,FL,184842.867,186283.5375,187746.1261,188868.6975,190113.2337,191074.5962,192101.1609,192709.5024,193387.5845,194132.8287,194565.1157,194664.5603,194468.0569,194747.8725,195488.1344,196765.2566,198284.1059,199827.503,201059.0891,201985.418,202946.244,204250.661,205919.5973,207623.042,209185.7363,210441.7879,211286.6788,211829.2756,212657.1149,214096.0657,216523.3676,219492.6111,222865.1436,226064.95,229158.4276,232230.0074,235117.8768,238072.3619,241241.7216,244904.7093,248364.1297,251054.448,252839.0173,254309.5529,256390.142,258938.5476,262745.1861,267278.3249,272525.3881,277802.2257,282651.119,287191.0667,290472.3386,292242.0467,292583.1758,292547.3942,292390.8375,292132.1268,291549.8625,291384.2898,292117.8833,293889.3223,296136.8829,298400.0068,299977.6829,301125.707,301810.5055,302506.2437,303258.4812,304116.6877,305187.2832,306373.2914,307612.4823,308608.195,309236.7637,309349.8186
394405,156,"Boulder, CO",msa,CO,524402.0523,526301.3113,528882.1937,531178.0767,533533.2233,535433.1732,537049.0366,538765.5733,540369.1004,541891.6388,542969.0778,544178.4765,545847.5951,547361.7566,547912.386,548139.1714,548786.4719,550420.8003,551968.8948,553746.2725,555908.4074,558424.7756,561888.1427,565794.8025,569854.8323,573076.721,573666.9302,572364.5889,570860.9114,571956.7909,576561.6518,582854.2983,590122.649,596455.5137,602628.1304,609795.6005,619671.9501,631926.5076,646402.5081,661446.7405,673713.5212,680195.7669,681844.1183,683224.89,687407.2694,693819.9939,704713.6968,720165.2884,741667.5175,763552.5735,782195.5377,792436.6397,792319.8982,784152.8898,772989.2502,764883.2956,759476.3857,756321.7587,752138.3474,748557.8729,743749.567,740926.3549,738756.0479,739081.1157,740126.0326,742192.7253,744626.7494,746373.2571,746827.7146,745903.6689,744634.2616,744821.3743,746942.1102,749499.623,750024.0638,747585.7703
394646,157,"Green Bay, WI",msa,WI,186219.2566,187443.6881,188661.1203,189761.2526,191240.5837,192249.2083,192928.2785,192934.0457,193421.3732,194221.9613,195369.9082,196624.654,198053.9323,199312.629,200231.4454,201065.4029,202060.5262,203139.4129,203975.1771,204844.2702,205837.0922,206835.1667,207868.9515,208812.4072,209872.1611,211048.7838,212003.8676,212742.7738,213466.1778,214971.6508,217708.7992,221272.5416,224638.7742,227449.6598,229592.002,231868.4208,234163.6769,237204.7942,241393.7375,246339.3511,250817.8848,253187.3785,254016.8542,254026.6245,254743.9839,255840.6251,258305.9135,261641.1391,265805.4453,270441.6348,274818.9512,278214.281,279242.3107,278504.5576,277462.9503,277138.7952,277742.1147,278686.8389,280656.6334,282719.9844,285438.2274,288017.9383,290599.5855,292605.8681,294644.7771,297510.9008,300369.578,301923.503,302493.8179,302509.6397,303134.0251,304637.768,307839.3246,311859.5223,314833.3292,316816.9899
394488,158,"Columbus, GA",msa,GA,120064.9037,120870.2386,121276.7275,121193.0972,121211.9967,121411.1639,121972.6704,122508.5647,123213.8325,123946.8276,124462.3704,124782.7672,125142.8583,125841.2348,126525.8826,127244.9276,127859.3547,128545.6642,128948.0617,129625.1145,130509.6067,131964.0774,133096.8785,133955.2661,134553.0273,135179.8474,135591.6279,135908.2041,136432.2756,137669.2869,139262.1629,141072.2873,142985.7397,145031.9369,147240.1005,149217.5365,151206.1886,152910.3371,154736.8033,156550.6454,157916.0166,158578.4576,158513.8647,158939.5149,160124.5568,161777.2147,164021.9562,166556.1773,169098.3782,171204.6908,172755.6021,174389.6291,175643.6821,176566.8785,176981.2315,177299.1773,177493.2434,177263.8736,176573.5073,175950.2674,176365.3738,177658.9932,179178.2581,180323.1886,181151.1864,182190.0402,183357.8015,184468.3173,185453.0807,186015.3807,186410.809,186853.0457,187982.6095,189361.7824,190432.6912,191166.9642
395107,159,"South Bend, IN",msa,IN,132537.4397,133884.7615,134747.4736,135076.6981,135444.3095,135956.3148,136597.6319,137161.7951,137942.7731,138777.3019,139810.2138,140959.7096,142376.5676,143436.1377,144034.1337,144328.1462,144698.6213,145297.2633,145823.3217,146590.3302,147502.8131,148548.5731,149604.9681,150801.6611,152138.4731,153531.502,154466.3117,154879.7957,154973.9745,155329.904,156574.2084,158470.0913,160971.3238,163392.6248,165607.3007,167837.8767,170349.3676,173156.5826,176102.3688,179148.4062,181415.1781,182416.1876,182108.159,182010.1965,182756.3734,184419.2871,187180.0332,190692.1813,194622.7281,198371.9985,201206.1115,203592.7223,204594.6391,204765.1487,204079.0837,203714.2434,203637.1464,203764.4717,203872.5241,204436.1396,205503.7319,207194.8204,209130.1749,211252.0882,213022.3577,214735.7056,215974.7818,216619.8486,216719.6209,216509.5574,216874.8286,217749.6558,219627.953,221830.1872,223768.9293,225024.4928
395109,160,"Spartanburg, SC",msa,SC,152661.0327,153461.0322,154248.1315,154927.8117,155972.3335,157118.2657,158193.3725,158994.6651,159782.3041,160543.4244,161672.8909,162918.739,164239.8841,165144.5889,165920.4563,166750.8979,167667.9375,168490.8961,169147.1212,169958.3741,170977.3606,172053.5673,173179.1711,174294.6709,175548.592,176734.96,177621.8219,178544.7108,179773.6061,181522.2728,183867.5388,186446.1714,189361.373,192007.9446,194492.3464,196852.5309,199452.1715,202041.5834,205238.3124,209076.1925,212670.8114,215054.4635,216002.7838,217061.3587,218667.3276,220898.9431,224432.4933,229321.1964,235238.2146,241238.7964,246608.4997,251381.8921,254603.5311,256087.7463,256012.9538,255687.5804,255453.3465,255036.3682,254037.7258,252932.4029,252288.8181,252461.9093,253281.6274,254827.2875,256449.6475,258316.6283,260119.0383,261752.5822,262966.5228,263631.237,264212.2575,264862.0576,265869.3281,266923.5293,267850.8194,268425.5433
394645,161,"Greeley, CO",msa,CO,345411.363,347804.1928,349996.7976,351677.1587,353568.9128,355264.7764,356816.2185,358226.8487,359768.3188,361207.2699,362995.2352,365111.4188,367325.631,368904.8679,369629.2664,370303.5657,371050.5725,372191.3434,373313.3334,374746.0952,376335.2915,378092.693,380220.2151,382249.9091,384452.6182,386008.2092,386821.8267,387054.6186,387626.9865,389414.8141,392701.2746,396782.1754,401363.437,405711.5063,410301.3042,415565.9359,421614.6914,428144.9965,435378.6801,443109.2035,450515.524,456510.0727,461134.0275,465770.0227,471302.596,477317.3302,483692.4981,490858.4204,499784.8854,509333.6519,517464.1053,523008.5505,524288.7915,522082.681,517497.3477,513861.6487,510852.4567,508445.8674,505288.6889,502324.4181,499168.3567,497006.5438,496016.9808,496481.5274,497439.7135,498481.675,499197.4747,499232.7366,498562.0038,497634.5866,497076.6602,497292.6665,498112.559,499576.4568,500266.3822,500073.3559
394808,162,"Lubbock, TX",msa,TX,156307.0187,157105.3361,157634.0715,157655.3463,157882.4616,158391.3275,159101.1773,159497.2627,159925.1711,160274.3522,159119.0197,156706.0048,153570.6882,151665.2574,150724.5249,150650.7071,151021.793,151614.5093,151957.3062,152183.2728,152492.7639,153030.0121,153809.4917,154711.3653,155708.3166,156539.0048,157172.9128,157871.4591,158882.5721,160110.1076,161489.0118,162930.7774,164585.9322,165996.3135,167363.4328,168927.7015,170799.1465,172975.2066,175292.5498,178202.4123,180794.468,182646.7127,183566.3545,184370.5044,185523.4437,186789.4964,188966.9585,191968.4677,195783.0464,199592.2127,202832.8272,205644.67,207438.6845,208169.7201,208088.3642,207940.3345,208024.3161,207909.6734,207623.1452,207386.6655,207440.5877,207826.4055,208622.022,209517.2552,209917.8517,209851.8677,209514.9261,209020.0176,208272.7515,207327.6762,206950.1898,207272.6863,208287.1857,209190.1132,209522.3636,209213.6956
394471,163,"Clarksville, TN",msa,TN,158173.983,158801.2764,159510.6582,160136.2608,161092.0766,161870.8384,162578.3464,162923.8694,163357.1296,163926.3321,164546.0436,165295.8293,166090.7356,166876.1821,167570.7717,168400.8124,169379.7836,170366.7533,171258.0614,172382.9809,173881.5029,175607.6493,177694.6415,179514.8041,181060.6986,181923.1625,182717.746,183745.1653,185112.8081,186688.5771,188586.4365,190756.3393,193226.7562,195453.8426,197531.9555,199780.3935,202335.4594,205260.446,208619.9682,212711.7853,216935.222,220540.5172,223090.0148,225518.6873,228533.0448,232359.04,236829.5059,241479.5455,246150.91,250762.1994,254779.7102,258361.1416,260672.1871,261949.5735,262414.8673,262945.6707,263587.1647,263821.5715,263418.2927,263098.1776,263249.564,264021.6906,264995.6234,266205.553,267249.5883,268489.123,269673.003,270802.0441,271494.9534,271789.4649,271864.8307,272410.1826,273579.9887,275207.7323,276542.3239,277096.931
395028,164,"Roanoke, VA",msa,VA,171109.6665,171610.3391,172115.6698,172365.4724,173000.2121,173645.6068,174425.7287,174663.1741,174845.5748,174929.6763,175623.012,176888.8423,178707.6462,180222.046,181284.5273,182082.5875,182788.5184,183555.997,184174.478,184942.3482,185974.1891,187262.5614,188538.3388,189710.7321,190797.2421,191901.8218,192742.0581,193569.7959,194801.2362,196766.2866,199596.5021,202880.6732,206293.6187,209279.5459,211714.0868,213967.5886,216174.8665,218584.0555,221340.3535,224617.9355,227636.6483,229076.0239,229004.5828,228515.4338,228817.6271,229876.9491,232505.0439,236159.4455,240424.1834,244795.5443,248815.4781,253039.0994,255775.2823,257222.4842,257369.9806,257500.7087,257915.4393,258172.1876,257842.2533,257574.9363,258159.9371,260089.3815,262683.0157,265319.4441,267269.3288,269060.0751,270417.8873,271531.0158,272487.6919,273166.5818,273541.0423,274031.3426,275481.1612,277767.4815,280149.0007,281673.6754
394579,165,"Evansville, IN",msa,IN,136605.6403,137321.6899,137976.6167,138371.4973,138824.5719,139286.6109,139882.261,140223.9825,140524.6733,140690.9873,141124.9607,141701.9895,142531.0602,143158.1243,143550.8274,143782.8022,144185.6985,144801.0941,145478.1519,146085.7344,146734.0225,147522.573,148474.4252,149441.7871,150460.317,151535.7789,152389.1084,152926.5822,153419.5455,154125.747,155395.0153,157003.7583,159018.0989,160933.0854,162624.4252,164278.4433,166257.7571,168492.1612,170962.1997,173534.5511,175997.0077,177718.4894,178549.8698,178994.3645,179788.1659,180855.2898,182777.2122,185195.5993,187933.5759,190432.214,192368.5512,194095.4783,194911.2685,195071.0677,194583.3736,194406.4816,194599.8914,195035.2598,195131.097,195276.3955,195678.8703,196913.6526,198687.5116,200743.6955,202427.7981,203676.3289,204530.805,205068.4434,205422.424,205799.4872,206512.1172,207560.5169,208941.7157,210375.8457,211404.968,211971.043
394747,167,"Kingsport, TN",msa,TN,133022.4878,133483.5684,133804.2523,133823.9797,134028.7656,134248.6627,134651.1123,134832.9522,135202.4634,135769.9908,137301.2479,139653.9061,142295.7113,144165.7968,145170.2637,145926.1469,146529.7885,147028.6715,147250.543,147662.0036,148484.2863,149447.3295,150398.5858,151100.5568,151897.087,152719.857,153450.4779,153745.7006,153675.7191,153776.0115,154566.4026,155892.6477,157535.235,159022.0254,160649.8875,162289.4044,164112.7618,165967.7052,168076.5047,171075.5203,174175.3931,176735.7342,178221.943,179652.9684,181587.7874,183833.2756,186753.9855,190167.4474,193395.4227,196515.3061,198985.6628,201946.4476,204140.144,205408.4257,205537.0353,205276.4998,205143.3935,205028.1583,204781.9029,204978.8944,205975.9286,208012.4216,210365.762,212869.7197,215385.7109,218335.3805,221259.4235,223699.6061,225521.8953,226897.3662,227514.3071,228047.2928,228907.2338,230430.0894,232345.0213,233929.4489
394741,168,"Kennewick, WA",msa,WA,259287.605,260756.0529,262355.443,263956.2375,266625.1131,270072.6357,273686.9879,276574.1691,278780.6293,280756.9737,282658.8106,284691.632,287240.8042,289998.4393,292851.8697,295434.6288,297850.9274,300281.7487,302623.1083,305161.7862,307604.0281,309975.4684,312344.5124,314429.5649,316272.6243,317752.9141,318592.0667,319094.5629,319711.0167,321488.3691,324344.7303,327730.7811,331443.1449,335069.2084,338667.4149,342383.1087,346540.0366,351068.3791,356418.3603,362440.5758,368817.5847,374200.6603,378389.8375,381704.2684,384857.1305,388437.5102,393721.6856,400821.6533,409458.1088,417649.5714,424092.4865,427999.634,428888.4924,427417.8755,424618.8048,422520.7261,420898.6796,419251.2998,417170.7813,415636.957,415792.418,417279.6837,419633.4882,422029.5757,423891.2671,425227.1845,425440.9056,425135.8404,424607.0904,424498.4944,425114.2969,426590.2877,428880.8795,431032.3043,432549.659,432558.3155
395179,169,"Utica, NY",msa,NY,125492.4031,126108.2949,126978.4298,127902.1476,129100.0413,130188.8068,130960.1185,131020.0173,131020.0679,130907.8836,131100.4725,131395.5607,131951.0462,132479.1199,133025.7112,133677.1154,134431.8471,135086.1783,135632.2952,136271.3439,137145.8702,137941.5377,138723.1697,139497.612,140296.2698,141054.8453,141670.1176,142419.7355,143285.4826,144447.6723,146131.1702,148491.3673,151601.8028,154642.4864,157010.5704,159107.0051,161101.6059,163275.3521,165593.6535,168085.3056,169968.7213,170628.1211,170098.1359,169763.9887,169887.504,170365.8086,172287.1643,175254.7914,179074.9733,182166.2239,184652.8579,187276.9677,189252.5712,190238.1424,190112.9431,189840.9583,189576.1808,189062.7162,188306.546,187635.5886,187396.3479,188246.4554,189903.6024,192039.2851,193687.9705,195022.3723,196206.2171,197347.6324,198474.6988,199180.0649,199568.5177,200114.6279,201413.2938,203391.9719,205394.5454,207326.3928
394660,170,"Hagerstown, MD",msa,MD,193407.6271,194103.305,194752.2404,195191.1806,195902.7346,196562.7687,197188.1014,197548.4308,198338.3263,199492.8268,200992.7486,202385.7519,203557.6323,204372.3577,204940.7489,205707.5491,206561.7259,207134.0624,207231.2176,207290.9587,208107.9889,209150.3749,210303.1038,211383.0447,212741.4385,214112.4686,214885.081,215427.0694,216114.2223,217639.8468,220114.503,223268.3226,226970.6972,230645.3748,234263.5906,237980.8575,242121.8777,246128.8264,250062.1679,253954.078,257094.4612,258935.7066,259361.8491,260091.2342,261757.4442,264324.042,268171.9165,272649.747,277537.8348,282037.9483,285748.6128,288717.4281,289923.8223,289551.0879,288052.3418,286827.2197,286089.2643,285671.4768,285968.8943,286810.6666,288075.3721,289126.1488,290336.405,291841.2139,293426.7946,295165.4119,296526.9857,297561.1562,298191.6042,298807.4803,299425.6175,300560.7243,302498.168,304765.7078,306708.0411,307766.6276
394543,171,"Duluth, MN",msa,MN,157853.0057,158580.2194,159492.8517,160081.4423,160768.1491,161175.195,161701.182,161856.7276,162181.2215,162365.439,163086.5871,164134.8568,165546.181,166814.0152,167669.3057,168569.9818,169279.1456,170041.8459,170380.1725,170925.6597,171863.8151,173097.6052,174356.4403,175292.8124,176059.2613,176770.8963,177386.2229,177988.6323,178713.6977,179983.2271,182297.0946,185076.4651,188103.461,190482.9434,192610.4716,194598.1093,196525.1975,198632.0964,201311.619,205027.4217,208767.8298,211355.4061,212275.6541,212390.174,213006.3179,214307.3875,216755.9115,219298.6065,221983.8801,224760.4946,227702.1239,230752.0715,232233.0173,231922.4752,230179.7507,228914.0983,228395.5127,228508.1175,228797.6805,229514.4826,230945.1605,232998.9294,235460.8901,237305.8874,238604.058,239346.4675,240101.3652,240421.1127,240693.3714,240405.7945,239776.9147,239840.4003,241438.1733,244038.1604,246197.1211,247496.4886
394937,172,"Olympia, WA",msa,WA,307005.0503,309124.6294,311616.0422,314376.4542,317468.3787,320503.247,322958.7759,324862.3262,326249.011,327537.7556,328634.8928,329865.9813,331177.767,332691.8453,334021.463,335435.7653,336803.3105,338648.9718,340895.728,343802.9866,347127.2542,350694.012,354329.6097,357787.8888,361244.0697,364654.6113,367784.8352,370637.0028,373553.2661,377628.0067,383350.8318,390503.9262,398604.6652,406775.616,414879.8902,423521.0358,432678.3471,442384.1992,451570.7338,459846.8135,466814.7075,471361.7318,474349.2017,476276.5968,478948.8012,482376.7417,487756.2571,495471.5193,505512.4003,516105.1438,524819.7506,530421.5747,530960.3672,526992.9736,519971.8541,513814.9434,509235.7791,505638.8876,501467.2875,498176.7176,496535.257,496900.2383,498521.5159,500859.7173,503472.458,506289.2853,508328.4915,509863.4384,510479.5281,511227.9005,511943.9772,513557.5682,516157.7617,519513.259,522538.4497,524069.9804
394803,173,"Longview, TX",msa,TX,143299.3389,144343.6484,146016.4829,147796.9615,149804.8353,151564.0727,153345.3911,154800.7957,156226.8458,157122.9114,157658.4883,158123.9651,158913.0703,160162.1645,161712.5845,163353.6928,165059.4457,166588.5701,167848.0206,168703.2865,169055.4309,169206.1977,168708.71,168219.5927,167934.0254,168265.6316,168473.272,168535.2774,169039.2046,170335.181,172345.0546,173673.5194,174037.1083,173616.9862,173299.4792,173428.7404,173585.7742,174174.8204,175448.0445,177704.266,180219.7024,182492.1773,184259.9966,186186.5102,188763.358,191366.2888,193941.8974,196227.1246,198614.8538,201304.0413,203887.5346,206652.0246,208390.948,209474.8313,209705.2811,210260.6944,210664.8999,211074.8265,211617.7159,212083.2561,213113.6308,214484.4362,216313.7825,217543.2628,217702.6441,217292.9366,216709.9479,216118.0461,215355.5852,214630.2985,214125.417,214341.7686,215297.2034,216748.7464,217757.9043,218205.4483
395229,174,"Wilmington, NC",msa,NC,244548.6665,245675.6639,246670.5449,247452.5283,248293.6826,249197.7878,250165.3243,251110.0851,251887.1896,252714.3292,253558.9582,254794.5905,256367.5878,258161.7717,259660.2131,260733.7963,261571.7622,262470.2589,263256.7855,264266.9506,265543.7848,267071.7034,268573.0375,270219.1813,272179.0396,274005.4618,275042.1013,275557.3255,276321.2335,278085.7504,281005.44,284655.3107,288617.938,292557.5996,296407.8507,300560.1917,304917.0317,309730.1205,315371.0448,321471.4937,327443.5636,332306.0781,336297.4259,339952.0488,343719.1301,347560.1682,352352.3152,358216.2372,365661.6257,373847.4037,381592.4948,388319.013,392514.5781,394818.3377,395946.761,397600.1157,399066.8009,399832.8843,399531.8401,399681.9127,400960.6069,403515.4822,406793.4472,410288.6114,413325.1957,415848.5328,417725.485,419294.0292,420759.6913,421989.4402,423282.5348,424844.7831,426880.238,428962.0433,430438.0785,430798.8848
395061,175,"San Luis Obispo, CA",msa,CA,614378.7297,614346.2761,613648.8238,613119.7838,613912.5274,615418.0987,617488.9288,620337.5204,622856.1803,624354.9361,624506.5854,623809.7085,623190.6362,622677.1198,622451.986,621714.2567,621252.7541,622025.8601,624548.1653,627934.3361,631358.9751,634565.6707,637449.2722,640366.9191,643191.1943,644914.7454,643990.1172,641273.4133,638855.6859,640669.9551,647766.2542,658556.1591,670829.5813,682174.1135,691045.8658,698981.1144,706406.61,716441.908,727344.8655,738555.3982,747933.1592,754227.515,758897.6177,764504.3288,772202.8764,781010.1137,792541.2077,808058.9532,827531.913,846120.251,860052.6134,867346.2134,868316.1613,864332.5477,857644.8609,852637.2348,849954.3051,848839.2217,845076.0619,840178.4486,836967.6682,838709.8476,844390.7627,852548.1448,861613.9731,870908.6135,879084.7582,885833.7749,889697.7479,891301.6801,889502.2439,888096.9361,889303.0817,894583.4869,899564.0678,901599.5822
753875,176,"Crestview, FL",msa,FL,265084.6078,266222.4516,267711.4407,268913.8687,270424.421,271812.2014,273551.0282,275125.9347,276919.7989,278411.1115,279321.1772,279825.5439,280459.7966,281165.663,282055.4807,283250.2886,284770.3274,286578.6935,288222.0865,290036.9391,292005.238,293977.9136,296316.5822,298523.2732,300437.7786,301876.2097,302674.458,303752.6634,305104.5586,307473.526,310892.1343,315082.9372,320093.7076,325101.14,330176.1827,335234.4075,340429.8657,346091.7015,352873.8376,361219.7421,369544.8721,376923.4862,382495.2367,387965.6636,393526.5524,399491.1422,406578.5965,414254.7134,422934.1575,432163.796,441729.7444,450012.0262,454482.7687,454918.919,452954.0516,451278.331,450363.0854,449765.229,448575.5965,447281.4013,446351.642,446537.3043,447317.9054,448800.9645,449866.855,450846.2627,450853.8074,450184.5649,449230.8308,448321.6988,447766.2181,447559.8682,447827.7358,447901.5879,447286.6542,445687.076
394851,177,"Merced, CA",msa,CA,256230.9994,258013.7868,259774.3533,261291.0412,263079.8374,264747.5612,266427.8488,268261.2461,269484.6227,270608.8871,272540.5887,275554.354,278963.655,281471.4112,282868.6055,283488.6532,283825.5405,284556.8333,285597.6708,286815.4185,287928.9211,288840.3507,290108.8796,291476.7485,293310.1976,294814.1815,295412.7633,295431.8322,295941.2758,297941.9604,301395.9746,305500.0782,310425.9487,315409.5548,320681.5699,325997.254,331849.6901,338411.5716,345507.0881,352758.0745,358996.6176,364209.3477,368455.631,372667.9677,377380.2683,382210.2908,388144.8123,394959.7167,403376.0617,411189.8685,417562.5644,421360.3633,422594.2372,421257.3787,417671.7982,413592.9773,408652.8717,403639.2904,397936.5107,393733.6574,391526.4364,391401.3287,392587.4841,394415.5748,396801.5725,399099.8793,401063.2527,402475.8907,403396.2113,404377.2879,405744.7524,407363.1737,409547.3749,412156.7367,414847.4616,416500.6095
395197,178,"Waco, TX",msa,TX,150348.9371,151323.6837,152504.992,153451.6428,154578.3316,155480.5317,156442.2613,157191.5577,158065.7481,158735.7521,159595.7031,160517.3069,161570.0431,162590.3744,163596.1078,164599.7211,165419.2195,165960.076,166390.0305,167062.4644,167876.4417,168802.5941,169849.9244,171126.7019,172546.6265,173642.8262,174394.9175,175038.0107,176207.2073,178039.6572,180534.8876,183452.4599,186606.6699,189415.2569,191803.0015,194272.9979,197089.4061,200449.8915,204218.0661,208822.1086,213300.0691,216831.1978,219117.5051,221026.0532,223389.9799,225929.7245,229956.7944,234911.6623,241202.0119,247065.4968,252345.5975,256548.2299,259194.427,260016.9021,259628.7799,259070.8855,258705.3283,258132.8672,257152.4094,256278.6638,255880.0331,256435.6039,257474.9374,258907.8003,259747.3218,260130.2361,259450.8443,258414.0527,257241.6225,256543.7891,256607.0016,257421.8819,258731.8543,260128.4456,260884.5388,261013.2782
394447,179,"Cedar Rapids, IA",msa,IA,157884.0045,158303.8905,158726.1356,159156.7403,159953.6849,160592.2268,161297.32,161643.4247,161980.2714,162189.1232,162724.4321,163766.5523,165042.7701,166124.7837,166912.6288,167517.1159,167948.8955,168163.0447,168303.2207,168598.8831,169113.2273,169873.4031,170347.8846,170585.7148,170711.6286,171140.7184,171626.661,172000.9711,172437.1279,173123.807,174466.8431,176031.2171,177624.6208,178714.8137,179462.3358,180229.1037,181375.2936,183075.5139,185359.5381,187889.835,190482.9032,192281.3029,193372.1601,193793.1935,194412.8779,195322.0294,196733.2463,198416.0249,200489.1143,202979.3322,205858.9689,208645.4198,210357.5628,210871.8499,210687.9897,210855.7773,211186.1484,211407.8101,211214.8688,211015.6935,211299.3211,212329.3348,213968.7646,215819.4727,217333.5489,218297.953,218820.9212,219207.2105,219385.2457,219118.5513,218828.9713,219096.4078,220334.767,221984.0304,223388.7612,224055.4777
394348,180,"Atlantic City, NJ",msa,NJ,187213.4204,187672.9588,188422.4491,189257.4708,190746.1795,192537.4691,194153.3633,195507.4768,196717.0009,197879.2995,199196.6832,200872.7875,202878.261,204675.9738,205806.4562,206682.9337,207359.7291,208166.3965,208852.1868,209928.5534,211433.3571,213064.7857,214708.2269,216048.6661,217806.5181,219526.103,220696.8237,221153.407,221411.6402,222638.4709,225118.8692,228820.2655,233390.14,238296.1971,242763.4602,247248.0692,251262.8829,255415.9671,259622.292,264264.3617,268972.8348,273264.7304,276594.1603,279469.8334,282397.2127,285759.8744,289200.8336,292764.4067,296769.1812,301331.6914,305840.226,309631.2576,311725.4717,311772.7127,311088.4104,311084.4686,311871.6916,312905.9261,315085.4249,317583.0773,320762.2893,323366.5517,326237.571,329297.8479,332237.1814,335435.8217,338501.1457,341015.4046,343207.2532,344762.4249,346410.0298,348680.579,351792.8812,355479.7126,358483.9527,360867.1129
394412,181,"Bremerton, WA",msa,WA,358699.9828,361789.8745,364778.593,367613.8984,370781.0518,373501.8749,375464.1137,376593.4748,377124.1396,377564.1946,377860.1667,379182.5912,381254.4328,383700.1036,386275.9139,389254.5647,392458.7606,395306.2068,397688.9234,400251.1308,403369.6189,407009.7129,410448.8225,413745.4268,417008.3894,420648.2595,423340.2549,425559.6418,427858.0964,432084.1404,438765.599,446912.0328,456018.0257,464555.0919,473063.4652,482239.9249,491843.6474,501749.6987,510513.5673,518767.3568,526227.8316,531632.2304,535702.1021,538075.4121,540458.6042,542495.5607,547758.5197,556455.7267,568127.112,579261.8268,587392.7269,591114.7127,589205.0563,583361.2009,575774.136,569605.6295,564056.553,558625.5794,552491.0382,547656.742,545029.4965,544709.4438,546204.5624,548593.2526,550910.9622,553079.2673,554192.7415,554479.8585,553950.93,553684.5003,553841.7107,554256.9228,555721.167,558111.356,560964.4,562419.4998
395103,182,"Sioux Falls, SD",msa,SD,210720.2448,211481.6024,212630.1734,213707.3919,215010.1825,216137.9908,217228.7249,217845.6877,218536.9325,219378.9498,220341.6625,221486.0701,222815.0594,224371.0186,225877.2559,227253.3393,228366.0339,229230.8507,229910.303,230804.7714,231931.8148,233213.2194,234146.4977,234654.0261,235335.9812,236239.3072,237127.9807,237813.9543,238837.3393,240579.7928,243131.9774,245778.5327,248449.2485,250707.4654,252794.7119,255327.5377,258325.6444,261880.3289,266069.2538,270550.9144,275223.0913,278668.7185,280998.7449,282766.482,285088.6651,288269.1114,292381.2643,297098.6991,302573.8072,307991.2078,312859.8365,316501.0427,318571.0043,318867.0555,318025.5809,317580.178,317495.2061,317522.7956,316863.1742,316501.2691,317166.2056,318875.263,320731.4336,322634.758,323783.802,324407.2732,324229.3638,324196.635,324732.5812,325209.1936,326104.2468,327424.7733,329710.6667,331751.5779,333026.0968,332969.671
395065,183,"Santa Cruz, CA",msa,CA,833097.4773,838472.9585,843660.5055,848064.0367,848730.5326,848549.0098,849177.6846,851864.4646,853636.7711,852371.4632,849345.5648,843859.3814,840824.813,839607.7917,840762.9885,841581.7678,842650.3013,843377.1064,843787.684,843368.1417,842846.6858,842981.8941,844502.2441,848646.8767,854889.7288,860120.2409,860306.3858,857146.1873,856344.4209,862768.2696,875528.7342,891390.2903,908544.5955,925602.2759,941963.819,959443.5983,977436.8729,998377.6069,1021826.256,1047076.919,1066876.881,1077697.103,1081145.703,1086774.18,1095708.746,1107664.191,1127936.402,1156665.805,1193982.003,1226198.028,1247410.185,1252167.499,1239383.523,1216365.562,1192590.636,1176884.961,1167146.811,1158029.3,1143629.305,1130665.739,1121615.936,1121949.232,1127652.247,1136849.284,1148884.418,1160442.413,1170522.548,1174199.66,1172824.533,1167925.325,1163329.895,1162287.037,1167428.879,1175470.499,1180578.377,1181192.227
394572,184,"Erie, PA",msa,PA,130005.5051,129986.0576,129976.4115,129999.0317,130091.8644,130310.9053,130477.9036,130558.8173,130612.4213,130703.9646,130900.0764,131472.969,132248.6434,132905.4868,133296.563,133560.3349,133892.6353,134134.9251,134370.8597,134726.3424,135175.6503,135619.5765,135984.9023,136589.2279,137255.1359,138242.4191,138931.3721,139458.4235,139749.3194,140337.013,141637.2867,143399.1933,145632.1191,147735.6331,149678.2575,151451.2614,153242.7871,154977.5191,156672.5803,158575.5413,160538.2967,161994.6712,162252.3028,162032.2414,162000.3975,162446.5856,164005.1002,166306.5005,169161.5219,171742.1207,173964.9346,176061.0298,177170.2984,177265.1519,176806.1112,176876.9606,177493.8169,178282.2343,178953.1747,179200.4198,179443.2785,179930.6393,181251.9442,183194.5952,185287.2067,187087.5986,188495.6942,189530.9086,190259.6013,190809.2805,191236.0074,192262.7103,194017.0841,196155.3278,198172.1056,199568.7208
394924,185,"Norwich, CT",msa,CT,241480.8976,241887.5239,242381.0565,242371.1245,242562.4248,242784.2118,243155.86,243244.3292,243048.5168,243086.7261,243340.3228,243921.0558,244404.9784,244779.4738,244834.2846,244931.8333,245260.0447,245907.3738,246383.8225,247076.3159,247943.8063,248910.1582,249780.5595,250625.9017,252034.3097,253631.3265,254537.0114,254671.4434,254953.8414,256487.5191,259721.5567,264126.5752,269392.8895,274844.4337,279996.876,285100.9269,289971.2888,294549.8491,299291.6693,304089.157,308001.5425,309831.7228,309614.4771,309116.6785,309190.5084,310386.7639,313457.3505,318161.6209,324093.4795,329665.3351,334743.9098,338868.2531,341272.8031,341613.695,340775.8746,340153.2017,340401.0684,340786.8646,341150.5056,342081.3571,344124.0043,347319.138,350884.4183,355038.9251,359850.3298,364968.664,369218.1071,371926.2962,373574.8172,375131.439,376586.9219,378693.2525,381764.8061,385439.0981,388509.2996,390707.9
394323,186,"Amarillo, TX",msa,TX,139673.7803,140011.3862,140449.231,140610.0224,141033.9623,141579.4716,142200.1298,142596.7,142872.1115,143016.2625,143319.0736,143817.1331,144429.3639,144784.2596,144850.4563,145006.3518,145384.2277,145863.646,146371.4089,146790.0057,147248.1752,147622.7993,148010.4193,148624.8527,149318.9666,150045.7237,150368.2108,150627.8644,151153.3485,152074.3538,153492.2135,155149.4986,157061.5448,158773.7756,160106.4417,161353.2524,162767.5852,164733.0397,167266.6666,170345.1183,173174.3395,175403.871,176931.8355,178397.3267,180034.3346,181711.1164,183919.1755,186704.6967,190090.8247,193300.9473,195769.4963,197798.3873,199070.5599,199631.7172,199598.9011,199906.9619,200596.3844,201298.8947,201275.4707,200962.3982,200613.0155,201024.8249,201966.7243,203142.7174,204094.6932,204903.9854,205296.7085,205362.1332,205205.229,205337.519,205930.4115,206898.1205,208115.4059,209299.1607,209908.6133,210011.694
394772,187,"Laredo, TX",msa,TX,156678.6073,157506.7658,158198.7912,158657.9753,159004.6104,159404.3161,159945.4142,160561.6728,161244.8557,161789.5183,162213.0125,162785.4938,163207.4457,163498.0103,163514.1864,163811.6405,164636.2474,165856.7572,167178.0966,168095.4358,168755.0209,169470.6394,170363.6885,171011.2034,171486.8437,172250.7378,173046.4646,174106.8083,175486.0782,177291.236,178979.5191,179452.0829,179986.6074,180713.869,182932.5231,185094.1271,186723.1363,187399.7711,188173.1069,189775.8064,192015.3639,193664.3532,194306.5081,194800.3104,196033.0415,197674.6902,198716.9703,199736.5378,200484.9909,201967.997,203494.7906,205491.9189,206978.2282,207605.6807,207442.7998,206748.8339,206204.0467,205947.2313,206312.0436,206947.9489,208178.2739,210102.802,212237.4795,213955.4012,214474.3756,214393.3934,213904.8246,212590.296,210740.899,208290.6884,206703.0306,205876.4847,206191.3288,206623.7383,206965.7912,206726.4259
395171,188,"Tuscaloosa, AL",msa,AL,149306.7061,150001.286,150508.1854,150717.085,151275.1085,152242.6148,153162.7825,153573.3257,153871.162,154215.4925,155220.1392,156415.0617,157915.5899,159084.5271,159960.7557,160593.9925,161184.3703,161909.482,162611.0627,163449.5179,164470.5808,165534.632,166633.741,167443.5542,168322.4767,168967.6307,169487.7631,169877.0896,170580.0398,171659.5146,173355.5112,175077.172,177020.3345,178609.1862,180063.4204,181409.3018,182646.9355,184254.8066,186338.7725,188929.0333,191289.0248,192878.8391,193843.4703,194688.2585,195881.7797,197234.5346,199186.3091,201372.9347,203449.106,205387.0211,206912.2815,208950.0319,210238.1421,211387.0024,211759.7229,212256.9963,212334.3203,212296.5331,212484.8886,212961.5573,214009.6345,215203.8831,216600.4195,217407.763,217738.2956,217677.1174,217817.7227,217742.4022,217749.6155,217396.0575,216651.0611,216018.3275,216242.0261,217432.0545,218882.9042,219855.6437
394483,189,"College Station, TX",msa,TX,223327.0001,224259.6244,225060.7896,225459.4884,226022.4513,226791.2463,227615.5537,228083.4047,228471.6047,228849.5661,228807.3448,228440.4023,227806.4184,227253.0075,226704.2362,226029.7736,225666.4107,225593.5655,225693.6968,225898.7631,226310.4472,226941.8601,227694.5364,228358.1336,229036.797,229646.5677,229980.6283,230209.1442,230822.2628,232092.4308,234102.3279,236202.3289,238209.841,239911.9823,241526.984,242928.2545,243852.6707,244488.1191,245922.2435,248342.3615,251565.4465,254224.5697,255965.478,257574.5835,259961.9261,263077.2534,266461.2406,269463.718,272624.4189,275930.1007,279396.0481,282470.3472,284369.2677,285062.2583,284893.579,284788.2182,284940.8105,285569.5094,286452.2029,287752.2762,289258.6135,291136.2774,293235.1465,295421.6794,296979.5068,297757.8304,297428.1498,296505.1603,295876.588,295596.7486,296326.6891,297443.8683,299279.3306,300739.2619,301394.5605,301455.8363
394732,190,"Kalamazoo, MI",msa,MI,170762.1342,171893.4813,173293.0597,174197.2606,175431.9399,176211.3215,177256.6332,177485.3472,178010.4146,178531.8802,179422.8536,180575.7627,182065.8397,183935.5196,185617.5575,186621.8439,186919.5898,186734.8586,186643.1192,187131.984,188100.0437,189228.8435,190747.1289,192651.9532,194667.9061,196251.9865,197309.2367,197684.2219,197735.8848,198156.6149,200070.6545,202666.9445,205648.1304,208193.1985,210778.276,213454.45,216189.0481,218967.5709,222049.6919,225658.5833,228787.8113,230492.0677,230919.484,231305.7808,232450.9366,233952.0689,236338.1386,239350.0881,242808.7527,246267.7898,248935.9211,251257.6987,251764.7108,251224.1098,249799.4571,249176.5661,248833.7633,248535.8516,248035.8319,247652.8748,248215.6334,249747.0862,252351.4777,254978.8084,256834.9388,258414.1149,259249.711,259719.5564,259528.8749,259366.9743,259719.4283,261017.9642,263201.692,265749.5439,267376.2997,268250.332
394811,191,"Lynchburg, VA",msa,VA,172005.7244,172715.6447,173207.9851,173460.3365,173925.7847,174455.5586,175182.8672,175460.4753,175715.6365,175868.9385,176553.3307,177568.7784,178900.5619,180035.2137,180783.0364,181294.1717,181613.288,182156.594,182757.8846,183599.9575,184513.146,185341.2426,186127.7406,186816.4512,187588.5097,188341.3777,189042.0903,189692.46,190830.2354,192593.6467,195309.8159,198279.4263,201309.8084,203840.3261,206020.2426,208151.8199,210459.637,213153.2428,216167.0596,219430.654,221974.0437,223339.6843,223773.73,224096.3381,225052.9455,226514.061,229391.1623,232625.9796,236100.552,239529.2483,243019.2934,246840.4795,249411.837,250767.3503,250779.2327,250823.003,251033.5292,251391.0609,251353.3519,251578.7012,252950.0161,255546.7114,259135.8903,262493.6271,265090.7116,266831.9536,267983.0369,268859.3774,269659.4406,270051.151,270032.2719,270241.6369,271243.8665,273065.8866,275016.5555,276554.8839
394455,192,"Charleston, WV",msa,WV,100920.8493,101400.8938,101955.7862,102029.9169,101740.1269,101265.0912,101058.0773,100929.7172,101022.7799,100963.8527,101100.9544,101536.2222,102300.5032,102999.8432,103412.654,103673.2185,103895.0214,104004.7459,104021.8945,104168.4397,104306.0067,104435.7278,104117.9191,103991.9362,103972.875,104320.0039,104591.1234,104773.967,105089.6276,105716.4847,106981.6787,108562.9718,110439.9555,112031.9684,113466.077,114583.7765,115568.124,116334.9685,117167.4393,118510.0898,119501.902,120035.4626,119582.2636,119704.5168,120334.2504,121428.7825,122939.2013,124493.7359,126007.1938,127199.4931,128116.0063,129170.3808,129913.1872,130258.1963,130269.5331,130351.8143,130624.2088,131107.8803,131595.2097,132073.511,132888.5731,133824.0045,135099.8358,136075.1676,136771.3433,137304.6316,137499.8017,137574.8953,137616.3544,137808.4615,137974.799,138573.5489,139746.8783,141169.209,142428.239,143062.2707
395240,193,"Yakima, WA",msa,WA,202364.2868,203142.3629,204195.7273,205332.524,207429.5179,209812.9741,212013.1583,213338.0288,214216.8282,215234.1176,216821.3579,218741.0954,220874.9918,222772.2095,224623.8625,226797.1231,229541.9765,232870.6107,235777.5263,238438.2246,241104.3202,244248.9989,247177.8935,249553.6585,251641.1225,253908.1511,255622.5732,256992.6687,258594.1583,261283.9311,265325.0187,269675.0791,274115.4867,277985.3119,281370.5074,285199.7661,289612.5347,295543.025,302323.3104,308935.1333,313083.6036,314368.2304,313505.641,312637.1705,312186.0608,312730.7848,315326.0467,319751.0967,325269.5392,330162.812,334018.115,336712.5737,337270.0745,336123.2138,333926.5896,332268.1246,330958.3951,329431.0591,327310.721,325848.5876,325799.762,327473.0509,329734.972,331840.2882,333180.9684,334519.216,335665.624,336681.9738,337126.3154,337186.824,337469.7053,337880.0496,339052.852,340669.124,342405.8476,343372.3632
394585,194,"Fargo, ND",msa,ND,237683.1359,238014.6435,238069.5245,237822.2045,238032.9218,238045.8245,237849.9869,237219.9125,236736.512,236546.6724,237145.4588,238655.8291,240582.7751,242452.8014,244319.6698,246076.1044,247348.428,247733.8603,247797.7119,248136.4665,249111.932,250144.0666,251123.6207,251876.7989,252673.8851,253210.1381,253235.8032,253125.2431,252990.1518,253234.2038,254115.714,255011.2052,255804.6383,256169.9717,256627.3435,257539.9321,258805.0361,260526.0613,262983.6574,265958.6944,269052.6624,271543.8966,273155.0566,274481.3915,275740.2713,277575.4483,279978.2279,282411.2503,284782.3956,287560.7976,290084.5694,292410.4881,293238.5555,293549.2681,293294.6876,293565.6177,294036.8996,294374.4216,294896.379,294958.8953,295659.3907,296610.3152,298029.5742,299653.6297,300431.5337,301018.5892,300408.1153,299300.8897,298222.402,297281.7951,297028.0424,297539.887,299236.4313,301102.1458,302647.3847,303519.6295
394387,195,"Binghamton, NY",msa,NY,112465.8857,113038.4178,114015.4593,115121.6432,116285.782,117217.7357,117934.127,117988.2036,118171.5461,118108.9635,118395.8245,118712.7802,119499.5561,120275.1071,120738.6785,121075.7774,121385.0489,121704.8505,121919.5667,122172.2562,122597.6897,122975.2142,123341.5823,123829.2395,124427.0179,125044.242,125301.4652,125467.4618,125748.8947,126378.4401,127461.8569,128973.6386,130921.3229,132730.4882,134224.9783,135688.8536,137380.3811,139194.4703,141191.8894,143464.8684,145478.5221,146798.7045,147188.923,147288.1637,147326.5192,147403.1608,148435.8447,150230.0665,152550.4757,154731.7356,156471.2042,158504.7416,159959.2937,160802.4766,160732.4996,160460.9821,160484.7507,160751.3308,161018.766,161357.1803,161960.97,163227.4436,164970.352,166966.5721,168704.9584,169877.6683,170622.1362,171492.4338,172503.7459,173549.3763,174486.3582,175657.9964,177208.6746,179006.3514,181075.437,183040.9452
394609,196,"Fort Smith, AR",msa,AR,122858.9989,123401.3103,123956.7335,124034.6743,124274.8264,124370.4116,124703.9575,124788.9718,125051.2051,125347.6962,125735.369,126417.7106,127493.3041,128703.4944,129601.4965,130342.1403,130958.1063,131678.3419,132106.2433,132780.141,133593.5359,134605.3207,135026.3441,135150.0984,135269.1235,135947.3606,136797.8575,137712.481,138823.909,140317.2407,142250.1041,143754.3563,144915.1033,145553.9852,146439.1054,147546.6674,148956.6917,150566.4746,152367.7155,154599.9709,156768.9928,158930.9302,160564.9462,162509.9418,164747.8391,167074.8463,169462.6366,171512.6836,173282.8438,174916.9949,176271.6037,177886.7603,178875.3835,179308.6272,179111.6159,178974.6648,178896.7475,178673.5331,178370.1806,178449.2454,179067.5938,180031.9602,181243.3844,182481.9769,183322.9157,183318.5121,182957.6369,182863.5158,183201.6335,183480.2238,183258.3573,183255.8937,184058.6307,185544.0068,186926.6171,187893.6271
394334,197,"Appleton, WI",msa,WI,195219.0884,196602.8205,197596.7356,198153.8166,198935.3581,199547.7385,200235.5181,200386.0622,200896.1233,201725.3774,203012.5115,204623.1729,206310.3178,207869.4877,209280.2008,210595.7576,211771.9583,212804.0082,213571.8674,214473.4867,215581.0247,216622.1805,217284.3539,217613.7699,218257.7965,219370.636,220632.7591,221580.2829,222555.7774,223941.9812,226459.363,229769.8687,232941.0845,235420.1682,237010.1106,238615.6366,240465.6367,242941.6789,246544.6794,250864.7579,255234.5296,257904.5443,259173.7654,259671.6406,260693.9321,262295.6795,264634.6239,267533.7999,270852.662,274931.2731,278866.972,282226.4441,283702.5505,283868.6228,283408.6202,283371.1614,283990.8062,285313.2192,288322.4609,290933.4482,294236.1646,297187.8478,300666.7491,303285.7109,305045.7239,307327.1648,309396.2353,310707.6037,311199.797,311272.8721,311589.658,312838.3877,315418.9168,318641.4534,320552.6541,321725.5216
395161,199,"Topeka, KS",msa,KS,122655.4904,123165.2041,123776.1782,124325.3615,125134.0646,125851.2635,126591.3062,126978.7964,127399.7015,127630.9994,127991.2023,128609.2923,129589.9119,130441.7087,130961.9666,131442.561,132014.2061,132814.5411,133417.4928,134218.219,135007.8239,135884.518,136419.0208,137002.3872,137825.1994,138941.6909,139890.3943,140694.8941,141977.7923,143785.1152,146068.3756,147991.7485,149649.808,150816.5669,151689.5024,152685.9445,154089.7402,156003.4902,158230.4414,160672.7254,162951.2931,164873.794,166178.3156,167470.1955,168877.9214,170252.782,172085.608,174148.9017,176637.0496,178836.1757,181086.1454,183413.5827,185305.345,186230.9659,186382.5605,186833.9874,187469.4214,188143.8937,188648.2037,188933.2453,189714.38,191020.6722,192978.3632,194782.153,196324.5465,197611.7766,198585.6013,199181.9772,199465.9601,199484.0029,199523.2057,200051.3125,201755.0183,203979.7045,206202.8316,207775.0681
394813,200,"Macon, GA",msa,GA,106766.7631,107157.0553,107739.792,108163.7175,108923.9665,110053.0607,111295.0775,112024.9717,112717.3922,113385.9473,114563.5659,115910.8988,117522.1444,118780.9689,119679.9341,120517.9194,121258.8937,122137.4635,122776.8598,123523.4485,123912.6208,124452.2018,124866.8039,125604.8012,126142.8021,126650.057,126691.8332,126666.4901,126816.3305,127813.6168,129514.5401,131613.5894,133820.641,135991.6619,137951.8734,139638.8648,141053.4888,142732.7045,145057.0225,147924.6792,149891.0466,150815.1202,150821.5663,151457.933,152532.9101,153932.9334,156303.1044,159439.5028,162869.3835,165889.6388,168507.792,171693.4303,174526.6305,176377.789,177120.6004,177488.8133,177699.5703,177368.0885,176295.5063,175597.6603,176073.0503,177642.8684,179360.1612,180799.978,181861.083,182828.5221,183334.7038,183823.1667,184209.7159,184452.1344,184129.474,183905.7778,184714.7484,186486.3914,188562.7749,190215.9001
395174,201,"Tyler, TX",msa,TX,171423.3362,171980.0075,173099.4597,174004.6186,174766.1391,175347.366,175964.5517,176340.0063,176661.3757,176815.035,176749.7452,176405.6402,176254.5667,176442.9213,177027.8412,177774.675,178864.4764,179896.4092,180825.3362,181738.6162,182996.2347,184368.132,185691.0492,186641.0004,187522.2435,188345.0463,189135.87,189961.1015,191137.5554,192790.8787,195080.6856,197237.2398,199473.1713,200971.338,202552.6464,204309.3928,206512.0134,208819.5047,211584.9191,214884.1656,218662.6187,222106.4424,225004.8668,227565.8653,230599.4869,233738.5367,237296.6471,240335.5364,243312.2871,246487.7938,250253.5811,254524.5003,257704.2447,259629.7509,260169.8825,260548.8383,260994.1931,262036.7532,263382.571,264724.2108,266390.555,268096.6298,270253.0112,272476.8619,274304.5959,275349.0461,275425.188,275419.7947,275169.9701,274451.1494,273943.5384,274495.0039,275942.7854,277018.5664,276868.3475,276152.0064
394361,202,"Barnstable Town, MA",msa,MA,423137.9994,425056.6932,427776.329,430516.6704,433401.1845,435535.0628,437322.3496,438043.4363,438167.9407,437648.3601,437558.5849,438021.0703,439171.1708,440770.5174,442051.2436,443198.9035,443584.5247,443622.0602,443024.0276,442923.2896,443596.9279,444626.2958,445914.8732,447470.5384,449715.733,451927.7172,452976.1771,453053.4397,453141.9067,455661.6873,461354.2259,469772.9331,479665.7624,489758.0773,499792.8214,510728.2272,522220.773,535742.3356,551223.9065,567394.5909,579901.8341,586052.5272,588493.8999,590726.2844,594677.2642,599627.2594,608076.7717,620580.4529,636463.4163,651259.524,663921.1202,674307.3729,680337.2112,681488.6461,677948.2529,675206.5645,673789.3913,673687.178,672239.728,670650.6585,669857.1274,673310.5027,679943.0949,688904.2216,696951.998,703620.5042,709760.8614,715081.9747,719205.8811,721328.1642,720709.504,720250.5094,721993.6847,727070.3188,732859.9178,736867.3987
394519,203,"Daphne, AL",msa,AL,232176.205,233635.7491,235211.3067,236441.0874,237856.4006,238963.748,239744.3889,240001.893,240537.4645,241621.4307,243068.5058,244804.7522,245835.4568,246186.54,246426.0835,247435.7049,249183.0302,251421.297,253239.9037,255084.3188,256624.621,258164.3869,259628.0001,260670.6283,262457.3525,263977.7512,265426.639,266389.9014,267853.2815,270023.2471,273413.4265,277489.6427,282269.0952,286664.6852,290273.0399,293994.1485,297660.6423,302498.557,308198.7891,314745.3689,321343.2129,326657.7018,330817.4094,334425.0785,338352.9949,342455.0308,347019.0315,351878.3787,356942.7587,362380.8467,367173.3981,371807.5546,374399.5523,375798.1226,375593.6224,375410.3989,375283.4121,375127.8266,375087.2799,375382.9962,376939.5334,379206.6208,382074.7135,385151.2559,387082.7768,387774.0151,387254.7671,386651.6259,386237.9271,385710.647,385424.8698,385608.1992,386753.6113,388021.9585,389162.5356,389265.7253
394378,205,"Bellingham, WA",msa,WA,366618.8518,370606.882,374925.8067,378764.7137,383158.2237,386712.6679,388926.1977,389887.7748,391007.2918,392725.4905,394501.2504,396296.0243,398160.9945,400163.0709,402249.2477,404524.7082,406831.0326,408947.3209,410847.8955,413303.5858,416200.3567,419330.1328,422935.3844,426777.4069,431526.5398,435414.1861,437602.7083,438184.4639,439331.7483,442987.3483,449212.2114,456494.5553,464292.7536,471665.7248,478413.7797,486431.1554,495842.0153,507325.1591,519064.3794,530118.1882,539510.2022,545388.1281,549553.9012,552328.486,555684.4381,559253.5159,566382.7012,577430.2005,591491.2385,604479.2743,614187.8943,619553.6191,619426.0001,614479.3451,606241.5037,599320.7963,593546.5459,589895.6492,585579.5161,583237.3423,582481.5075,584337.2428,586868.7814,589168.4201,591115.9223,592916.0524,594196.2072,595326.4152,595903.1147,595913.704,595151.7583,594980.7967,596790.8217,600334.1684,604270.1684,606975.2153
394429,206,"Burlington, VT",msa,VT,307297.8442,308251.3138,308968.6541,309415.1555,310659.8369,312022.4075,313526.2862,314091.3785,314514.5374,314909.3645,315123.5924,315315.1088,315911.8723,316859.7957,317473.2054,317898.4686,318597.2168,319670.497,320571.1651,321664.7504,323179.9178,325175.9228,327563.0086,329778.8662,331750.0272,333173.2615,334236.3601,335459.7549,337204.6741,339949.3655,343929.6357,348038.3715,352133.1294,355949.8248,359887.7903,364102.8354,368066.8695,372480.7799,377600.001,383603.3838,389474.4176,393188.7527,394802.2791,395176.1726,396813.0834,399420.9623,403979.3772,409620.5475,416985.7956,424557.0158,431620.3923,437599.1105,441141.5194,441626.3924,440170.6305,439251.8201,439737.3017,440480.5543,441859.0973,443245.3795,446756.0204,451150.5818,456537.5452,460109.157,461823.1614,463507.803,464905.8895,465871.2812,465602.6875,464977.9184,464875.3985,465820.0658,468705.6219,472618.6326,475744.4256,477150.2258
395030,207,"Rochester, MN",msa,MN,221147.2899,222108.8312,223016.4707,223858.9111,224953.2195,226004.8158,227233.4941,228141.0051,229009.1728,229670.0303,230508.2107,231530.4825,232846.1589,234061.3543,235043.2387,235880.9762,236548.4202,237174.1939,237557.2523,238263.8633,239292.3414,240494.4729,241631.8809,242780.5436,244094.9255,245395.6265,246167.9355,246615.3452,247084.5185,248419.5272,250812.3736,254041.3803,257557.4584,260887.9018,263743.9455,266436.9945,269117.1728,272162.7544,275885.3954,280145.8957,284103.3956,286483.5432,287288.9492,287493.6076,288445.1537,290061.429,293195.8682,297388.0183,302755.9321,307876.5078,312230.1729,315207.4219,316009.5707,314631.7419,312195.1268,310433.7621,309616.017,309026.5245,308411.2368,308007.7268,308463.4625,309792.3701,311682.3427,313618.435,315033.194,315993.9435,316609.3373,316671.7507,316651.1831,316513.5296,316699.9399,317226.4902,318651.717,320381.029,321748.3855,322077.2515
753895,208,"Lafayette, IN",msa,IN,157450.7275,158446.789,159255.2521,159884.4237,160611.1211,161389.9548,162065.3034,162603.8568,163207.9356,163772.9061,164720.941,165856.6591,167485.9536,168746.8188,169889.3001,170852.0863,171939.0783,172829.7779,173507.1311,174316.488,175538.532,177060.3554,178651.5486,180049.8172,181444.5093,182893.8846,184141.8718,184959.0597,185431.8333,186065.0146,187553.6533,189601.4591,192149.6176,194449.7864,196489.0469,198403.7126,200708.5341,203517.8213,206754.831,210261.1404,213618.0076,216265.0462,217930.7871,219291.4961,220979.764,222987.3919,225421.5962,228283.1044,231464.3864,234882.0161,237723.674,240181.9034,241032.5462,240718.7069,239369.2486,238284.9868,237687.4727,237597.7112,237386.6083,237638.9949,238349.7849,240314.7713,242986.1896,246001.9116,248689.645,250726.3166,252180.6612,253176.8049,254138.6107,255092.0237,256489.6272,258125.305,260527.4802,263080.4594,265353.982,266785.5735
394454,209,"Champaign, IL",msa,IL,157202.9784,157191.5153,157287.8637,157352.269,157831.0442,158094.9939,158465.281,158167.9226,157961.6708,157821.5449,158680.4949,160291.0131,162010.9764,163054.5287,163553.0025,163844.8901,163729.8419,163217.9474,162416.2416,161908.8384,161948.4334,162427.883,162702.0631,162607.6967,162392.1969,162642.9439,162885.3275,162935.6573,162763.2767,163088.7259,164259.8027,165734.4353,167190.1749,168247.8822,169190.3562,170230.3343,171368.7272,172574.9268,174098.168,176086.521,178213.8272,179919.7051,180991.909,181864.9245,182822.6349,184227.8533,186125.6676,188238.4556,190292.2957,192500.4958,194281.376,195996.3572,196512.7862,196359.7959,195398.3821,195131.2631,195053.002,195380.5964,195307.0827,195027.5306,195094.5534,195795.9332,197423.36,199254.8317,200805.6593,202108.0848,202870.1018,203846.6643,204745.9563,205250.4616,205073.7811,205294.5089,206457.6389,208529.3403,210290.9808,211653.3762
394848,210,"Medford, OR",msa,OR,312962.6317,315724.013,318571.6895,320529.5342,322106.387,323084.0449,323282.4358,323165.3655,322899.1568,323488.4802,324132.7783,324975.1154,325870.0619,326641.6517,327286.2955,327844.0694,328368.9378,328740.0146,328305.0878,328446.4574,329610.3413,331774.2288,333822.4154,335389.8467,337085.0615,338735.4491,339461.4084,339622.6408,339889.8742,341768.5472,345209.102,349985.9841,355547.9567,361769.2029,367961.0316,374978.3277,382432.7253,390249.4393,397794.1685,404610.4346,409990.6373,413635.0875,416071.8392,418382.0563,420709.6343,423016.8391,426657.0353,431685.5742,438124.4714,444314.3852,449224.4304,451993.2625,451551.6253,448310.9078,443608.7928,439725.3867,436800.8461,434210.9476,430945.5685,428172.0167,426521.4477,426741.5344,428057.2081,429950.2013,431523.6718,432629.7627,432540.8192,431924.7086,430865.0364,430062.3034,429449.4831,429502.6621,430410.2719,431573.9916,432771.8323,433312.5081
394459,212,"Charlottesville, VA",msa,VA,298769.7987,300205.6378,301848.8197,302947.714,304479.6836,305756.6157,306926.8202,307285.5471,307607.8105,307975.3981,308846.5633,310161.771,311954.6195,313588.3946,314862.0414,315548.107,315999.1799,316386.8985,316792.9803,317551.2499,318504.949,319690.641,320922.7317,322383.2118,323948.1542,325354.7255,325995.4823,326270.6641,326823.9974,328904.9344,332629.6837,337444.688,342343.7215,346907.4624,350639.4276,354487.548,358341.2476,363026.0538,368448.2784,374232.1671,378483.4503,379913.3026,379386.9394,379190.9065,380371.009,382569.0108,387164.5575,393081.5512,400405.1777,407240.7743,413737.3899,418942.3092,421339.2046,421217.3155,419660.1667,418593.0567,418008.0385,417479.2712,417558.9107,418158.6297,419144.703,420401.9465,422093.9462,424655.0773,426870.3567,428984.3046,430743.8371,432289.4246,433418.3306,434672.1538,435431.0906,436678.1758,439002.8771,442315.339,445417.4506,447223.6823
394763,213,"Lake Charles, LA",msa,LA,203685.3634,204575.5969,205252.4702,205017.4002,205470.132,205874.3147,206448.5059,206085.2362,206571.4039,207685.4343,208646.8957,208574.7333,208082.377,207490.8042,207552.6055,207697.2176,208410.2524,208865.5493,208970.5419,209109.319,209542.4655,210029.0935,210313.7387,210327.6318,210369.4136,210637.8625,210671.6684,210707.0043,211402.6371,212627.1546,214839.5254,216319.4927,217239.3543,216044.0846,214175.6688,212239.7505,210856.1039,209749.2384,208948.1906,208998.9737,208910.1361,208240.4378,206871.0731,205947.7913,205574.1052,205423.5743,205539.7474,205758.7812,206608.2013,207783.9962,209016.3806,210519.5831,211729.3293,212645.0226,212335.8867,211499.2382,209848.1587,207441.6487,205068.2372,202305.7987,201514.5254,200894.1773,200917.1347,199838.8947,198428.2887,197008.392,195422.3947,193846.409,192119.5872,190424.3218,188572.5516,188086.5312,188681.8111,190128.1248,190709.0036,190350.5279
394773,214,"Las Cruces, NM",msa,NM,170760.9716,170994.3824,170923.8246,171121.5467,172057.3758,173596.1526,175706.9224,177426.0336,179059.3395,180525.0349,180961.97,180255.4,178752.2938,177856.2087,177781.9521,178211.9007,178891.4516,179340.3953,179503.5363,179753.2523,180653.5087,182097.0673,183731.8454,184849.1786,185772.5603,186428.8025,187092.167,187798.2714,189112.7894,190865.6474,193144.6393,195570.1084,198281.6537,200870.4212,203276.4589,205603.8244,208000.7128,210475.1055,213082.2604,216095.8513,219395.723,222595.952,225010.0743,227075.8572,229383.0953,232362.5794,236300.7781,240768.9361,246033.4796,250882.0475,254874.2119,258139.8343,260386.7732,261837.6252,262224.9411,262573.3796,263129.5591,264023.6466,265231.5802,267112.371,269256.7973,271972.5956,274717.5379,277676.8158,279850.2899,281586.6054,282609.5515,283434.3741,283784.7467,283277.633,282529.2678,281984.2065,282945.5585,284433.0937,285810.991,286220.1573
394464,215,"Chico, CA",msa,CA,299533.4658,301309.7318,302608.4012,303584.0312,304455.6565,305449.1319,306307.4317,306922.8916,307201.5215,308280.1365,311394.5155,316806.2936,323367.5332,329751.4361,334663.3282,338366.7118,340841.2565,342797.7103,344305.478,345890.0487,347492.7492,348236.3955,348696.2758,348906.582,349839.1856,350146.0299,348908.269,347309.1509,347037.2422,349598.4769,354121.5439,359555.043,365383.6263,371156.7054,376481.9869,381086.4004,384977.3733,388590.1527,392910.5846,397103.0867,400866.3238,403146.1722,404272.781,405185.0439,406909.8535,409670.65,414203.2908,419450.7375,425610.2986,431099.9009,435573.5209,438094.9098,437799.4088,435145.0916,431170.0868,427839.9765,424303.1344,420204.0422,414981.9883,410303.9322,407023.2874,406132.7842,406605.5073,407939.7135,408303.4214,408150.3283,406713.1995,404622.8302,402615.6014,401499.3378,401261.6465,401243.3473,402001.1242,402910.1823,403894.0578,403782.5688
394681,216,"Hilton Head Island, SC",msa,SC,298146.052,299224.5846,300191.3198,300947.0059,301971.2505,302848.9046,303400.7123,303642.6123,303985.6566,304530.0073,305376.585,306662.0353,308430.9749,309864.3588,310656.0592,310991.6861,311486.2084,312239.7222,312880.0906,313616.9494,314520.9595,315740.1199,316854.17,317783.0733,318670.2939,319348.3836,319567.3302,319571.0506,320340.9325,322398.5252,325955.6311,329996.9128,334011.0691,337547.2309,340910.936,345122.9398,350102.5866,356540.5756,364285.1484,373034.5465,381192.6979,388248.1165,394484.8035,401381.3069,409108.7465,417106.0011,425659.954,434569.1107,444660.6864,454886.2877,464695.6288,473630.1706,479967.2453,483476.2518,484154.3989,484578.4748,485178.4249,485817.0425,486363.6469,487245.8448,489027.5171,491224.2608,493893.9945,497623.0654,501261.8536,504813.3154,507651.5543,510564.9962,512781.1241,514518.7832,515612.9968,517075.2422,518872.2134,521139.6034,523036.5518,523795.0837
394346,217,"Athens, GA",msa,GA,186509.8893,188002.0297,189414.0813,190456.4469,191833.3451,193199.4545,194982.0619,196519.034,198371.7166,200167.2715,201881.212,203459.6574,205121.9343,206825.7923,208208.8737,209350.2072,210272.9887,211325.6576,212276.302,213751.1783,215517.4277,217477.449,219424.5707,221339.9835,223407.4788,225277.7143,226633.6726,227673.0702,228857.2219,230933.8408,234150.5279,238041.2431,242284.9737,246426.7055,250390.621,254360.4668,258024.3692,261672.5479,265661.8515,270242.1719,274644.287,277972.1901,280530.6318,283339.7287,287025.3981,291472.6048,297016.9306,303117.0175,308699.0299,313515.8743,317342.6882,320723.7289,322404.9506,322467.8861,321603.7043,320894.4335,320442.4814,320049.4112,320132.9012,320795.1358,322568.2834,324492.37,326862.778,329135.4403,331462.8055,333852.1575,335984.3934,337848.2919,339350.5771,340869.1012,342312.6915,343754.0615,345937.2397,348587.8571,351074.0671,352295.5397
394765,218,"Lake Havasu City, AZ",msa,AZ,204608.0835,206254.3942,208160.0835,209978.3687,212139.9246,214378.9584,216642.7191,218791.032,220875.0362,222848.1925,224645.2823,226521.6197,228236.3995,229843.8779,230987.5619,232172.3854,233521.853,235191.8067,236846.6523,238519.1902,240363.2055,242418.2058,243797.5189,244633.0909,245298.1209,246489.1553,247616.9664,249147.6371,251739.1935,255702.0398,260993.5942,266181.9162,271420.7623,276011.7386,280648.1875,285789.919,291989.2766,299555.7667,307941.4886,316514.5789,324321.0192,330836.4056,335376.6389,338877.6277,341794.8584,345069.1324,348567.7081,352851.0711,358146.9594,364819.1506,371847.6349,378273.3278,381628.6672,381240.0369,377862.3371,374151.5683,369786.3419,365404.3175,360435.3832,356589.1014,354178.3483,353633.1534,354800.2649,356351.4718,357574.5053,358073.8627,357988.936,357503.5421,356888.7843,356140.9583,356350.3317,357356.9857,358915.4901,360057.5276,360883.4429,361082.2113
394485,219,"Columbia, MO",msa,MO,190006.8984,190305.1551,190683.8374,190817.3206,191271.2298,191740.8268,192199.5744,192535.9112,192930.4083,193306.1109,193689.39,194341.6963,195269.1182,196319.8685,197146.2911,197984.512,198698.8242,199497.7973,200152.1585,201127.9885,202201.5158,203551.5043,204499.1507,205278.946,206064.7672,206907.6795,207674.1465,208267.149,209359.7657,211113.4395,213714.5943,216720.8869,220100.5784,223017.8301,225366.3643,227363.3488,229539.2205,232582.0124,236711.884,241748.0689,246081.2851,248872.7301,250330.5959,251693.7941,253501.545,255829.1302,258955.3768,263029.2423,267734.7818,272768.114,277246.7912,281219.6543,283544.0033,284164.8978,283449.2687,283001.135,282895.0489,283052.0288,282572.7543,282130.8888,282131.2459,283400.0916,285953.9116,288906.5882,291109.0754,291998.3254,292031.6283,291735.1788,291296.7896,290681.1807,290677.3902,291606.2566,293544.5367,295521.595,297166.6879,298286.8145
395114,220,"Springfield, IL",msa,IL,138082.8061,138139.5202,138333.063,138057.869,138058.9235,137812.6654,137944.8829,137600.4815,137555.252,137439.9263,137842.1777,138762.5662,139999.6754,141102.1661,141917.7434,142237.0677,142219.1936,142099.122,142064.5068,142428.6808,143185.0181,144296.6411,145091.9844,145745.4006,146342.5488,146934.7498,147146.9373,146849.5649,146757.0841,147207.6175,148801.4927,149898.0367,150379.7626,149817.1335,149509.6179,149654.0797,149879.1798,150087.8689,150705.9723,152212.5199,153845.6983,154600.2104,154303.8926,154132.9075,154466.3503,155420.5883,156908.6667,158565.4362,159948.7476,161345.9778,162010.311,162602.172,162141.9602,161672.8181,161121.8739,161518.8756,162330.7591,163553.3148,164301.8783,164413.8715,164575.6621,165450.2636,167228.2925,168990.3832,170337.6807,171563.0578,172273.823,172991.2542,173525.9482,173864.6703,173530.1327,173678.821,174886.4031,176706.9243,177774.5676,178103.2526
394691,221,"Houma, LA",msa,LA,179365.6927,179534.7546,179594.6531,178874.1026,178290.2656,177797.7026,177794.2735,177661.3091,177801.1113,177827.6406,177630.0534,177674.7439,178437.8186,179435.7023,180979.1326,182197.5329,184257.6256,185699.8989,186993.2604,188074.2718,189737.5893,191891.7332,193343.7945,194186.3757,194407.7399,194983.9282,195408.3636,195813.0829,196443.5458,198168.9448,200954.5087,202793.1811,202676.0366,200392.6882,198452.7893,197412.6194,196649.9459,195819.435,195085.883,195305.6315,195467.4443,195185.3263,194387.6628,194122.8259,194321.2444,194654.7501,194694.8619,193859.3827,193355.6436,192811.1983,192424.4161,191865.1843,190513.7767,188287.6967,185238.4963,182455.3585,180240.4733,178079.4492,177238.6382,176800.1574,177779.3974,178513.5728,179849.9686,180147.8186,180332.497,180612.5037,181289.9257,182009.2537,182611.2685,183033.6505,182575.2862,182136.6479,182636.8071,184148.085,185116.3238,184742.3466
394872,222,"Monroe, LA",msa,LA,127327.6145,128130.5869,128778.5685,128785.3223,128344.4802,128084.7697,128052.1014,127856.8724,127937.0613,127707.444,128056.6139,128245.0989,128978.6953,129560.1589,130051.7889,130092.0449,130026.4738,130069.0703,130040.6693,130039.9946,129926.3157,130149.8475,130604.1909,131225.5486,131561.9526,131664.1657,131431.0357,131198.6894,131179.0294,131741.5675,132938.7762,134400.0337,135660.0675,136231.1691,136191.9639,136371.3152,136901.9493,137682.1509,138410.7922,139592.6156,140192.6411,140286.2006,139695.4079,139839.8963,140545.1196,141563.0486,143490.2019,145677.7287,148295.3736,150084.9893,151640.6803,153030.6639,154006.4516,154437.2172,154308.9109,154284.4349,154250.3996,154365.6716,153397.3538,152253.199,151053.7355,151538.4647,152645.9115,153279.6777,153070.6867,152169.3806,151710.579,151590.6509,151758.0552,151854.1624,151457.2845,151320.5528,151551.8593,152364.5407,153791.6949,155192.4981
394565,223,"Elkhart, IN",msa,IN,153978.7738,155243.5519,156293.8033,156977.2798,157566.8297,158295.1341,159140.9222,160156.8719,161094.007,162176.4129,163527.0255,165032.6381,166339.4365,167280.6702,167794.0637,168185.2197,168385.2491,168608.2123,168854.5373,169260.3349,169965.0679,170670.0088,171680.4034,172708.6434,173912.4348,175070.1645,175895.3492,176524.7637,177128.2413,177978.3077,179568.537,181717.6168,184414.2058,186977.8917,189203.305,191697.7443,194864.5945,198315.4946,201749.7771,204813.4864,207326.6672,208715.5227,209061.5222,209305.8235,210304.4894,211910.898,214817.1925,218924.2253,223787.4812,228306.5647,231541.5409,234125.7099,235587.0467,236257.4383,236049.1637,235714.5359,235382.6548,235186.3477,234737.3771,234652.2696,234838.9185,235784.2392,237155.9635,238996.5921,240625.7307,241747.587,242315.9268,242422.4363,242360.1923,242291.5621,242879.4289,243647.4625,244586.168,245367.0076,246016.9002,246631.5005
394726,224,"Johnson City, TN",msa,TN,147490.1761,147640.7209,148121.4056,148469.9957,149010.7495,149538.449,150009.3316,150099.1459,150228.81,150612.0254,151709.2654,153209.8407,154767.4778,155864.0657,156604.7882,157439.5196,158089.2307,158728.4829,159239.596,160079.446,161265.3433,162403.9079,163986.05,165258.9206,166611.2317,167928.9292,169005.0596,169783.3723,170011.4613,170701.6272,172205.7587,174168.881,176365.5921,178313.1225,180269.3784,182379.1908,184838.0804,187577.985,190758.4029,194821.6371,199320.0976,203207.3235,205839.797,207788.346,210313.8163,213134.5089,216627.7589,220233.0129,223645.1451,226824.9973,229322.8403,231830.6969,233450.4544,234038.2101,233684.426,233248.4814,232957.6053,232814.0238,232533.6207,233192.1111,235029.3873,238034.8102,241141.5069,244250.1012,246908.7273,249683.1098,252314.5821,254653.7835,256452.6406,257393.4775,257503.2388,257804.4068,258837.6131,260770.0646,263005.8224,264741.7458
395247,225,"Yuma, AZ",msa,AZ,152656.3593,153516.283,154309.2512,155068.6383,155858.5674,156515.6697,157098.5994,157780.64,158860.6655,159820.4695,160935.4291,162055.3822,163406.4255,164554.4924,165369.7457,166061.7509,166578.2774,167184.1694,167573.1233,168260.3296,169128.5296,170157.9275,171540.703,173046.8255,174790.4911,176162.9537,176897.0297,177615.4541,178594.2034,180308.6203,182656.6619,185494.0998,188787.4687,192181.4824,195583.4888,199126.9858,202947.9028,206965.3025,211315.6663,216041.4884,220506.0351,224072.0822,226577.6627,228792.4043,231374.9192,234460.9885,238740.3862,244193.2765,250438.1453,256612.5229,262064.9749,266955.3196,270094.9167,271240.8533,270825.4296,270288.1189,269662.9208,268501.7068,266356.2517,264428.5025,263475.8109,263972.172,265085.7289,266646.7128,268294.6551,270334.3314,272082.3721,273340.2234,274118.0677,274623.6139,274895.0599,275100.3418,275331.3933,275784.037,276462.2897,276847.1764
394623,226,"Gainesville, GA",msa,GA,213157.5625,214153.7966,215192.045,216181.623,217626.8075,218972.7257,220433.331,221162.7369,221889.0942,222821.6214,224441.7856,226130.3969,227557.5989,228456.2203,229326.5525,230261.3939,231231.6218,232196.6513,233038.4566,234071.0325,235145.9372,236484.0648,237894.2374,239351.9601,240661.272,241887.3795,242343.5451,242582.4131,243292.791,245470.4006,248857.8759,252900.5114,257196.3871,261568.7045,266026.9729,271005.4287,275898.5949,280797.9686,285557.9975,290849.2125,295904.9317,300264.9476,304181.8736,308453.7366,313568.7079,319080.4337,325959.2445,334009.0659,342521.4782,350567.4194,357065.4561,362467.7684,365467.2682,366773.8735,366497.3718,366081.6934,365001.3374,363681.0994,361938.0357,360987.2487,361018.6814,361978.8134,363841.4697,366172.9286,368589.1743,371114.9486,373469.8295,375595.4958,376893.9684,377733.2763,378454.9832,379673.0186,381783.1158,384301.4493,386560.2886,387570.6666
394716,227,"Jacksonville, NC",msa,NC,156091.9519,156625.9614,157217.5888,157778.0329,158535.5075,159449.3325,160342.2296,161223.5542,162279.6747,163759.7493,165359.365,166943.4743,168321.2504,169463.2693,170280.0848,171032.3045,171893.2552,172908.6496,173785.6138,174781.4038,175934.965,177217.8634,178453.4737,179457.564,180401.3957,181005.8327,181329.8993,181553.2604,182076.8546,183143.2267,184623.0598,186467.6825,188581.2114,190777.6566,192954.4708,195094.72,197372.6935,199686.3649,202183.7023,204834.7665,207567.9046,210006.561,212046.5469,213798.1147,215881.8616,218163.2777,221589.367,225630.4148,230379.2244,234807.5922,238618.2718,242248.4653,245275.3995,247863.1558,249662.972,251437.2691,253160.0254,254891.3987,256296.3815,257653.2735,259030.0094,260531.2557,262212.3388,263978.457,265337.4666,266526.7721,267393.8427,268380.223,269379.3009,270349.237,271398.9917,272462.7862,273798.3126,275087.045,275983.6979,276210.1448
394597,228,"Florence, SC",msa,SC,121538.3608,122099.9396,122497.2499,122797.4916,123395.8988,124044.5849,124582.806,124455.8192,124256.1218,123945.6712,124381.7079,125577.2616,127417.548,128491.9191,128701.5832,128513.845,128646.4744,128886.0969,128966.9319,129254.1505,129848.1464,130378.1577,130867.4157,130992.123,131408.9496,131870.508,132499.3713,132950.0202,133486.5947,134296.361,135610.9081,137294.1518,139237.1796,141149.9896,142929.2054,144735.974,146538.8896,148125.2183,149826.9119,151730.0403,153495.7406,154843.4758,155624.1116,156778.7274,158212.8628,159777.103,161880.2491,164035.6962,166174.6669,168016.2134,169782.1749,172040.4218,173804.3469,175194.4641,175914.8653,176459.7693,176581.8659,176277.4772,175431.5218,174771.4347,174662.3453,175296.7399,176078.1961,176943.5996,177448.7943,177527.4731,177406.8948,177649.4168,178756.151,179755.693,180163.842,179990.0638,180136.4015,180823.2931,181627.8809,182373.7003
394680,229,"Hilo, HI",msa,HI,359781.4484,361750.3679,363130.2143,364019.2471,364917.8517,365499.2465,365750.7607,365139.8137,364658.9265,364783.357,365403.8828,366285.0909,367407.8164,368899.6166,370419.1311,372215.0603,373996.3492,375504.6614,376361.5727,376833.9127,377855.7595,379003.5128,380721.8116,382911.6649,385006.1981,386264.6328,385518.2145,384533.7393,384968.7184,387685.2659,391798.8131,396441.5582,401972.502,407806.1964,413251.7616,418672.1742,424519.6555,430395.2072,437115.1335,444781.8149,452864.2897,458920.7853,463691.5285,468771.9488,474356.4036,479324.9422,488814.9514,502101.6564,519862.4331,535030.7862,548779.2081,559422.0175,566407.2041,568630.0498,567573.7638,566328.7849,564670.128,562721.473,559406.3808,557687.7293,555731.3286,554917.5832,552529.9585,551083.2536,550397.7539,551354.5599,553321.3842,554291.4554,554675.7536,553791.2024,552831.2388,552203.1695,554197.8666,557997.9004,562567.6279,565205.0533
395118,230,"St. Cloud, MN",msa,MN,197992.5569,198733.0669,199563.0012,200278.3534,201631.2242,202897.5704,204319.1003,204931.3576,205584.2126,206166.3488,206984.5168,207769.2218,208601.9272,209609.0548,210664.2332,211614.7298,212375.3576,212835.207,213217.5831,213721.0076,214570.0229,215312.0711,216333.7342,217644.623,219427.548,221050.4746,222053.6071,222991.9769,224228.9393,225890.7675,227944.3666,230076.8333,232509.3046,234787.7912,236764.4939,238774.6413,240942.1536,243982.1679,248078.8929,253113.5444,258102.1268,261651.0213,263453.2878,264395.1127,265576.4441,267281.5825,270036.7315,273529.5374,277811.3541,282467.5052,286621.7201,289934.9664,291062.9404,290527.7092,289085.9835,287973.5818,287305.7263,286843.6377,287078.8791,287835.4068,289197.2085,290394.7016,291669.3637,292902.7024,293875.0569,295028.2085,296373.1551,297581.7822,298496.3117,298776.2874,299173.8978,300013.3802,301495.189,303141.7129,304142.5689,304422.1175
395011,231,"Racine, WI",msa,WI,173978.2348,175392.1748,176844.2436,178209.2403,179753.0563,181127.5719,182513.138,183494.9706,184602.0418,185883.838,187023.0529,188263.1937,189259.9575,190401.5551,191377.3407,192015.0245,192423.1973,192761.7472,193255.2299,193877.3876,194637.3467,195558.0119,196515.1286,197537.4705,198973.3785,200635.6674,201612.7989,201573.012,201449.7869,202078.5726,204000.2468,206743.0339,209952.8817,213097.2648,215699.9953,218329.1322,221113.0461,224414.5247,227981.6032,231422.5714,234240.9911,236041.2308,237043.1624,237736.9751,238457.6616,239033.9433,240191.2815,241976.0531,244780.2696,248237.9925,251767.9368,255063.016,256722.0528,256684.5584,255299.8377,253876.9619,253204.5636,253329.1482,254477.5344,256069.5018,258385.3582,260892.006,263745.0569,265810.9993,266981.2419,267775.7619,268716.3974,269668.5891,270326.3186,270279.4413,270758.9034,272037.432,274598.2149,277341.6119,279135.4177,280440.4765
394380,232,"Bend, OR",msa,OR,400499.0518,403581.3475,406317.7951,408128.3519,410340.343,412131.3407,413828.4164,414960.9411,415816.4111,417489.175,419446.6679,421463.7472,422879.9931,423503.4489,423444.8629,423420.6623,424149.6267,425959.2951,428141.0333,430591.8339,433437.3477,436500.2388,440555.5706,444614.5926,448717.1907,451683.51,453209.461,453561.4678,453807.2999,456214.98,461488.0035,469773.0936,481015.7302,493832.9164,507522.9814,522060.9637,538914.2598,558337.0702,579240.5532,598211.9611,613534.9526,623307.1754,629742.2131,634704.547,640215.4598,646227.2116,654214.1488,665412.2792,680056.3551,695044.3352,707405.8143,714742.2295,713831.6819,705031.398,691259.411,679051.4084,669098.9405,661364.2263,653702.8717,648412.6787,645019.8239,645273.2304,647394.6937,652357.7356,657912.8932,664274.5682,669669.9716,674268.639,676507.0927,676329.1431,673972.7075,672447.0885,672881.9098,675266.4587,677849.4741,679418.6947
395047,233,"Saginaw, MI",msa,MI,91311.47628,91973.93991,92674.15145,92989.79438,93409.06065,93776.98813,93962.22263,93708.59082,93694.16762,93965.23527,94910.14451,96239.38946,97940.17827,99464.89828,100506.1733,101273.4276,101612.3957,101949.7987,102041.8175,102836.3009,103913.4174,104992.6083,105563.1776,106224.2817,107163.931,108363.1131,109012.1113,109179.5482,109398.2575,110238.0233,112023.482,114209.9791,116538.9962,118554.8962,120536.209,122691.9544,124922.7339,126661.5567,128595.486,130692.1175,132171.4489,132076.8476,130948.9298,130450.8172,130812.0503,131281.3083,132560.3264,134894.8973,138087.9884,140869.7151,142726.2572,144577.056,145918.6457,146630.4234,146488.4457,146440.0178,146749.2447,147159.5272,147774.5542,149026.2689,150632.8278,152005.8206,152778.7727,153489.51,154100.4962,154585.6506,154716.8044,154819.1248,155268.804,156258.9521,157446.0026,159020.5094,160670.7413,162468.2889,163482,163874.2502
395202,234,"Warner Robins, GA",msa,GA,144346.2997,144916.3539,145564.4543,146085.6004,146667.3451,147183.9361,148066.1975,148712.8961,149528.1329,150324.0766,151424.5266,152656.0578,153798.4856,154509.9835,154829.2918,155037.1025,155369.6196,155915.0917,156383.5988,156995.7813,157649.2757,158390.0835,159265.4442,160242.4991,161424.3053,162521.5411,163103.6497,163360.5562,163624.1354,164437.4987,165752.8663,167375.3558,169142.1937,170663.0096,172136.3447,173641.8246,175403.5419,177329.3721,179637.7473,182210.5226,184527.7295,186355.0331,187693.3386,189282.346,191145.1917,193258.4098,196259.905,199874.3275,203909.943,207406.8466,210501.4419,213571.3718,216263.819,218409.0057,219836.8898,221212.6785,222412.3984,223283.0677,223432.7303,223584.785,224438.4338,225867.4134,227618.0332,229153.4301,230611.3853,232107.5298,233463.4518,234751.492,235694.1158,236269.0827,236709.7997,237203.3491,238066.9828,238941.2068,239558.7612,240042.9077
395151,235,"Terre Haute, IN",msa,IN,96153.46521,97096.02741,98226.10952,99124.10476,99926.11756,100559.0078,101083.6506,101385.8038,101604.7459,101712.592,101951.7733,102369.6732,103281.957,104155.487,104768.8608,105204.9605,105719.3837,106255.8841,106451.7731,106553.8632,107117.0397,108083.9933,109020.3433,109636.1202,110211.0283,111145.365,111913.9492,112375.4911,112675.5199,113483.6382,114878.1935,116313.4124,117972.2925,119438.4257,120786.8512,121747.607,122902.9573,124259.451,125728.6348,127378.2245,128733.63,129741.866,130018.9119,130598.8476,131510.8694,132792.3369,134259.5283,135753.494,137108.5787,138329.1802,139384.9136,140834.8991,142016.0783,142814.2811,142957.2465,143125.9444,143338.8799,143533.7996,143643.8292,144280.777,145418.7199,147136.2045,148706.1651,150237.4448,151215.2027,151685.881,151696.2792,151460.8996,151393.89,151170.4006,151144.766,151684.7045,153219.1247,154994.2126,156591.7698,157561.8091
395162,236,"Torrington, CT",msa,CT,238443.3155,238240.1847,238264.8532,238082.271,238111.2516,238195.2011,238353.5988,238241.4639,237856.1013,237466.0725,237355.6184,237660.3793,238229.743,238772.8456,238995.1503,239266.8856,239652.1078,240328.1086,240413.9373,240384.5932,240458.2113,241180.7411,242236.179,243331.8763,244556.3254,245795.4632,246540.939,246863.4237,247313.6314,249226.5403,253021.736,258341.1806,264709.4611,271255.8678,277690.7811,283943.9022,289967.3652,295430.3673,300934.8205,306573.4971,310944.2947,312533.562,311323.6506,309523.8204,308642.8538,309353.7723,313043.4605,318892.7591,326420.9431,333498.4698,339770.7288,344640.0521,347311.4415,347566.3238,346524.5875,345813.6264,345861.7351,346123.6574,346268.1278,347066.3801,348776.0998,351712.6773,355047.9641,358846.7758,363312.7083,368295.5558,372930.4783,376156.4519,378697.7945,381008.9065,383018.5729,385343.2039,388261.2876,391909.7091,394735.5905,396653.1545
395009,237,"Punta Gorda, FL",msa,FL,202665.3644,203198.5475,203554.0952,203936.1451,204969.0399,206169.9291,207502.3377,208295.3735,209075.211,209964.5078,211104.6231,212444.4697,213431.6993,213946.9815,213913.6925,213907.3613,214327.6391,215224.4647,216272.6352,217322.603,218433.6967,219661.6344,220942.7652,222012.7233,222792.6847,223045.928,222812.798,222676.3032,223438.255,225462.0171,228403.7039,231656.1899,235226.3814,238903.4509,242412.6309,245831.1204,249304.7195,253828.5605,259723.6563,267441.6464,276290.6489,284838.3455,292433.8103,299174.4791,305803.9025,312312.9817,319835.7382,328164.9056,338103.889,348769.2608,359857.924,369829.1587,376485.7444,379039.6836,378073.4511,376025.3652,373878.5792,371712.2708,368657.7838,366369.0844,365068.0143,364877.6305,364378.233,364439.8712,364580.0214,364715.4468,364041.8626,362968.723,361996.1945,360890.8755,359672.1867,358520.9227,357651.6875,356642.1814,354717.7858,351516.029
394386,239,"Billings, MT",msa,MT,251195.4149,251752.9572,252375.5035,252981.219,254007.7202,255136.58,256203.4266,256941.6939,257544.3652,257946.3192,258641.6692,259637.415,261168.2455,262930.839,264303.1259,265437.3963,266303.2582,267916.7903,269215.7859,270299.8195,271044.3465,272080.833,273360.9366,274320.3072,275497.5001,276675.9857,277565.9331,278036.3894,278739.3009,280416.9064,283166.346,285665.6609,288140.121,290532.2088,293606.0942,297283.9649,301347.4635,305644.327,310404.4429,315436.7356,320435.359,324912.9012,328697.5405,333064.9471,337921.361,343080.7469,348485.4683,353408.2271,358436.1914,363570.6752,369046.5131,374511.7395,377974.0541,379321.2265,378984.5947,378950.2982,379433.36,379779.3645,379229.9443,378712.7109,379004.4128,381061.738,384202.9512,387782.1548,391084.7572,393960.2357,396115.6177,397197.62,397080.6772,396381.9623,395957.5616,396656.7069,398180.0999,399834.0427,400208.2065,399955.0536
395018,240,"Redding, CA",msa,CA,261152.5454,262464.9789,263619.0073,264326.7652,264900.8836,265178.1386,265815.2491,266074.2856,266589.6977,267177.2628,268740.5919,271044.5684,273820.7574,276318.43,278237.8248,279666.6749,281008.5338,282033.8806,283281.0954,284163.2962,285297.1671,285913.4522,286991.7933,288040.3977,289750.566,291311.8729,292257.084,292361.6913,292507.887,293818.4273,296954.1292,301638.9759,307306.7472,312937.7032,317847.3992,322270.3026,326970.7835,332531.1562,338737.9126,344799.0018,350128.9783,354237.4242,356949.3007,358874.4699,360609.6103,362672.1454,366174.2058,370771.1918,376638.102,381981.5417,386391.1496,389412.2394,390398.9004,389103.0569,385823.273,382226.6677,378476.5488,374874.098,371152.2745,368431.8652,367331.1405,367988.0116,369886.3302,372096.0429,373876.8126,375180.4794,375471.9369,375118.9606,374248.8302,373549.4788,373210.9806,373320.3976,373893.6242,374738.8037,375785.3999,376497.1071
394748,241,"Kingston, NY",msa,NY,220501.6626,221313.4772,222708.1105,224560.5402,227035.179,229589.3072,231653.7915,232573.6247,233076.5306,232949.0341,232725.611,232624.9537,232880.6641,233425.1201,233804.1153,234577.0709,235881.1947,237688.374,239358.6774,240700.0853,241975.0128,243070.5616,244140.424,245429.7863,246844.7652,248239.9654,248715.2184,249268.9774,250531.8622,253454.3327,258485.4209,265389.0133,273742.1997,282238.5868,289922.7473,297392.2766,304148.2076,310622.5571,317236.5767,323991.1629,329249.695,332274.167,333173.4249,334015.9972,334577.892,335657.5048,339054.5415,344808.3587,352643.0683,360388.1507,367555.495,373901.4094,377496.4255,377662.8103,375993.292,374337.7137,374025.5795,373702.5492,373693.1762,374521.1001,375343.9023,376693.3913,378051.7341,380748.0932,384389.0947,388251.9729,392046.3837,395022.8545,397304.1938,398506.3888,399522.112,401252.0624,404737.2553,408986.5235,412961.0049,415820.4431
394960,242,"Panama City, FL",msa,FL,197265.1229,199296.2788,201626.7448,203687.5517,205846.7733,207889.4281,209993.7987,211968.4535,214057.38,215759.2116,215828.9652,214221.0812,211867.9624,210316.0812,210098.1998,211003.0422,212293.1597,213767.0785,215013.2871,216599.6991,218638.4794,221215.54,224805.2401,228629.8829,232189.4465,234357.5973,235094.451,235538.3048,236271.8525,238032.0651,240404.5979,243219.8983,246301.5171,249330.4163,252875.7126,256768.0518,260820.7242,264435.1073,268276.3067,272839.3036,277811.9027,282413.4902,286536.101,290710.6514,295608.9719,300499.3551,306828.8183,314419.9562,323454.0055,331968.7143,339230.6915,345450.9031,349547.7956,351269.3333,351081.2142,350927.4114,351090.4897,351273.6362,351204.4997,351872.9082,352829.3155,353970.5168,354503.6499,355176.3306,355484.3062,355826.8199,355519.1106,355238.8371,354579.3988,354270.0471,354872.3354,356289.1545,357460.6175,356922.7332,355097.5394,352114.6396
394729,243,"Joplin, MO",msa,MO,125736.8313,126548.1107,127163.7665,127288.3789,127296.9705,127308.0572,127765.1705,128455.8791,129219.241,129623.0797,130433.6912,131745.6674,133601.5444,135191.2831,136388.4895,137276.3811,138051.2586,138729.6303,139175.2256,139933.269,140958.1783,142080.9927,142725.5764,143167.0444,143639.0357,144057.8836,144502.0897,144864.6479,145539.6905,146621.9342,148396.3168,150600.9045,152827.5515,154503.0588,155956.8731,157750.5886,160230.7453,162787.9937,165280.7421,167654.1078,169277.1777,169993.3975,170134.6883,171419.9754,173774.3123,176590.2008,179812.9805,183171.4795,187046.1118,190745.2276,193881.3063,196485.2123,198090.5899,198747.906,198452.0622,198172.3726,198161.6105,198613.0905,198844.2429,198917.2074,199542.3247,200823.3911,202672.2054,204222.4801,205359.6632,206197.4622,206637.0588,206919.3167,207113.5251,207283.0747,207750.8977,208677.5297,210048.2009,211193.5051,211861.3802,212238.0456
394539,244,"Dover, DE",msa,DE,215243.1693,216516.0596,217744.7026,218534.5037,219103.2718,219515.9126,220082.3589,220339.3829,220274.7297,220388.6918,221583.9312,223719.6422,225927.9916,227670.3926,228898.8007,229752.4642,230455.0607,231227.8841,231699.3023,232054.0495,232692.1367,233904.5284,235371.1283,236827.2225,238318.7385,239718.8405,240472.3009,241013.1451,242121.2193,244228.6541,247191.553,250611.8087,254534.5181,259034.7727,263317.8634,267419.8786,271072.5729,275035.7311,279148.5919,283444.8463,286891.6484,289031.6475,290053.7302,291271.4536,293508.8104,296416.4692,300591.5478,305520.7816,311015.3011,315978.744,320250.5384,323847.4578,325988.5638,326829.9694,326232.3394,325472.4954,324899.1602,325250.8044,325947.0245,327242.0182,328661.234,330349.1788,332206.9971,334578.1217,336981.5023,338962.3857,340801.6214,342621.4831,344942.3896,346697.6588,347827.5131,348377.7514,349446.6817,350909.0882,352162.0767,352797.8104
394559,245,"El Centro, CA",msa,CA,221590.2175,223365.8938,224858.4218,225614.086,226096.6811,226160.8726,226175.9753,226007.9496,226084.8781,226663.9582,227690.4581,229563.0899,232520.7082,235784.9949,238710.5849,240841.7186,242257.5723,243261.898,244156.5781,245787.7528,248383.0996,250962.1798,252222.2482,252207.3035,252024.962,252832.6799,253724.0312,254667.6232,256054.0835,258291.3581,261614.7003,264169.0765,266319.6262,267550.7623,269576.2241,271731.9275,274185.9139,276348.9151,279712.6078,283666.5268,288498.6695,291992.8645,294581.9835,296655.7655,299623.6492,303144.9106,306100.73,308334.6901,310058.1759,312034.2758,314325.6983,317019.8298,318975.1017,319062.8619,317236.9115,315401.6783,313611.3547,312937.8136,314698.965,315640.7997,317788.2481,319721.1019,323043.4076,324386.933,324658.9633,326302.9778,328735.5683,330560.7027,332010.8699,333498.6292,335250.9473,336978.925,338995.3695,340923.1631,343026.4929,345222.6962
394712,246,"Jackson, TN",msa,TN,116989.724,117085.5608,117492.3585,117897.4922,118450.2863,119069.3029,119701.9606,120013.9959,120343.1475,120649.2321,121048.1444,121587.6659,122584.6614,123831.6986,125244.3626,126645.6587,128022.869,129432.996,130709.0888,132106.3821,133409.3685,134518.8213,135451.2828,136039.1224,136495.5822,137379.4177,138428.4337,139576.1591,140321.028,141457.4076,143383.1751,144977.4285,145986.8389,146029.1753,146539.7809,147585.5583,149215.4309,151345.9411,154672.8038,159018.9591,163823.7686,167507.9079,170245.0446,172818.4806,175202.9865,177188.8765,179192.8026,182075.1142,184859.1484,187444.5512,189340.1845,191699.7893,193322.8151,193810.0559,193079.9184,192177.5898,191674.2012,191403.2285,190742.7387,190658.4162,191415.5505,192656.2263,193608.6012,194037.7947,194308.1053,194427.0806,194749.3597,195000.2004,195237.9859,195129.0202,194393.4517,194096.7874,195299.5432,197659.6106,199921.6991,200889.5932
395246,247,"Yuba City, CA",msa,CA,278919.6884,281503.1313,283772.3904,285219.1269,286315.6046,287265.6283,287849.5845,288365.5623,288468.1203,289101.806,290187.5174,292051.5071,294223.023,296035.4315,297729.837,299148.7656,300659.0888,302161.6246,303771.3778,305700.6063,307716.5175,309533.6442,311496.3728,313313.6534,315608.0103,317378.8815,318508.5088,319054.0413,320092.054,322265.4077,326259.992,331637.0734,338222.3752,344866.5718,351314.2025,357921.3364,364756.1195,371321.3285,377590.3234,383743.1285,389526.5179,394025.988,396920.6808,399357.9485,402332.3164,406120.9481,411692.4714,418114.054,425998.3704,433671.179,440249.4446,444433.906,445521.8646,443483.9912,438841.4975,433294.8563,428115.1982,423449.405,419110.3193,415277.0681,413074.1772,412512.5141,413565.3411,415368.3477,417489.5174,419856.5894,421327.5572,422389.99,422770.8639,423093.0465,423284.9495,424061.8181,426047.8939,428566.1232,430952.2783,432255.8897
394406,248,"Bowling Green, KY",msa,KY,154547.7648,155053.5784,155784.2292,156408.0492,157307.6788,158134.6365,159033.6547,159505.0941,160142.2613,160745.8183,161273.8862,161700.3014,161839.8681,162041.2209,162361.4023,163189.9463,164325.4046,165270.5824,166080.3961,166917.2946,167987.9207,169002.9492,169934.4955,170768.7403,171634.1896,172274.5268,172846.0201,173462.2899,174647.9083,176246.3956,178335.6315,180601.9738,183080.9897,185438.0492,187532.5524,189672.3725,191893.35,194421.9562,196978.4399,199744.2677,202257.8456,204114.1551,205153.9391,205928.6032,206969.6721,208319.0265,210869.4126,214333.3149,218664.5628,222684.4133,225977.7458,228754.3225,230633.2295,231829.6178,232313.6602,233079.655,234068.0496,235055.0886,235205.9963,235155.5639,235567.7157,236889.1476,238829.377,240607.2264,241963.3187,242813.7756,243329.0937,243824.0801,244281.9882,244894.8226,245399.1856,246203.8525,247329.1251,248706.063,249775.879,250258.667
395119,249,"St. George, UT",msa,UT,299697.7525,302887.4591,305674.5818,307964.45,310592.6268,313200.6587,315671.0844,317672.7088,319692.1062,321570.0043,323646.8783,325939.9354,328301.7356,330438.2005,331666.8912,332302.0157,332579.9281,333148.4264,334141.4879,335720.2523,337950.2717,340775.9506,344067.3186,347394.1933,350605.3844,353119.5933,354539.1455,355220.0196,356179.5472,358421.8916,362605.2999,368001.2158,374851.2264,382094.9625,389874.1587,398396.8484,408772.704,421657.1666,437156.9345,452849.2232,467005.25,478335.9393,486724.887,493765.6485,499471.9345,505351.4518,512519.9699,521699.8385,532848.0812,544860.7725,554769.4461,560923.2782,560184.7319,554837.9401,547168.6782,540003.7254,533820.0552,528386.149,524063.5182,521314.4356,519835.6078,519430.0633,519857.0787,521456.4533,523086.032,524377.5168,524678.3717,524566.9683,524338.8796,523781.8412,523611.2853,524427.4687,526598.656,528846.0736,529638.1394,528731.6179
394896,250,"Muskegon, MI",msa,MI,133226.6556,134462.8989,135765.5789,137237.2195,138356.8067,139191.4989,139726.327,139871.7402,140158.4283,140646.3237,141793.2205,143058.7341,144555.4511,145787.9073,147079.3932,148014.0682,148809.702,149644.1288,150483.292,151808.0103,153331.2778,155038.8123,156290.4996,157610.4406,158843.5502,160168.0471,160581.7573,160664.5591,161214.071,162798.7544,165428.6098,168610.3471,172052.4776,175256.3192,178456.7575,181899.716,185517.0282,188911.368,192491.2454,196311.9377,199285.5455,200583.6553,200455.8363,200329.1427,201108.8654,202260.5837,204754.738,208766.7688,213884.6454,218879.6377,222343.2015,225118.7308,226461.8231,226667.3879,225628.3936,224428.3413,223334.3004,222482.831,221257.926,220316.6934,219415.1896,219711.5786,220918.0616,223099.7744,224958.2568,226308.8681,227093.8137,227865.354,228526.874,229234.0922,229900.7343,230942.3031,232763.4307,235028.3571,237084.3558,238516.2673
394299,251,"Abilene, TX",msa,TX,135086.3048,135860.7118,136830.4526,137648.2194,138537.4314,139392.9161,140169.9815,140751.8861,141285.8425,141692.9392,141769.881,141559.9533,141475.8215,141676.6677,142132.5691,142543.013,142883.9851,142999.8919,142898.147,142992.414,143369.5908,144121.0901,144922.3079,145805.3388,146495.534,146916.3629,147019.0648,147175.3866,147903.9507,149256.953,151319.5727,153353.7221,155188.6361,156555.9675,157892.4567,159359.0774,160767.6278,162266.3838,164040.0593,166190.9395,168309.6962,170017.5209,171264.7397,172647.6759,174324.7696,176279.0278,178490.1061,180764.1074,183037.5556,184934.5026,186490.6528,187923.3086,188856.7941,189210.1474,189070.679,189131.182,189401.3225,189599.0454,189745.4916,189934.8947,190326.3142,190833.619,191556.7882,192335.3971,192714.1787,192985.5207,192978.8956,192888.1192,192530.8133,192202.4996,192263.6819,192991.4834,194330.504,195783.3465,196483.2841,196591.2352
394707,252,"Iowa City, IA",msa,IA,215028.8518,215936.368,216810.7207,217439.596,218245.2756,218688.2278,219103.3666,219171.7117,219403.8412,219673.1058,220271.8387,221334.4497,222591.3473,223748.8819,224536.1423,225165.933,225667.4789,226175.09,226700.6791,227423.0164,228167.5128,228913.9161,229363.6624,229667.7151,229940.2766,230324.2151,230715.8216,231024.2041,231383.2349,231960.5937,233255.9556,234665.4253,235872.2893,236453.3395,236903.678,237622.9714,238708.0939,240522.4867,242903.0317,245328.1881,247387.2893,248469.246,249327.3072,250348.3592,252338.209,254610.0793,257228.7326,259648.1158,262672.2226,265621.2526,268771.2797,271155.973,272337.9759,272469.7639,272329.1844,273110.3825,274179.5892,275198.1417,275392.6809,275293.6576,275372.7064,276559.2025,278715.6015,281183.4157,282985.7461,284018.318,284610.8125,284872.665,285174.49,285261.4746,285179.1074,285539.9923,286440.5755,287753.2796,288462.0701,288709.6952
394351,253,"Auburn, AL",msa,AL,205860.9659,207229.168,208305.05,209229.416,210200.8094,211003.6215,211754.2937,212202.4479,212944.6511,213813.6164,215186.5351,216989.2441,218924.2041,220444.8703,221453.7413,222305.5059,223194.0694,223749.4694,224072.2204,224432.3759,225455.3432,226423.1492,227500.6379,228582.4169,230088.9043,231662.253,232464.329,233101.2117,234031.2789,235722.3162,238200.5444,240610.5014,243044.6041,244720.4825,245901.4169,247346.268,249318.2114,251810.9657,254902.6801,258183.1743,262053.5133,265153.947,267846.4055,270169.7315,273060.2502,275667.0963,277700.2847,278741.0478,280135.2002,282813.3855,286328.4682,289886.0775,291986.5816,292944.4638,292991.894,293191.8583,293472.0408,294066.4017,294778.2076,295534.2649,297118.6588,299120.0325,301894.6746,304621.0098,306530.484,307492.0282,307585.0856,307753.9021,308058.4495,308474.4248,309361.7513,310809.2161,312870.2592,314901.119,316260.5919,316960.7316
394860,254,"Midland, TX",msa,TX,229356.3556,231506.3815,234607.1877,237917.0784,241612.7569,245006.1571,248248.7312,251664.4743,255308.269,258803.1246,261805.2239,264334.6961,266590.6013,268673.0039,270796.4659,273082.2992,275219.0315,277272.1401,279298.423,281495.5424,283472.8668,285031.4714,286409.3576,287515.4285,288480.7633,289034.7726,288764.4354,287629.0346,286300.5774,285558.6962,285711.099,285501.6117,285261.0589,284627.624,284592.4903,284528.29,284479.8618,283909.7917,283247.799,282218.9221,281109.8522,280108.9956,279598.8059,279948.8555,281323.4565,283346.8823,285329.5434,286290.4793,286861.4825,287932.5584,289064.7323,290136.8294,290066.4702,289926.276,289161.7077,288734.4898,288200.3246,287803.8268,286732.1553,285924.7846,285297.224,286203.8241,287805.7817,290401.1766,292535.7111,294476.5368,295671.5689,296646.0874,297231.2468,297592.9159,298610.1105,300230.0708,302322.5117,304179.3694,305192.8502,305783.005
753869,255,"Bloomington, IL",msa,IL,172891.8073,172925.8991,173279.4414,173335.9391,173434.9298,173278.2561,173344.1793,173097.0957,172822.1191,172526.4557,172035.1267,171948.3064,172062.4987,172328.5113,172150.6471,171738.0992,171421.429,171441.3773,171756.6034,172140.2894,172391.0303,172784.9278,173315.467,173954.3981,174402.2507,175076.6813,176105.3204,176813.7659,177019.9359,176988.8638,177783.6342,178876.7702,180320.1905,181526.4386,183023.5861,184435.0357,185378.5621,186146.7932,187400.7888,189519.5387,191439.7713,192492.6574,192766.1431,193145.622,194126.5417,195599.1873,197753.8349,200367.8482,203772.6519,207478.4553,211075.7839,214798.4137,217807.6579,219723.6729,220240.5214,220704.8049,221011.8172,221258.2175,220534.8072,219658.2193,218835.5101,219291.9044,220659.205,222842.7673,225111.5554,227500.7098,229137.7624,230377.4149,231046.2685,231464.0323,231609.8177,231877.8047,233327.1096,235311.5875,237399.9722,238983.145
394671,255,"Hattiesburg, MS",msa,MS,152628.3286,153294.4121,153493.9022,153014.9319,152392.1471,151575.2359,150991.83,150771.8613,151170.1522,151752.0214,152535.2015,153297.9404,154521.0493,155465.338,156191.5701,156385.9251,156483.4491,156447.7313,156388.3364,156776.7177,157501.9632,158557.4465,159386.7483,160182.5935,160720.3656,161367.8,161462.1486,161443.5826,161834.9592,162942.9754,164667.664,165794.2941,166934.4811,167725.4667,168840.5118,169884.1399,171022.5077,172532.6579,174544.9678,176969.3269,179129.3539,180476.9372,181103.7982,182058.7815,183931.5147,186125.6172,187822.8005,188624.8515,189040.5366,189696.0042,190650.5243,192154.9878,193453.291,194409.3541,194364.7992,193690.6223,192742.4619,192020.2203,191356.9652,191019.5321,191674.412,193642.4784,196174.3706,198173.0516,199232.3707,199337.9589,199040.1718,198628.151,198303.6776,198204.2169,198192.4886,198602.3923,199865.1974,201566.3241,203249.5662,204264.6005
394944,257,"Oshkosh, WI",msa,WI,176155.8917,177107.0986,178124.3946,179132.0206,180463.7515,181255.4187,181745.3663,181629.2547,181807.1498,182182.5193,183049.0804,184380.8905,186108.8811,187823.0421,189149.0356,190110.2472,190651.0336,190943.5233,191218.6469,191748.3865,192537.4103,193316.3844,194378.2128,195482.8772,196839.6524,198092.5207,199167.9566,199969.4965,200846.4493,202395.2392,205016.4273,208295.1735,211271.8225,213735.8617,215570.4073,217506.5543,219452.1123,221960.2862,225444.6579,229658.1949,233156.086,234702.0393,234480.4934,233936.6478,234281.7145,235374.4154,237477.9401,240227.3541,243790.0365,247761.5944,251448.1006,254529.028,255985.0017,255901.3032,254996.4856,254263.8408,254297.4257,254707.6414,256068.5199,257620.2537,259546.8647,261292.2657,263287.0096,265166.1892,266623.3782,268025.2106,269084.8403,269723.2458,269895.23,269702.1136,269773.9278,270776.8701,273213.889,276276.2419,278762.9434,280204.3661
394555,258,"Eau Claire, WI",msa,WI,189396.0356,190619.4385,191896.2942,193021.253,194440.7161,195334.7009,196069.532,196315.502,196981.8154,197795.8656,198928.7777,200289.3546,201997.6373,203609.7935,204960.7446,205811.0248,206294.4344,206738.4031,207279.9607,208365.7412,209682.5741,211166.8074,212512.2528,213586.5042,214671.9493,215928.2604,217368.9235,218700.8634,220028.9199,221950.0792,224857.437,228313.9362,231854.115,234991.3586,237606.8283,239889.7235,241934.0993,244505.8322,248301.5467,253093.6656,257450.9505,259761.5334,260407.6436,260402.9847,260889.6774,262137.7666,264604.961,267867.9827,271507.473,275874.58,280363.6665,284336.0286,285922.415,285486.9024,284222.5682,283392.1591,283404.4181,283731.2178,284705.0302,285765.738,287680.77,290209.4114,293140.0207,295251.3946,296453.0924,297871.4127,299404.2175,300140.2455,300166.2285,299849.7133,300430.7517,302048.1486,304784.0298,307726.1646,309398.6247,310285.2266
394651,259,"Greenville, NC",msa,NC,139478.9489,139882.8387,140224.2488,140307.299,140581.2043,140980.1525,141648.8386,142251.632,143054.6031,143972.3258,144901.9125,145761.413,146453.1111,147033.9467,147495.196,148074.6062,148773.0505,149427.4921,149842.8197,150334.718,151106.2417,152081.9227,152981.7454,153781.1477,154628.4276,155444.7737,156082.3853,156562.7665,157408.2099,158776.9371,160791.8126,163054.5371,165489.4681,167670.0155,169572.601,171430.8038,173724.6432,176355.753,179302.534,182464.765,185666.728,188165.3787,189775.7074,191134.797,192952.5596,194906.1278,197709.9243,200998.7979,204999.9217,209291.2637,213386.3787,217461.3092,220412.3942,222522.1705,223719.9472,224869.9175,226033.1637,227091.2282,227728.4455,228262.3954,229160.8658,230156.9697,231562.0603,233278.2112,235239.8287,237112.472,238473.3966,239540.9229,240291.2053,240711.8304,241040.005,241691.989,242883.5352,244154.2207,245149.7663,245497.4036
394428,260,"Burlington, NC",msa,NC,160159.9653,160889.9004,161691.9034,162337.1792,163365.0854,164341.3868,165495.654,166274.2318,167201.2727,167831.5661,168420.2551,169039.8357,170036.9745,171125.9187,171948.5775,172231.4355,172461.9404,172622.8486,172871.2374,173324.6219,174101.6423,174747.3629,175392.3259,176115.2759,177444.9418,178842.8301,180069.6609,181185.0284,182390.4148,184164.399,186627.8159,189532.2552,192233.2275,194373.5227,196455.8313,198842.6244,201551.2534,204184.8375,207438.8109,211419.6738,215885.0376,219432.7486,221518.1219,222940.2535,224652.6652,227019.892,230871.8281,235855.4338,242289.5542,248895.1936,255173.6589,260762.5744,264675.7272,266551.7475,267038.4144,267077.6971,267480.7145,267763.0447,267897.0894,268506.1936,269595.5229,271206.7877,272493.1531,273729.571,275033.8152,277024.1823,278900.4082,280561.3427,281864.6819,282567.0609,282972.9558,283180.4577,284514.4413,286392.9043,288381.4033,289389.4381
395210,261,"Waterloo, IA",msa,IA,137167.2981,137625.2293,138072.2189,138377.862,138823.9377,139098.8872,139422.3349,139624.4822,140126.7465,140618.6667,141130.4202,141859.9063,142671.1381,143467.9734,144046.7284,144761.1106,145396.3086,145950.002,146324.6303,146871.5193,147535.7075,148123.1967,148425.8292,148429.7594,148375.7111,148528.7385,148788.9988,149059.6904,149395.1023,150033.0653,151334.8658,152490.0831,153434.985,153756.6613,153953.0023,154249.2916,154679.4571,155415.5901,156433.1557,157969.9052,159660.3409,160921.594,161602.293,162106.7681,162728.1772,163356.0306,164523.5548,166205.4544,168391.9465,170529.1686,172698.4711,174825.858,176309.5826,176881.3939,176888.263,177075.8085,177536.941,178030.5218,178198.9599,178422.7325,178813.9084,179781.2122,181324.5124,183360.575,185142.2147,186256.4325,186676.9871,186941.1742,187151.5446,187295.3933,187391.893,187851.9514,189062.4681,190617.9067,191946.6736,192585.2069
394480,262,"Coeur d'Alene, ID",msa,ID,283003.086,285485.7458,288586.6691,291318.3675,294994.0513,298407.5497,301683.8632,304171.5972,306491.1941,308532.8417,310432.6103,312275.7359,314789.0037,317417.6385,320363.3204,323459.349,326824.376,330433.2093,333795.6873,337098.403,340261.4263,343504.9339,346714.2165,350195.185,353959.3435,358759.6283,362982.5682,366279.7427,369372.3146,373787.4958,380766.3248,389009.6023,398554.5925,408590.4777,419876.245,433043.7392,448289.4392,464638.9679,482109.253,497345.7776,510534.2207,519299.7434,525925.5318,530719.6728,535597.235,540932.8004,546495.5841,552665.4609,560072.6234,569025.2389,576706.8572,581313.0887,579437.3598,571696.1032,564612.3776,562310.7043,563504.3495,563075.021,561868.5342,562011.504,562844.6208,563681.8141,564181.4128,565307.1456,565588.1885,565998.368,565196.9829,564098.2071,561355.4886,558900.6087,556720.438,556577.9957,558328.209,560775.2856,562545.9091,562978.3699
394553,263,"East Stroudsburg, PA",msa,PA,153722.1729,154993.0144,156479.2541,157853.1178,159339.9033,160879.9144,162249.7994,163271.9652,164049.4717,164688.4267,165755.8994,167596.3514,169740.8943,171470.2085,172425.5105,173168.719,173973.7121,175012.0011,175805.1348,176833.9071,178037.4532,179614.3055,180215.1426,180505.9276,180368.6776,180832.0613,181092.6191,181572.4391,182675.4674,185177.0017,189117.859,193714.6481,198702.1856,203595.025,208926.2122,214759.6403,221147.058,227607.393,233927.5961,240582.1251,246141.1017,249992.6503,251063.4158,251792.0392,252902.9506,254731.2711,258955.0999,265222.6108,273275.1284,281065.1355,287194.7972,292163.6609,294398.946,294439.8448,292736.8139,291219.8219,290529.3241,290684.5678,290857.0059,291071.3466,290979.0816,290869.7616,290488.0036,290788.2503,291403.0832,292417.6182,293332.9512,294278.1709,295722.1992,297299.4445,298534.7907,299450.0416,300860.2397,302689.9432,304296.7159,304951.8329
395007,264,"Pueblo, CO",msa,CO,170404.8298,171864.3004,173451.2547,174968.5289,176854.5423,178453.2812,180032.5183,181152.368,182348.5232,183590.3838,184840.2155,186072.7173,187458.5214,189072.7402,190681.6211,192121.03,193479.5408,194880.2823,196210.7991,197773.9017,199416.0909,201102.1811,202595.9549,204092.6292,205777.3995,207859.2611,209643.1379,211372.9638,213461.735,216583.8304,220621.0618,224787.1591,228995.7853,233083.0032,237028.9791,241039.2221,245257.9631,250169.8535,256091.5886,262734.9343,268623.0247,272524.4471,274725.3042,276797.6838,279475.3296,282192.4274,285799.8285,290497.4055,296190.7977,301274.4659,304943.7675,307468.4865,308467.835,307955.5964,306409.2926,304798.8374,303204.2225,300941.5405,298782.1425,297387.9098,297026.0007,297197.7225,297517.621,298371.5669,298791.6276,299090.7076,298436.5033,297054.0739,295412.8374,294087.3322,293235.6576,292747.4213,292704.9234,293283.48,293853.1199,294149.3958
394392,265,"Blacksburg, VA",msa,VA,176252.5267,177382.2363,178292.7512,178559.7153,178990.5505,179619.4863,180431.1094,180762.411,181000.2098,181311.3992,181788.0626,182670.915,183856.6117,185325.4088,186552.887,187469.2271,188205.0622,188965.1777,189691.5031,190523.3203,191667.4672,193097.5847,194479.845,195580.9996,196681.5267,197818.7361,198801.8996,199643.7444,200719.8842,202576.4693,205352.5508,208268.7713,210778.4335,212724.2405,214481.8047,216688.3371,219020.0597,221661.3045,224547.8477,227900.1462,231033.2738,233133.3866,234231.3501,234951.3607,236182.7333,238020.227,240993.3303,243938.0249,246601.4309,249173.1459,251747.3261,254636.308,256328.1882,257235.836,257077.6377,256737.0526,256100.0171,255312.864,254899.3123,255047.2225,256384.573,258397.1222,260826.3816,262783.0595,263701.1859,264229.7336,264594.9943,265127.1675,265429.0536,265356.4364,264911.7275,265115.2961,266238.1274,268503.1594,270347.0884,271469.8659
395215,266,"Wausau, WI",msa,WI,154852.7888,156144.5883,157467.7182,158322.0391,159524.5387,160450.2986,161366.0241,161486.9272,161795.4557,162283.0936,163083.9568,164054.0846,165257.1909,166646.0152,167876.5015,168962.4402,170055.0593,171314.0717,172579.7308,173859.3029,175066.88,176273.7627,176751.5743,176835.0022,176699.0813,177207.3768,178131.8812,179294.7209,180735.5057,182597.4304,185315.6776,187372.4694,188547.9622,188619.9128,188815.7471,189148.7081,189625.1208,190424.4318,192417.6441,195238.0773,198506.1565,200296.6354,200836.9838,200613.0057,201160.4139,202172.741,203610.2641,204944.0904,206383.6773,208754.1821,211437.3969,214161.7538,214841.7163,214049.3518,212402.2777,211494.2642,211709.9044,212732.7595,215438.7255,217729.8887,220797.9574,223549.4424,226807.0338,228903.5599,230128.813,231760.4454,233571.0471,234388.0991,234391.2385,233803.6313,233595.5125,234374.3691,236489.3147,239722.9454,241852.6146,243347.8873
394731,267,"Kahului, HI",msa,HI,625835.9982,628186.2638,632797.7567,636723.218,641107.1083,643872.2387,646655.879,649178.2551,651235.5022,653278.7402,653459.7837,653796.4567,654303.1941,657079.1519,661236.0649,665619.6698,669600.7814,671032.0979,671732.1255,673044.3088,676066.9203,679447.1369,683024.1141,686853.3559,691113.7088,694715.3472,696541.6261,697076.3003,697992.5866,701723.415,708986.7741,718804.1734,730067.5112,741056.1301,750200.8658,758419.9107,766083.5498,774335.9308,784141.1895,795382.0617,806634.8946,813992.5074,821055.9227,830033.7704,842992.775,857273.7465,878520.504,906006.8508,939030.3535,968692.3018,994760.027,1015192.488,1026105.526,1026533.22,1020288.137,1014836.586,1012645.45,1011394.773,1008203.68,1004355.181,1002162.103,1005472.794,1009705.633,1015296.61,1020368.316,1027295.498,1032761.438,1031313.777,1028481.763,1026659.546,1030714.972,1035058.689,1041905.695,1051046.649,1060846.66,1066545.096
394720,268,"Janesville, WI",msa,WI,155820.2924,157129.8902,158426.1218,159425.3803,160697.1235,161962.5035,162972.5458,163383.3196,163948.4284,164869.8295,165974.0124,167243.9142,168759.8858,170168.6641,171196.9546,171720.3562,172096.4621,172318.4817,172638.0909,173158.5373,173987.5959,174967.1207,176184.9878,177462.5274,178798.0293,180245.7189,181245.2924,181721.6598,181992.7707,183002.665,185199.1236,188099.958,191100.1612,193741.9389,195878.1779,198099.8798,200512.174,203258.7037,206528.1389,210081.5603,213447.6614,215333.6064,216047.7924,216350.4533,217231.8442,218510.7849,220113.919,222248.3363,224651.9712,227500.8761,230122.6951,232530.4276,233775.8548,233737.0384,233094.6775,232801.7681,233093.6803,234021.6645,235603.241,237514.9608,239549.6599,241428.7138,243808.1403,245908.6792,247481.4046,248837.2515,250207.8598,251414.8272,252019.6384,252383.4009,252982.7419,254403.6007,256816.3935,259804.9953,262263.4728,263889.4909
395170,269,"Tupelo, MS",msa,MS,132164.7908,132456.0087,132526.5763,132069.1442,131703.1578,131521.4674,131819.5169,132041.6753,132565.16,132772.9175,132873.1936,132784.7683,133133.413,133610.703,134227.5986,134761.2909,135330.6605,135764.9391,135824.0596,136180.2334,136700.4293,137522.7804,137249.1881,136633.3801,136475.8976,137400.0497,138870.2242,139964.4507,141499.6993,143299.303,145468.4399,146533.4366,146477.932,145591.3703,145347.2316,145909.3026,147231.4853,149083.0204,151492.6276,154460.6059,158052.2585,161581.564,164475.073,166387.9028,168182.9137,169832.992,171075.5959,171393.8121,171312.2686,171378.2009,171879.0461,173181.8496,174345.3748,174862.9618,174234.1258,172856.019,171541.3803,170450.3128,169034.8026,167428.5741,166250.089,167047.7224,169393.1286,172034.1113,173297.8633,172902.4942,171830.8909,171402.8341,171117.8934,171256.025,171234.7578,171860.5963,173081.7568,174414.6006,175390.368,175453.2342
394393,270,"Bloomington, IN",msa,IN,182447.4655,183742.8844,184983.0695,185963.8898,187055.1138,187981.7085,188962.4908,189562.2235,190266.625,190841.4593,191764.9857,192933.3831,194582.5875,196291.3931,197791.5963,199160.4833,200394.6292,201740.4344,202750.9307,203871.8935,205115.5759,206645.6043,208069.3511,209147.0353,210265.0877,211651.9784,212835.0957,213929.8687,215099.6539,217061.5859,219783.139,222927.5364,226524.1759,229917.5613,232975.9623,235875.3133,238953.0943,242351.4044,246018.8587,249528.1494,252366.4948,253721.6456,253819.4307,254076.0177,255298.304,257613.3831,261232.7297,265469.5635,270319.889,274739.8981,278338.4063,280944.955,281822.1043,281418.8924,280230.6314,279274.1568,278966.0705,278971.9168,278547.2826,278580.5888,279134.5547,280990.3883,283242.2071,285436.6866,286930.1059,287650.3494,287954.2091,287803.4542,287297.9851,286659.7811,286779.0899,287881.9135,290070.6823,292423.9214,294228.6289,295038.3517
394930,271,"Odessa, TX",msa,TX,164488.0667,165721.9086,167363.5533,169213.6029,171242.3131,173237.8894,175399.0413,177512.1293,180030.5448,182398.3138,184677.5292,187035.9652,189878.5547,193131.9265,196209.9869,199036.0021,201923.1139,204918.9292,207743.8185,210673.9332,213320.4742,215755.2409,217457.8642,218897.8564,220235.1999,221550.0813,222355.5792,222859.065,223486.253,224396.6096,225617.0377,225605.8132,224831.1048,223017.6376,222268.1445,222460.7199,222848.8095,222466.3728,221569.5149,220892.2093,220204.8483,219059.3107,217445.2692,216353.0474,216487.5903,217509.0382,218572.8891,218700.9235,218089.1602,217668.8399,217504.0656,217827.8415,217343.9683,216537.3812,215438.9186,214999.8209,214901.7066,214717.0633,214283.0178,213890.9817,213783.5466,214505.3511,215747.1711,217455.546,218453.6689,219023.0039,219134.9859,219190.0964,219275.7602,219722.5195,221514.1303,224152.0319,226798.6689,228843.6603,230206.9772,231630.425
394710,272,"Jackson, MI",msa,MI,138209.7067,139494.3391,140694.2965,141064.6495,141756.5954,142161.9057,142728.9305,142728.0143,143322.6835,144421.2392,146290.8434,148238.0064,149900.7206,151028.8458,151510.1098,151610.6711,151385.1408,151285.9002,151538.5652,152192.5423,153030.8869,153829.3387,155179.3033,157245.5505,159657.1315,161696.6936,162283.7039,161997.4322,161524.4077,161904.2242,163353.5905,165438.8284,168188.5838,170842.1816,173283.2817,175830.6975,178584.3387,181570.3011,184344.7299,186745.3817,187952.686,188053.9955,187538.3157,187442.4976,187825.3808,188316.8793,189760.9241,192183.0513,195349.9868,198325.1242,200309.144,201820.4027,201960.2125,201368.0999,200332.8962,199722.9817,199235.2488,198615.1565,197832.3414,197764.6497,198141.7599,199162.1613,200241.7354,201327.8256,202244.9413,203107.127,204016.9893,204793.1279,205605.3649,206440.1799,207376.3917,208426.6348,210131.3156,211940.5143,213463.209,214217.371
395125,273,"State College, PA",msa,PA,233346.6974,234099.9087,235613.3844,237172.3872,239189.8235,240513.8138,241228.0254,241490.4516,241903.7103,242815.6397,243998.228,245579.0894,246894.185,248042.5323,249038.8768,250529.8449,252468.2825,254268.9633,255337.3518,256179.0378,257175.8933,258593.5357,259580.6906,259852.2317,260013.1001,260930.0779,261707.0436,262408.0963,263250.2391,265330.6506,268400.5584,271240.2738,273847.5753,275831.3271,277175.1165,278697.4272,280691.2176,283366.4096,286170.2547,288808.7527,290729.2951,291403.3842,290685.2087,290278.8592,290666.7714,291299.0786,293209.8037,296147.6005,300626.0753,304535.7592,307650.8055,309857.7602,310275.2016,309584.2146,308373.721,308797.418,309714.792,311220.0937,312322.2609,313491.2288,314601.9539,316546.4619,318760.4728,321300.1871,322658.9093,323727.7582,324293.8915,324963.7963,325309.1784,325671.2818,326134.9616,327188.1713,328445.2644,329324.7609,329730.9571,329381.2163
395079,274,"Sebastian, FL",msa,FL,220317.3791,221548.1207,222728.6653,223727.3428,225182.4562,226553.0747,227671.2228,228477.4454,229307.6471,230410.5083,231324.0385,232035.5826,232836.3307,233751.6016,234460.8321,234890.1383,235151.232,235428.9887,235639.1503,236089.7892,237148.4588,238551.0375,240102.6909,241310.1101,242151.6038,242496.6436,242270.2029,242239.0887,242822.1372,244419.0503,246722.5694,249467.873,252724.7233,256262.6097,259543.9582,262647.4167,265608.5101,269143.936,274054.457,280851.4891,288558.848,295753.4705,301647.6244,307170.0249,312828.792,318679.2427,325850.6415,334145.3008,343498.8799,353210.0716,362566.3106,371216.4984,377149.5032,380106.7229,380396.4683,379690.8374,378893.8261,377810.2544,376276.2391,374795.5403,374301.5689,374772.9468,375774.9601,376743.3058,377302.771,377678.3159,377907.3908,378549.027,379360.0001,380143.0719,380469.6656,380611.623,380897.0854,381015.6983,380801.4192,379893.5249
394814,275,"Madera, CA",msa,CA,257698.3186,259159.9428,260766.4163,261990.5801,263461.3741,264478.5012,265406.8276,266220.6178,267321.881,268564.248,269899.6049,271390.0773,273209.1508,274638.9068,275531.1488,276021.3261,276432.3303,277230.2882,278149.325,279722.2626,281744.3839,283918.4822,285766.2851,287015.4885,288037.1864,289021.8538,289187.3596,289213.145,289880.6345,292299.8391,296466.4717,301725.3485,307906.7835,313759.9464,318624.2564,322992.1031,327654.4092,333431.672,339766.9292,346503.2155,352480.6307,357343.59,361199.3899,365349.513,370105.1758,374708.8681,379383.107,384457.2273,390630.4302,396897.7326,402182.9109,406110.7776,408155.1169,408030.9464,406259.569,404078.3376,401797.8408,399707.4161,397116.2139,394963.4483,393333.9102,392904.5268,393496.259,394892.08,396787.1975,399114.5595,401230.5578,402860.7575,404029.7239,404999.5925,406106.2408,407389.7813,409080.4816,410824.2418,412788.9187,414359.2702
394523,276,"Decatur, AL",msa,AL,143454.4631,143669.4236,143747.0465,143724.0039,144010.6795,144352.3342,144905.0374,145266.6682,145891.3197,146575.159,147937.529,149767.5431,151825.0754,153355.6709,154252.7122,154935.0625,155689.5214,156597.5163,157238.2249,157909.836,158731.0838,159905.7701,161151.6181,162656.1715,164407.1385,166329.1202,167740.8667,168692.7931,169500.9363,170360.0247,171725.3726,173415.7966,175684.7748,177987.9826,180282.548,182668.3507,185026.0741,187851.3976,190451.0764,193154.6642,195865.5651,198799.5184,201218.3873,203004.7863,204900.0718,207059.4526,208991.0487,210175.4328,211156.5664,212810.648,215015.675,217564.5898,218619.585,218755.9958,217838.2374,216891.5102,215768.714,215063.0102,214875.1711,214784.9794,215347.1196,216620.0499,218742.8993,220592.463,221639.5761,222021.3615,222155.0826,222388.2756,222580.8043,222470.5817,221949.9304,221781.2191,222579.1217,224447.9432,226384.138,227579.2909
394453,277,"Chambersburg, PA",msa,PA,182344.644,183602.6137,184810.8472,185255.8653,185329.8233,185299.6171,185520.9556,185722.6649,186472.6934,187155.3377,188181.1409,189686.9154,191579.4483,193184.0992,194118.7164,194318.7278,194783.7478,195190.3003,195907.0608,196529.3252,197499.98,198481.8944,199598.3826,200931.7277,202567.7522,204389.4453,205635.5656,206010.0826,205871.4236,206429.6749,208636.3644,211747.1582,214925.8229,217433.6468,219107.9237,220786.4335,222708.6066,225455.7164,228819.7558,232204.5337,235371.1645,237388.6044,239044.191,240386.6517,241934.2123,242942.9072,243975.0894,245267.6863,247540.9935,250298.8842,252924.0887,255516.7511,257131.5968,257842.1376,257592.6513,257526.3142,257807.8598,258257.637,258532.9085,259022.2138,259926.6875,261153.237,262606.9469,264625.597,266587.372,267777.9693,268271.2056,268546.7871,269189.3445,269477.7391,269952.8519,270352.3427,271305.0535,272025.5311,273153.9903,274367.8417
395193,278,"Vineland, NJ",msa,NJ,149174.0938,147953.0994,146856.0178,145843.6514,146238.6739,147233.2253,148183.0996,148499.3862,148442.2725,148405.7859,149313.6285,150985.5568,152879.3785,154267.0999,154494.6065,154652.5931,154201.192,153857.1171,153388.2552,153597.1756,154570.098,156052.7175,157978.1164,159786.631,161619.9903,163733.8419,165416.2821,166417.1602,166047.6778,165701.7753,166294.8846,167847.9842,170310.9806,173104.8616,176470.8364,180129.5877,183611.5403,186841.4095,189854.8726,193283.1909,196784.4377,199571.4452,201329.2654,202414.6932,204060.8465,205489.1299,207827.0925,210568.3519,214056.028,217251.817,220103.793,222598.1814,223495.3087,222946.7166,222168.7352,222649.0113,223701.4129,224589.9591,226277.2443,228464.9774,231132.5561,233074.3798,235127.0545,237352.5256,239471.8291,241436.5798,242743.6155,244136.3772,245156.8664,245824.3568,245409.1272,245618.9251,247232.3162,250180.0401,253081.2455,255353.4985
394703,279,"Idaho Falls, ID",msa,ID,207358.7102,209829.5475,212283.2019,214447.459,216601.695,218516.0719,220350.1345,221827.7691,223352.8283,224960.9569,226448.0345,227579.9104,228789.0495,230497.1666,232994.4358,235682.0282,238520.3108,241111.317,243550.1851,246015.0875,248742.2279,251607.2275,254514.6739,257593.5383,261202.5209,264863.9767,267810.0332,269806.4495,271801.4502,274730.2043,279290.9073,284894.4086,291487.561,298817.577,306719.7462,315888.2777,325607.4319,336032.0088,347347.1435,358797.3353,369036.6505,376637.6035,382067.8096,386812.091,391277.0948,395964.6853,400724.2909,406253.13,412876.8526,420314.424,426322.8329,430152.3149,429571.0251,425639.8845,418887.0017,412206.3887,405736.7272,399947.6929,395186.5523,391560.5329,388905.7436,387557.7523,387480.67,388674.1547,389617.029,390811.4569,391850.2202,393418.032,393890.3726,393646.7851,392541.7278,392708.4011,393658.4719,395007.8147,395545.8104,395400.4416
394639,280,"Grand Junction, CO",msa,CO,241451.7116,243193.8718,244909.1069,246617.3414,248619.3338,250711.2953,252757.0743,254411.4351,255796.6369,257080.2094,258085.3261,259512.5046,261144.7149,263412.8925,265607.5352,267763.4533,269478.8674,270817.6843,271822.203,272859.4825,274401.2541,276344.2908,278440.0081,280387.0343,282310.0603,284234.5674,285698.0243,286905.83,288190.7037,290194.204,293387.2642,297010.2471,300758.6304,303895.182,307040.9457,310946.3717,315813.7376,321506.1484,328078.0604,335132.2222,342060.3801,347765.0514,351828.3083,355195.3689,358370.197,361846.7319,365856.9847,370467.4834,376298.6827,382300.9208,387526.8672,391093.3201,392331.7173,391929.655,390472.1126,389411.9531,388343.4464,387133.6708,386107.1834,385568.2762,386275.7356,387926.2702,390270.6406,392698.2056,394448.3588,395995.9872,397065.249,397787.5423,398469.7733,398622.8174,399066.3264,400048.4961,402153.8932,404494.5955,406636.5765,408239.0096
394563,281,"Elizabethtown, KY",msa,KY,140846.6561,141375.4992,141818.1389,141985.3745,142417.659,143044.4818,143901.7547,144336.1562,144955.3076,145614.1949,146272.7106,146719.9746,147047.3591,147582.9836,148069.8623,148718.554,149466.0024,150454.1971,151339.883,152361.6858,153493.9369,154747.9826,155818.5657,156497.4987,156976.4711,157289.0131,157783.3408,158433.5992,159540.558,161282.3761,163855.0415,166919.1124,169824.0905,172236.4433,174056.2228,175640.1092,177001.0078,178632.4669,180888.1262,183999.7423,187120.6715,189459.7522,190612.6619,191363.5916,192335.2187,193705.1755,195989.8514,198822.8638,201874.5811,204803.6791,207345.9214,210179.1263,212086.9128,213250.5599,213678.924,214418.0286,215051.3534,215367.7396,214850.1025,214406.3843,214449.9446,215773.3401,217749.3753,219541.013,220403.9754,220514.6466,220916.816,221538.9787,222351.8521,222607.6134,222231.4474,222262.6452,222920.7846,224847.0181,226567.6251,228122.6167
394917,282,"Niles, MI",msa,MI,163101.9402,163992.9319,164786.085,165164.0709,165786.8421,166295.643,166953.0036,166810.1318,167104.9257,167592.5496,168943.3438,170427.7097,172025.3307,173251.247,173822.6209,173959.181,173568.6997,173307.2517,173342.5523,174141.59,175271.788,176274.3222,177342.75,178725.5495,180460.1252,181719.7096,182101.9568,181893.862,182256.926,183643.2011,186626.182,190256.6586,193979.5506,196908.6994,199253.672,201644.7599,203995.4116,206772.5318,210140.5401,214274.5128,216990.9511,218131.6091,218130.0556,218896.6142,220194.5884,221838.5631,224671.8902,228702.8485,233263.6149,237856.7117,241382.692,244386.3303,245252.4765,245090.0931,243947.4233,243501.0606,243273.5677,243378.4398,243367.4749,243579.6149,243848.0816,244602.6475,245926.8523,247576.6663,248950.4705,250231.7322,251451.7617,252350.6842,252912.4308,253180.1179,253818.9656,255118.328,257208.7887,259054.4589,259732.2565,259749.7657
394873,283,"Monroe, MI",msa,MI,172041.8592,172799.3704,173653.5749,173770.9165,174757.1566,176188.04,178059.1203,178830.5965,179100.9862,179321.2775,180037.4388,181188.3876,182675.37,184404.1076,185592.9552,185869.7791,184876.7632,183970.4749,183407.9478,183879.7302,184782.9548,185486.3604,186059.4349,186692.7215,187537.5837,188549.6274,189086.6995,189572.0187,190149.4475,191286.9719,193409.3254,196169.1776,199486.3882,202287.3947,204710.8042,206953.0117,209134.6313,210996.9799,212903.9821,215095.8846,216627.2214,216755.3076,215619.3636,214864.766,215160.284,216008.6509,218126.0227,221178.2722,225062.1941,228897.1922,231856.3056,234372.7248,234840.508,234078.7558,232194.1738,231189.2563,230501.7887,230392.5961,230516.7227,230651.0368,231039.1819,231654.0572,233451.4452,235550.6429,237544.8816,239224.7444,240561.4838,241517.0215,242173.0804,242616.3057,243131.5183,244163.5919,245787.6913,247657.2189,248388.9163,248560.6313
395066,284,"Santa Fe, NM",msa,NM,338295.3865,335761.1035,332885.8157,331948.4168,333036.2973,335213.4958,338082.8564,340738.4808,344241.6822,348448.1013,353485.7003,357568.578,361561.0849,365137.9697,368952.7487,372278.9776,375339.5549,378097.6897,379965.5374,381507.9698,383438.1597,386032.2573,388957.5406,391398.1821,394100.1483,396496.8359,398468.86,400050.0938,402208.1363,405676.5021,410393.3004,416195.5207,422545.7234,429314.7915,435562.3492,442699.0925,449781.9839,457564.4744,464672.6361,470339.4442,474524.358,477553.3899,480605.2687,484240.0869,488438.1822,492709.2994,497454.7343,503853.3027,513293.7135,523280.3097,532672.1635,539635.959,543067.7255,541747.4982,537160.8146,533033.6416,529697.9267,527971.5826,526425.4075,526399.5872,527103.8673,529881.4408,533702.5277,538474.6479,541940.6113,544427.5111,545238.5959,545991.6168,546544.3451,546880.62,546491.5795,546086.1825,548008.5868,551551.5007,554980.0243,555708.9884
394493,285,"Concord, NH",msa,NH,252997.7792,254965.7962,257044.5401,258745.8577,260472.4076,261668.5496,262192.7442,262299.9707,262372.0773,262596.3103,262874.5142,263615.33,264709.8275,265977.1668,267153.7302,268532.7702,270239.9056,271656.3217,272750.1753,273676.2321,275002.1093,276486.8441,278280.6001,280203.5484,282465.6455,284512.3425,286146.2358,287331.6572,288678.2212,291226.3859,295637.1486,301260.3396,307339.3858,313114.4182,318684.855,324712.5826,331102.0755,338036.7101,345087.5444,352129.9412,357658.93,360196.6181,359926.5078,358881.0949,358938.7369,360425.1378,365074.4773,372351.8056,381826.0891,391607.5656,400070.5792,406793.3528,410261.5889,411293.7601,410820.884,410220.8354,410057.1598,409883.4182,409477.4224,409841.6635,411025.0715,413689.8825,416855.46,420556.2534,424331.3791,428727.6912,433417.6146,437447.9651,440146.3119,441588.6641,442535.8926,444325.1661,447716.1469,452403.4959,456400.5519,458985.0251
394314,286,"Alexandria, LA",msa,LA,143180.7737,143209.9304,143228.2496,142709.4507,142443.5186,142227.8696,142082.7274,141700.457,141620.4182,142058.4637,142834.8082,143635.7642,144473.7243,145124.6602,145449.7946,145491.4764,145306.5665,144725.658,143666.1792,142826.3998,143055.3401,144459.3407,146220.5125,147884.5567,148716.9281,149317.4045,148897.2634,148294.9223,148039.2902,149109.1557,151413.6615,153481.2392,154549.4659,154979.8046,155789.8409,157181.0053,157897.9201,157280.2933,155894.5727,154338.9784,153069.0565,151342.6856,149688.3899,148716.668,149033.7524,150530.4887,152732.6551,154500.3935,156105.0299,157627.5721,158909.8569,160032.3751,160302.3889,160224.2528,159516.8493,158928.7886,158947.2703,159728.9659,161178.3105,162835.8523,164348.5322,165398.4297,166176.5419,166355.4667,165524.0499,163606.7586,161468.2857,159856.0547,158607.4046,157697.8218,156852.0642,156952.0484,157285.8943,158050.7229,158467.4995,158487.7718
395163,287,"Traverse City, MI",msa,MI,234231.0917,235208.725,236458.8813,237395.4885,238950.4169,240170.5078,241500.7387,241995.1378,242747.8148,243663.2461,244696.0366,245833.1154,246581.0961,247216.5852,247497.816,248184.2529,248899.6305,249693.0448,250290.8011,251290.678,252662.1315,254114.6589,256157.3455,258487.8875,260944.5776,262145.9861,261459.7958,259899.2215,259308.9278,260885.0261,264791.2102,269594.2075,275136.17,280621.1056,286256.0243,292289.4188,298367.463,304980.7655,312270.18,320372.5427,326930.7339,331197.3973,332650.1828,333703.7296,335274.1265,337283.5667,340967.5233,346032.2604,352833.647,359937.9847,366186.3635,371758.7561,374429.5548,374711.4651,373133.6479,372426.9317,372359.7378,372150.3305,372015.2104,371546.2637,372719.2538,375432.1612,380638.8687,385676.8735,389433.6155,391975.7265,393848.1892,394816.3089,395003.685,394604.5577,394506.5065,395401.7785,397856.4739,400804.9702,402856.9013,404000.7309
394359,288,"Bangor, ME",msa,ME,151945.6681,153030.351,153582.0785,154035.0484,154691.2992,155817.079,156882.2304,157710.38,158469.017,159170.6096,159497.0317,159308.458,159022.6489,158724.0127,158565.8402,158745.6826,159382.4454,160300.7325,160975.2839,161525.0979,162307.6182,163113.0229,164050.7935,164790.5379,165921.9146,167147.6846,168210.5009,169136.1847,170333.1284,172421.5819,175558.617,179293.2731,183375.0935,186825.217,189867.2793,192569.5308,195437.7684,198612.1339,202408.5598,206786.1493,210848.8022,213364.1777,214546.0146,215010.5383,216113.7977,217626.5121,220566.3681,224818.3162,229930.6021,234800.1189,238680.2357,241827.8624,243623.2981,243659.1611,242659.2894,241682.5934,241439.474,241777.2973,242654.5871,243980.313,245902.4503,248158.3721,250644.4075,253287.6659,255445.3994,257290.3682,258437.0646,259191.0422,259569.1645,259629.748,259875.0307,260839.9213,262744.1334,265113.8158,267223.7151,268290.9574
394685,289,"Homosassa Springs, FL",msa,FL,153112.4243,154796.4709,156067.3446,156986.4762,158149.7304,159360.1314,160560.1143,161496.0729,162299.3205,163075.5551,163697.0048,164158.3938,164394.6647,164554.5332,164669.8845,164828.6766,164987.6319,165395.2358,166040.911,167154.9419,168582.5405,170118.484,171429.4814,172648.5876,173642.9546,174561.0045,174974.2267,175359.3386,176129.4079,177885.6753,180539.1871,183800.6379,187479.3925,191217.5032,194724.4206,197927.1325,201311.3406,205461.452,210481.3165,216584.0578,222439.6071,227641.4254,231555.7108,235248.755,238981.1438,242566.409,247131.2925,252602.7598,259146.6265,265983.2419,272638.833,279074.0686,283518.4932,285888.2535,286121.7728,285923.9463,285572.001,284895.4573,283181.1826,281547.0142,280678.8186,281102.8448,281831.3771,283146.5546,284147.0954,284939.1201,284772.4625,284596.5637,284489.168,284529.8803,284603.8115,284830.1478,285396.4484,285834.3339,285936.8285,285714.5059
394662,290,"Hanford, CA",msa,CA,219123.229,220271.8772,221357.8033,222750.7457,223955.3489,224847.1907,225113.0901,225318.4123,225958.5653,226971.9943,227973.4604,229186.3087,230421.0051,232008.9778,233550.8537,235102.8749,235801.2472,236004.4788,236018.4746,236469.6209,237454.7461,238444.0725,239618.0312,240729.0094,242248.6022,243847.6481,244832.8014,245599.5859,246727.1697,248628.6621,251361.1695,254868.0117,259111.8522,263235.1353,267231.2016,270987.6407,274964.6395,278880.791,283232.3088,287868.5022,292454.5029,296133.1921,298901.9783,301292.2023,304051.142,306989.3156,310789.9694,315101.8703,320201.981,325183.7702,329756.8004,333502.0556,335487.8249,335616.94,334257.2811,332725.6153,331113.6499,329420.2599,327724.1696,326655.6295,326659.7491,327368.3569,328651.4578,330379.8909,332550.5188,335212.455,337299.3458,338670.7905,339387.5938,340197.8568,341575.6781,343350.2917,345471.2398,347256.544,348735.8848,349364.6458
394723,291,"Jefferson City, MO",msa,MO,158566.0488,160591.0573,162685.8778,164075.4808,164905.9153,165324.9595,165871.1243,166517.9409,167481.6577,168259.2776,168941.5837,169425.7155,170000.5499,170412.9437,170344.8726,170273.8804,170187.1972,170279.6966,169847.6703,169855.2387,170293.382,171472.1693,172403.0845,173166.5633,173607.5827,174299.6109,175116.3811,176043.5624,177166.1614,178704.6424,181269.8594,184364.9438,187409.8215,189676.5066,191607.4493,193801.3676,196188.9617,198778.4709,200942.6303,203332.2865,204863.2711,206248.1905,206929.8551,207798.2774,208731.609,209967.1731,212003.7009,214975.8798,218666.9012,222391.9904,225472.945,228271.6761,230012.5701,230825.0961,230486.7966,230250.7116,230034.0689,229674.267,229376.8219,229252.3334,229883.7801,231013.027,232592.436,234232.9089,235434.4948,236291.3708,236980.2535,237459.7479,238011.1187,238433.6493,239111.6158,240457.0087,242491.4314,244850.9845,246631.736,247617.7804
394598,292,"Florence, AL",msa,AL,131921.717,131952.0069,131967.5775,131864.0217,132221.8437,132371.0098,132612.6236,132325.6325,132272.7123,132046.4419,132467.3231,133269.8575,134695.7973,135929.5944,136648.067,136785.1023,136576.377,136436.9913,136290.5775,136648.4959,137301.1813,138358.6026,139363.2973,140550.5132,141744.7058,142850.9265,143594.7124,144170.1134,144776.4748,145753.3826,147429.2318,149532.1993,151778.9149,153830.8816,155713.1759,157618.7052,159470.0287,161568.626,163809.653,166274.655,168434.8749,170195.275,171474.5382,172940.9917,175028.4603,177198.4412,179550.9651,181506.735,183554.0786,185895.0388,188264.2917,190658.8672,191993.8863,192586.3487,192418.0987,192287.5486,192142.6515,192005.4351,191552.4896,191456.0248,191944.6614,193447.4177,195307.9829,197107.4772,198067.4631,198355.1812,198346.2872,198633.9429,199564.5618,200475.4829,200878.8211,201131.0776,202224.8386,204250.4088,206248.9463,207457.5445
394537,293,"Dothan, AL",msa,AL,127266.6127,127426.5058,127552.0067,127367.9624,127447.4114,127669.7107,128070.0269,128180.8881,128258.9874,128307.896,128568.0778,129232.7991,130364.4525,131449.5403,132130.825,132620.8259,133341.0069,134256.5263,134825.2089,135463.9719,136303.2111,137464.97,137640.1487,137378.7253,137031.3101,137600.8843,138536.8589,139697.1835,141132.2152,142695.356,144530.1705,145725.5887,146498.4765,146561.1143,146535.4822,146628.155,147074.3621,148104.3908,149652.4895,151550.2545,153467.7802,155256.2347,156915.7823,158790.6476,160697.3602,162245.5924,163398.265,164456.0416,165511.8126,167077.7315,168905.5575,171433.817,173517.9003,174929.2334,175172.1061,175125.757,174902.2795,174899.5765,174846.9943,174872.4789,174988.3064,175495.4923,176455.5083,177268.2288,177426.6188,176827.7572,176497.8494,176831.606,177802.7517,178531.336,178607.0538,178550.7874,179361.1214,180674.0321,182138.9929,182932.888
394802,294,"London, KY",msa,KY,95082.83566,95983.36789,96659.77301,96801.95553,97066.87839,97267.98802,97576.14696,97574.91448,97914.6515,98032.27521,98098.34575,97906.59629,98110.91825,98545.51415,98977.47769,99266.41817,99519.76526,99665.6375,99700.42477,100026.2572,100573.2661,101072.8752,101594.3768,102131.3789,102939.4401,103324.3946,103853.8574,104383.3756,105419.0402,106689.3949,108455.952,110393.6442,112420.2562,114363.9553,116108.8335,117711.4666,119221.0258,120632.3089,121786.6621,122686.1206,123124.3734,123164.3886,122802.5879,122854.2202,123465.3325,124311.5045,125939.2698,127830.9529,130311.0086,132525.5401,134547.7559,136529.3823,138203.5201,139407.1423,139953.7079,140162.9257,140294.02,140367.4236,139694.0077,139261.059,139647.9222,141264.4846,143258.8127,144486.4848,144948.4387,144316.9607,143527.283,142599.0697,142219.3977,142101.7775,141476.2247,140854.0245,140921.6234,142591.4284,144555.7197,145825.4223
394306,295,"Albany, GA",msa,GA,94428.04727,95118.38013,95625.14401,95854.07316,96199.45867,96560.96775,96896.15155,96981.71126,97300.87875,97586.07059,97946.13847,98207.25783,98707.56709,99230.5991,99599.31719,100017.0601,100394.4466,100967.4327,101356.703,101925.2545,102338.7493,102908.0353,103246.7351,103813.7863,104613.5355,105637.1998,106554.9621,107126.1807,107609.0761,108371.2469,109648.3774,111171.3237,112683.7519,113850.7761,114838.5381,115758.135,116842.8817,118037.2686,119616.2419,121580.5168,123088.8274,124150.4271,124781.6949,126113.9605,127808.4516,129799.212,132357.7254,135226.0607,137535.6404,139063.0103,140124.2067,141970.6668,144022.2701,145775.8191,146908.3544,147645.1014,147849.0544,147334.7195,146690.6962,146335.3133,146834.4675,147705.8784,148908.0582,149944.3945,150811.0259,151702.1658,152680.4315,153461.3828,153958.4287,154140.798,154450.8059,155080.9641,156510.2295,158320.3928,160079.2411,161472.3058
395102,297,"Sioux City, IA",msa,IA,138163.7834,138751.4177,139163.3802,139629.9115,140469.6705,141183.7495,141890.2089,142194.5801,142728.1896,143293.5636,144069.1359,144903.0376,145789.8125,146761.3609,147759.4543,148734.4439,149355.8661,149929.3371,150653.1082,151852.5233,153116.2484,154310.5728,154924.1583,155244.1306,155266.4567,155364.1172,155742.5964,156289.4578,157241.1472,158586.5331,160765.3845,162844.5168,164612.0502,165514.4659,166246.9281,167292.387,168663.6671,170326.5067,171984.517,173705.07,175290.9493,176435.7176,177296.3919,178241.2559,179429.8484,180665.8708,182291.3131,184225.9591,186607.7289,188929.4051,191211.2879,193206.9291,194577.5383,195142.0195,195174.9325,195369.8324,195807.7698,196209.1057,195950.7387,195534.2483,195811.0266,197417.7708,199587.5941,201563.3928,202722.0907,203396.0901,203450.7997,203386.5844,203324.4607,203506.1997,203796.5145,204490.8794,205811.822,207445.8206,208730.784,209330.6021
395223,298,"Wichita Falls, TX",msa,TX,99854.16173,100871.1055,101947.1399,102805.2804,103549.7071,104108.1251,104590.2192,104715.6238,104976.5377,105131.6584,105160.5558,105275.9726,105694.7648,106506.1566,107271.0025,107945.0094,108574.5123,109019.3991,109371.0475,109835.2598,110484.5554,111216.8848,111823.8568,112625.2926,113694.522,114691.6581,115312.3781,115638.4306,116400.3433,117778.4613,119665.2448,121629.2502,123585.2021,125246.3921,126860.9059,128389.2719,129888.3959,131441.5046,133347.2091,135921.0893,138461.2949,140754.1965,142238.7609,143857.2381,145627.3931,147626.9288,150151.5276,153099.9557,156118.5545,158391.4981,160014.181,161694.8939,162912.0006,163256.3817,162950.5292,162908.6291,162858.4839,162503.5232,161345.1177,160116.6753,159405.2209,159693.3339,160961.6912,162329.8932,163442.1464,163907.6731,164258.2266,164542.7054,164738.9584,164578.6432,164519.8816,164947.2363,165851.1196,166766.0543,167396.6175,167614.7862
395152,299,"Texarkana, TX",msa,TX,124655.7989,126000.3312,127471.6761,128079.8796,128497.3389,128526.5668,128622.3113,128605.0129,128990.5709,129375.0134,129489.8681,129723.5216,130227.9895,130834.9766,131121.5881,131489.0644,132010.5356,132647.3566,133074.757,133849.1237,134816.2904,135939.4931,136155.8417,136278.03,136673.6948,137782.1548,138683.9393,139337.5438,140340.9344,142014.1119,144124.6443,145950.0201,147240.7328,147824.045,148381.091,149510.8389,151289.1523,153294.1776,155060.5018,157012.1769,159162.467,161382.6785,162948.8345,164610.3835,166717.283,168967.8818,170847.9273,172141.2948,173037.103,174173.7063,175514.1274,177525.4422,178629.4321,178901.8294,177890.7405,177068.5638,175849.5471,174282.5612,172319.3979,170584.9277,169900.6352,170262.6749,171242.198,172361.4553,172923.1655,173296.9465,173373.3427,173547.0882,173567.9779,173546.728,173353.5269,173631.8915,174329.2957,175147.0759,175201.0473,174784.2268
395182,300,"Valdosta, GA",msa,GA,122322.0358,123068.5199,123757.0434,123960.401,124071.9734,124340.5136,124837.4987,125132.9375,125651.3302,126258.7777,127099.9795,128002.7462,129012.2822,130014.5823,130720.0167,131245.5641,131548.4276,131962.9051,132267.3416,132774.7572,133237.5337,133796.677,134326.217,135079.1849,136089.8481,137080.5548,137851.3002,138378.6769,139000.7724,139820.1303,141188.4622,142743.5381,144496.7662,146042.8081,147687.0559,149260.7292,150820.0614,152371.7403,154515.8137,157270.1683,160160.1878,162515.506,164256.0391,166071.2532,168226.5533,170483.8915,172979.0719,175578.5386,177789.924,179888.66,181736.9926,184287.5618,186292.7332,187591.8558,188105.1019,188634.326,189090.3351,189213.7755,189002.351,189269.0961,190604.3601,192573.5905,194585.2955,195985.7968,196792.3182,196940.6,196881.3708,196946.5599,197460.2823,198055.827,198688.3417,199509.5852,200905.9541,202463.4625,204003.045,205113.2569
394800,301,"Logan, UT",msa,UT,247863.034,250347.2743,252649.815,254558.5978,256536.6921,258398.7426,260109.1158,261516.7714,263058.6159,264558.5709,266498.4596,268548.0568,271188.1637,273460.5505,275874.8955,277832.039,279697.0528,281386.9753,283109.6337,285394.2639,288165.5492,291068.5697,293203.1293,294832.259,296526.3949,298680.7684,300598.8421,302333.8569,304541.8074,307620.3468,312342.2971,318333.0401,325409.3013,332512.585,338762.225,345301.2161,352295.9231,360746.1186,369957.4192,379399.6159,388843.4445,396850.132,404129.2876,410674.7786,417172.091,423055.5967,429693.1783,437614.2704,447750.2307,458066.6973,466677.396,471135.142,470099.8148,465826.2465,460333.8013,455884.8387,452256.9235,449327.0409,447479.3462,445963.9629,445785.7521,446776.2827,448696.4753,450268.5401,450565.4222,450406.2726,449679.3475,450272.6973,450285.4141,449438.2717,447129.3777,446354.222,447447.825,449039.1725,449259.3534,448201.0329
394595,302,"Flagstaff, AZ",msa,AZ,349715.5388,351542.4995,353727.3346,355817.6656,357734.3086,358585.6755,358922.71,358963.6035,359118.6659,359792.5153,362041.5637,365465.2955,368778.0307,370615.896,371474.9273,372426.093,373357.5689,374470.0708,375795.6515,376955.5028,378178.8403,379834.5622,383796.8889,388243.1236,392212.0572,394653.9542,395177.3463,395134.5962,395527.134,398619.3395,404077.8104,410671.8995,417830.1496,425265.2389,432662.8854,441475.2686,451381.3588,462681.286,475865.2431,490691.8732,504478.3748,514916.7655,521577.0365,528010.9968,534463.7494,542257.877,551553.4932,563538.1405,579138.0067,596321.7677,612090.8508,623266.1006,625906.3369,621020.2716,610924.7569,602375.631,595233.7392,590171.9584,584892.9447,581175.5193,579216.8346,580889.0782,585859.6584,593037.2086,599649.9938,604797.3295,608448.4095,610769.1806,612377.1918,612291.2346,610512.7354,611089.8598,615245.0998,622283.1469,627226.3916,628264.2699
395036,303,"Rocky Mount, NC",msa,NC,109233.295,109797.3063,110113.6865,110344.0986,110676.7075,111120.5459,111812.8969,112381.1643,113075.4502,113878.3979,114572.1869,115196.4175,115555.9971,115817.1637,115901.8449,115957.087,116146.2852,116507.6875,116792.9458,117437.1685,118386.7304,119528.6594,120446.5794,121129.5091,121994.6293,123018.807,123978.0657,124664.0846,125655.6552,127299.7281,129704.1185,132380.1944,135337.6082,138257.544,140995.0163,143444.9336,145599.4026,147598.9982,149609.5072,152055.214,153541.7521,153654.91,152652.8841,152271.1501,153279.934,154508.8934,157106.999,160468.6429,164875.9312,169043.5857,172758.889,176409.0501,179273.8015,181180.8199,181966.9652,182632.5481,183050.0163,182808.1971,181478.0046,180513.4455,181050.5515,182844.9605,184774.5639,186149.3839,187131.8123,188229.5049,189667.8605,190943.6189,192245.11,192815.9086,193242.1309,193634.6772,194913.5422,196822.2757,198899.4877,200390.153
395000,304,"Pottsville, PA",msa,PA,80380.9491,81151.44868,81730.40636,81730.40817,81758.97078,81785.62154,81958.14913,81785.79907,81733.85535,81905.98481,82315.38929,82739.40948,83117.55455,83460.49442,83665.9547,83859.43482,84034.65215,84294.56388,84371.11594,85049.50596,86004.95904,87143.31688,87755.97004,88431.00392,89137.70766,90111.04136,90504.80568,90707.98555,90850.1449,91686.29346,93528.80469,95973.44925,98881.49527,101494.5423,104002.9007,106499.9062,108861.5161,110372.0023,111495.385,112947.6154,114398.1169,114981.2753,114495.6486,114750.4512,115621.4261,116526.6428,117835.2675,119671.0716,122448.7137,124695.279,126344.1476,127320.1819,127078.2286,126010.4286,124394.2305,123710.1508,123505.6846,123621.6603,123691.6497,123957.1625,124587.7737,125209.5336,126171.6663,127371.3623,128892.1084,130628.7747,132381.2592,134044.4804,135264.7701,135881.3312,136086.0988,136221.1953,137188.9231,138989.1017,141199.4874,142749.3299
394515,305,"Dalton, GA",msa,GA,136953.6449,137585.4644,137934.5906,138004.9148,138467.8913,139379.6603,140589.2154,141225.4543,141655.0554,142026.7275,142821.7195,143872.5025,145074.4579,146079.5178,146903.7101,147629.8201,148393.5748,149456.8967,150647.0778,152191.5596,153576.1609,154716.0344,155570.4934,156028.6707,156339.556,156605.7821,156972.4746,157340.0733,158034.9095,159508.2503,161948.3968,164393.1828,166413.9941,167864.3572,169444.0527,171599.863,174045.4435,176722.7543,179647.5384,183247.9258,186809.2054,189834.5878,192026.4445,194409.857,197307.8774,200344.525,203436.5787,206491.5932,209101.3167,211400.1763,213060.0057,215144.4269,216887.7669,217941.2496,217832.1767,217124.5012,216341.9317,215689.7367,214770.4542,214257.0711,214599.8828,216107.7104,218169.653,220247.6754,222172.5055,223977.832,225504.1348,227079.0173,228441.4731,229688.5842,230311.6224,231045.8106,232515.7034,234417.1844,236344.1746,237593.8519
394783,306,"Lebanon, PA",msa,PA,182881.2449,183385.8516,184066.5386,184342.0835,184954.0961,185775.0019,186608.1498,187050.5343,187371.2004,187785.8294,188435.6295,189356.941,190313.9818,191097.661,191937.365,192989.708,194433.3401,195698.8907,196829.447,197694.2642,198765.515,199945.6517,201029.2236,201680.795,201861.5615,202317.9275,203021.8057,203948.8527,204783.6986,206082.3189,208224.0219,211065.757,213976.4834,216506.0624,218826.9444,220991.4113,223276.8177,225566.7122,228036.8352,230926.4124,233321.9969,234742.1687,235058.5835,235494.2429,236593.9362,238121.9729,240956.3882,244729.716,249183.3136,253208.6425,256638.079,259595.2627,261228.5906,261549.9452,261498.255,262002.9851,263362.3531,264566.6873,265298.1327,265582.7366,266293.0551,267302.3331,269144.3554,271321.5922,273690.0769,275612.6772,277220.1952,278429.3799,279287.0001,279501.8915,279496.828,280109.1522,281842.4642,284367.6697,286676.6092,287854.6487
394880,307,"Morristown, TN",msa,TN,153011.5207,153739.2947,154578.0635,155387.1725,156224.2753,157040.0536,157731.5284,157992.3263,158267.3863,158984.5778,160917.654,163752.8058,166754.2837,168963.8253,170513.6912,171836.3535,173132.4189,174324.0011,175304.1548,176223.0632,177333.8132,178715,180081.9815,181126.7302,181906.5093,182519.3153,182985.3358,183031.7552,183071.7288,183619.5768,185327.7684,187274.0195,188991.1498,190025.9605,191267.2068,193036.402,195021.1096,197456.0641,200434.5976,204795.8414,209793.1079,213982.9974,216761.3092,219076.8628,222232.1654,225672.9868,229584.8854,233706.7871,238075.4418,242496.0032,246082.2263,249241.3028,250671.5736,250604.5728,249480.5608,248344.7902,247697.4853,247742.2332,247705.2823,248511.5125,249804.8466,252026.7951,254385.8139,257056.0036,259679.3296,262434.8527,265016.4528,267121.6092,268782.0052,269708.4033,269758.9603,269931.0842,270958.7673,273368.3745,276355.1913,278875.1688
395232,308,"Winchester, VA",msa,VA,239621.8825,240632.3479,241632.4346,242069.0892,242593.6664,242793.1685,243288.9182,243635.3678,243849.6914,244210.979,245106.0494,246964.7533,249032.1337,250747.4114,251975.4006,252790.3882,253516.3723,254015.0208,254638.757,255368.8735,256298.3178,257220.1134,258134.6378,259332.3003,260847.0967,262258.9485,262804.9875,262813.7186,263231.3384,264788.5435,267629.538,271351.3248,275761.8925,280329.0432,284504.9647,288413.6242,292179.5848,296338.4328,301134.5566,306422.1625,310542.0485,312776.5193,313361.8602,314254.916,316292.071,319194.2119,323941.437,329322.8795,335535.8411,341011.7515,345574.014,348956.555,350066.2086,349476.445,347744.1396,346667.893,346068.2471,345666.9913,345349.245,345193.974,345873.7618,347039.7385,349142.3015,351421.3311,353441.9118,355231.4045,356783.843,358234.6469,359318.3885,360058.9601,360323.6597,361083.7792,362427.1769,364525.5699,366251.2037,367234.7307
395221,309,"Wheeling, WV",msa,OH,108531.7965,109518.0421,110414.8598,111069.5014,111554.9632,112131.1786,112832.506,113457.2622,114079.0483,114508.6782,114513.5577,114199.6124,113833.4846,113816.6169,113962.0288,114217.7709,114632.0773,115104.9918,115317.837,115510.7034,115700.6104,115981.5457,115997.8791,116335.2686,117072.6335,118265.8703,119173.2231,119995.5316,120888.9585,122195.589,123881.6985,125700.758,127530.4351,129055.1219,130356.5927,131805.2027,133364.2961,134584.8752,135330.4284,135851.4454,135433.203,134260.0533,132443.2485,131734.1491,131942.1943,132343.7597,133641.0811,135377.1166,137416.2881,138587.1269,139127.5736,139909.4484,140340.8418,140329.5069,139771.2721,139351.0727,138776.8006,138169.772,136750.6292,135460.287,134626.7497,134778.1647,135681.1271,136707.2629,137716.5046,138308.1662,138398.6437,138105.4548,137855.3425,137756.6023,137869.1253,138195.1249,138720.6669,139494.804,140434.3266,141452.5176
394879,310,"Morgantown, WV",msa,WV,183929.351,184590.2298,184842.8732,184376.3886,184242.9251,184411.2247,185044.6135,185329.7881,185738.363,186139.0268,186355.5757,186285.6796,186273.1311,186388.186,186678.922,186674.3006,186491.4663,186064.017,185448.48,185095.8835,185012.315,185136.8615,185290.5289,185683.1401,186754.4876,188225.9304,189229.0256,189531.7119,189624.8607,190512.979,192284.0571,194669.2319,197380.8667,200001.7453,202427.6526,204664.2718,206772.8074,208598.7247,210272.5521,211760.1639,212230.9484,211796.9147,210602.9944,210287.2282,210809.5295,211869.4852,213612.5249,215166.7168,216835.3103,218427.9181,219941.3032,221911.7765,222540.4788,222692.0484,221761.1873,221797.9948,221827.3556,222423.031,222025.7698,221370.8575,220633.4992,221123.2188,223392.2879,226151.6011,228338.252,229313.3578,229409.8877,229186.4642,229176.2353,229353.5794,229537.2218,230061.8025,231435.8527,233255.8626,234819.5551,235817.3755
394756,311,"La Crosse, WI",msa,WI,193773.8295,194554.7076,195425.5842,196363.2745,197804.6927,199015.3024,199910.0433,200054.6634,200338.4952,200720.6964,201370.7508,202228.2426,203524.3711,204723.6811,205816.9132,206797.9956,207724.409,208505.0899,209134.1393,209973.1445,210907.9351,211831.1977,212655.4616,213519.4582,214496.0938,215623.3726,216582.7498,217422.1735,218130.6178,219472.9021,221792.9925,224731.4979,227428.2557,229341.0052,230762.7491,232266.457,234073.8826,236574.9443,240118.2669,243965.3422,247594.1187,249728.689,251037.3721,251889.175,253385.7959,255400.1077,257875.1321,260557.2745,263512.3898,267046.4149,270490.8323,273589.4828,275096.6591,275283.8047,274737.9839,274447.2181,274627.143,274979.0603,276343.7693,277813.008,280251.0956,282935.4106,285794.0879,287556.0275,288207.611,288923.1427,289687.2038,289998.0303,289885.4814,289595.9633,289887.8074,291107.9526,293413.7562,296104.7757,297939.524,299278.9094
394900,312,"Napa, CA",msa,CA,684216.3464,686168.416,689929.0024,693309.9787,694963.7815,694587.1871,694830.7352,697404.4523,700177.6543,701840.3565,703448.4151,704554.4309,706469.2947,707710.3014,709238.6377,710460.2383,711265.9629,712480.6104,713939.5896,715875.6555,717514.6767,717945.1658,717997.7149,719853.7274,723397.7904,727156.1514,726869.16,724972.3488,722728.2049,724627.2012,730969.3818,741627.6658,754602.1951,767111.4018,777877.8171,788330.463,799935.0388,812469.1094,826309.2515,837848.866,847439.2474,850864.8913,851980.5222,852255.7632,854712.8131,858258.2427,866537.74,879658.5401,899637.953,916536.86,929613.5201,933787.0832,930725.4599,920979.6909,909016.1685,901731.5587,897576.3171,893863.7401,888019.1103,884075.2919,883893.5095,887634.8136,892334.0488,898263.2086,905839.456,913667.4555,919413.3201,921201.8412,919851.1289,916543.9146,912144.4029,908776.0021,910733.2865,916750.3209,923125.3831,925087.2745
395013,313,"Rapid City, SD",msa,SD,214247.8082,215058.383,215774.0669,216059.2411,216739.2661,217380.7386,218145.4036,218533.5049,219283.927,220346.1182,221731.6091,223228.7106,224732.8595,225942.1569,226839.7744,227531.9427,228396.906,229548.0111,230889.0714,232407.749,234103.4877,235967.6783,237737.0634,239299.9332,240922.6988,242507.4191,243629.148,244689.9467,245750.706,247159.8092,248939.0684,251404.9028,254618.1525,257895.284,260967.9052,264295.8816,268070.287,272416.8751,277691.0014,283351.7902,289184.3009,293765.1096,297239.2224,300336.0572,304056.5247,308664.0656,314443.2332,320871.6888,328034.2942,335025.8721,341304.8514,346044.8305,348335.8831,348360.9316,347059.6811,346476.1923,346456.0159,346763.7497,346141.4382,345526.6874,345394.0189,346114.1469,347368.0823,349270.1513,351063.1539,352300.1352,352669.8796,352542.4984,352608.5893,352438.0132,352761.0142,353607.3789,355312.3174,356639.4717,357231.0999,356993.75
395139,314,"Sumter, SC",msa,SC,125078.6454,125884.5996,127239.8947,128221.9577,129143.1368,129731.8372,130414.2904,130959.3714,132042.366,133352.5535,134962.1026,136610.8355,138597.2631,140632.6304,142015.7632,143071.0536,143274.2434,143501.6359,143718.5399,144710.1981,146166.0422,147778.5547,148747.3933,148940.5679,148903.3667,149507.7828,150142.8666,150510.4151,150529.408,151411.5245,153378.737,155421.0315,156708.846,156880.73,157138.3729,157944.8961,159087.7303,159870.692,160802.5411,162492.1645,164302.9961,165199.9652,165032.6339,165336.5027,166626.4232,168315.2274,170103.7623,171763.6303,173305.1974,174579.3097,175737.9997,177343.7235,178840.1822,179729.35,179753.7841,179715.5415,179924.8905,180175.3251,180356.185,180022.6191,180376.9971,181327.5679,182882.2764,184007.5932,184647.4555,185290.9551,185732.7232,185819.9495,185636.771,185334.5207,185172.5898,185704.125,187055.8019,188679.1186,189807.2167,190394.8621
394577,315,"Eureka, CA",msa,CA,377373.2473,378606.7807,379373.2646,379847.6663,379468.0345,378909.7095,377658.4642,376823.9002,375940.0437,375829.6874,376965.2707,379955.1476,384848.0138,390057.1893,394255.627,397863.6748,399865.6477,401588.4809,401272.9326,401253.3037,402274.3113,404161.0365,405584.1805,405810.3709,405589.554,405555.2727,404646.3169,404096.1052,403381.0893,404650.3528,407557.369,410509.0588,412619.2715,414124.1694,416625.7354,419558.0897,422963.2063,427295.747,433574.8954,439919.5413,446506.5194,451026.3855,454301.3967,456925.6839,460800.9016,465078.8203,470013.3076,474600.6314,479739.6861,484130.7256,488661.4799,492299.9429,493216.024,490810.7908,485596.5853,481499.0782,477314.222,473985.7723,471934.4976,469697.9963,469784.3131,469639.9201,471981.602,471475.9471,469314.3595,465009.0017,461031.8548,457277.7733,453887.123,451020.4004,448490.835,448113.3351,449449.9299,450359.017,449981.2144,449049.3491
395117,316,"Springfield, OH",msa,OH,108028.7019,108678.062,109533.9184,110182.5568,110762.742,111256.0838,111780.8927,112195.1331,112834.1319,113575.2124,114520.6876,115384.0945,116234.1612,116780.3345,117145.3107,117361.7228,117705.6405,118190.3366,118710.922,119432.6127,120286.6172,121045.1263,122047.5586,123125.1899,124227.3596,124961.9378,125435.7631,125998.0366,126782.6592,128050.8024,129882.0829,132203.7389,134920.444,137572.1901,139936.7547,142039.6872,144159.7243,146068.8529,147889.3997,149921.8383,151455.3314,151823.495,150982.9925,150509.9432,150831.802,151443.9278,153129.7233,155638.3084,158778.6859,161486.5525,163548.3229,165530.9133,167089.2248,168230.0264,168918.8389,169318.7707,169642.6416,169696.598,169464.2344,169484.282,169940.3033,171024.15,172468.2929,174161.8314,175743.4547,177258.9343,178807.9825,180223.4296,181313.4983,181909.9575,182125.7942,182696.3898,184026.3458,186085.1275,188270.3592,190029.2409
394668,317,"Harrisonburg, VA",msa,VA,215225.6873,216328.1625,216875.4179,217262.7983,217894.4657,218660.313,219466.4114,219729.5566,219968.9977,220258.4429,220698.9151,221425.6804,222289.8121,223283.8088,224022.545,224572.5914,225021.7664,225892.7991,226915.7525,227960.8062,229118.8165,230410.6455,231756.3544,232944.3024,234037.585,235408.8947,236594.4184,237815.5669,239193.3985,241271.0209,244210.8718,247403.8375,250694.7225,253469.647,256212.3684,259048.9105,262101.998,265190.5011,268583.8911,271880.7792,274372.8645,275401.5112,275560.9997,275954.8905,277525.7668,279942.5208,283478.2957,286766.3594,290134.7881,293416.9415,296538.3813,299252.4793,299994.7038,299474.9125,297991.9009,297269.7359,297892.5774,300007.0218,303122.523,305608.37,307802.972,310164.9458,313254.0703,315781.7201,317069.0294,317766.244,318369.8697,318703.073,318688.1384,318741.6325,319055.2386,320314.1304,322064.475,324042.7359,325111.5651,325461.5483
394368,318,"Battle Creek, MI",msa,MI,104756.9842,104056.3893,103127.4131,101876.4291,102311.3821,103691.1942,105669.5681,107207.8872,108461.645,109623.8308,110994.2799,112556.3289,113869.2334,114877.2671,115891.3332,117233.1217,118355.4342,119190.558,119440.3566,120356.1583,121689.9079,123210.5365,123680.0738,123412.4152,123235.0838,124388.7844,125589.4811,126332.4784,126346.4014,127365.8619,129963.7994,132632.8038,134691.7158,135762.9161,137055.7813,138803.4795,140814.6422,143404.0929,146584.1536,150288.4487,153526.6868,155675.3758,156680.8388,157368.1613,158096.4279,158962.9281,160161.2951,162049.2284,164388.0809,166796.3122,168457.6914,169536.1021,169053.4251,167738.9002,165928.3155,164715.6438,163967.6237,163421.7844,163596.7729,164276.8895,165256.2515,166524.2393,167905.2369,169317.5548,170370.3331,171285.0011,172190.3278,172652.2299,172997.2566,173379.4377,173832.2788,174608.0784,176411.1921,179131.5973,181333.5905,182817.3846
395094,319,"Sherman, TX",msa,TX,173291.5466,175317.1875,177491.2753,179064.0722,180616.8119,181514.5494,182314.8022,182480.8005,183078.5959,183779.4765,184882.6498,186037.4482,187132.1651,187897.9308,188255.0468,188322.1079,188289.6933,188487.3529,188994.0789,189989.5727,191283.3699,192591.7319,193912.3232,195343.8793,196963.5892,198167.935,198454.1909,198221.7233,198523.9299,200055.5762,202676.5956,205448.6527,208039.4288,210360.5729,213353.262,217208.2522,221698.8176,226050.226,230293.9875,234709.5549,238979.5614,242594.29,244878.2361,246909.898,249398.939,252788.7402,257712.0192,263625.9816,269915.2013,275555.8132,280287.9856,284604.7068,287127.3676,287506.2048,285990.1572,284415.6213,283690.7223,283800.5804,284351.257,284681.1934,284920.8199,285403.9821,286006.5686,286436.7954,286132.4002,286018.6126,286021.4041,286057.475,285469.6337,284478.1132,284482.4291,286072.7937,288688.1189,290834.8375,291741.5135,292008.6216
394821,320,"Manhattan, KS",msa,KS,184504.617,185110.0159,185354.4746,185238.1224,185233.9532,185140.7202,184907.5414,184614.6227,184433.0965,184350.3196,184446.4639,185015.2315,186089.6138,187038.5043,187571.8449,187739.3398,187759.0384,187983.6822,188404.7561,189275.9261,190137.1519,190848.8095,191358.7258,192051.7648,193023.9037,193568.6699,193605.6148,193358.442,193738.3421,194704.4142,196326.0598,197554.5378,198675.3144,199267.7549,200219.9538,201586.2465,203549.2771,205971.7061,208469.3131,210861.7521,212917.312,214248.4897,215049.5957,215263.273,215924.7311,217075.3905,219073.8514,221064.9882,223215.6791,225319.1748,227635.3629,229690.4902,231108.5659,231657.1389,231475.0613,231413.0542,231544.7228,231899.4059,232842.6212,234022.9934,235348.1197,236095.1111,236537.8103,237022.836,237235.6149,237674.5075,238018.3828,238438.8417,238518.7303,238389.48,238541.9166,239416.0447,240983.5577,242475.2733,243356.6485,244024.0486
394442,321,"Carbondale, IL",msa,IL,110571.6141,110755.4029,110928.123,109844.5137,109268.9826,109037.6504,109493.9333,109116.385,108342.266,107493.4923,106850.7825,107004.5534,108192.1472,110647.3309,113711.7821,116286.7371,118074.2433,118707.5713,118276.0244,117332.3635,116818.5441,117015.594,116454.3832,115451.3373,114323.7878,114482.408,114748.3966,114975.702,116003.1504,118118.7995,121047.9144,122821.2331,123744.6868,123563.0442,123464.3544,124034.935,124727.0878,125244.2359,124988.2863,125036.5753,124677.836,123656.1663,122579.1222,123222.2207,125552.1837,128167.9171,130314.909,132014.4025,133930.6671,135046.4672,135745.2877,135841.5129,135889.0202,135502.3929,134990.0311,134470.7313,133589.7645,133026.7752,133193.5956,133490.1526,133606.2138,133591.9049,134464.7329,135461.7394,135816.2519,135536.1803,135249.0846,135324.3949,135567.8568,135652.3144,135654.8092,136214.2161,136962.7995,137799.8667,137957.4738,137878.0113
394727,322,"Johnstown, PA",msa,PA,99603.8681,101935.0026,103451.4308,103653.1146,103244.3556,103178.9283,103597.1358,104051.8345,104032.6164,103421.0455,102940.2668,103396.2804,104907.2046,107550.8082,109612.8563,111120.5256,111580.9037,111994.2123,112459.3429,113293.4411,114556.6592,115346.9916,115390.5273,115632.7629,116270.2025,117786.5948,118551.6429,117892.4827,116984.4813,117116.3753,119925.1746,122274.3314,123617.1857,122829.7755,121787.1785,121493.1303,121503.6746,121420.6171,121297.128,122193.0889,123484.5101,125037.6475,127085.8067,130235.8935,133420.413,135619.0371,136719.0518,137200.7755,137256.4523,137019.3552,135803.7416,134289.2337,133267.8715,132072.36,130822.4033,129979.7681,130183.3533,130901.9051,132317.4203,133586.7548,135168.3117,134423.033,133023.8628,131143.2272,129435.0068,126285.5596,122000.5504,117889.1024,115341.7007,114737.7524,115210.1385,115090.1257,113965.1647,112746.5956,112615.9427,113439.1198
394728,323,"Jonesboro, AR",msa,AR,131990.257,132616.8403,133190.7828,133362.3344,133812.5602,134123.2622,134535.0641,134706.2294,135131.0083,135406.2559,135638.0408,136097.1288,136888.829,138002.2109,139041.4702,139952.9504,140537.7198,140966.0883,141132.9149,141414.9443,141789.3057,142339.3268,142713.4825,142957.9115,143331.9216,144047.6079,144978.5802,146015.9137,147183.6619,148423.5686,149891.9732,151242.732,152572.3619,153524.488,154416.4217,155128.8972,155983.4688,157113.1428,158679.5049,160911.3502,163385.1497,165874.4862,167916.0459,170015.3318,172320.8049,174592.6429,176487.231,177934.2761,178817.395,179857.1065,180917.5664,182500.177,183484.3417,184279.2393,184534.2976,185112.5312,185582.2598,186102.0357,186263.3065,186273.4328,186637.9655,187680.0515,189369.6251,190827.3055,191303.7824,191017.2262,190853.4954,190981.1873,191214.0891,191501.9129,191914.5794,192413.4719,192748.5999,193155.0425,193395.9366,193383.5024
394390,324,"Bismarck, ND",msa,ND,266379.9822,266614.588,267101.452,267202.5834,267460.6068,267349.5253,267115.9084,266449.9603,265728.2593,265048.3777,264871.0096,265422.3918,266311.1945,267160.5832,267765.8319,268428.1214,269171.6633,269791.1051,270146.9901,270224.8033,270506.3538,271039.5934,271248.7786,271197.244,271259.1066,271770.2946,272163.4526,272627.8114,273396.1432,274886.0755,276936.2479,278448.8381,279605.6082,279920.3105,280493.91,281428.7084,282786.5172,284914.674,287791.1988,291253.6158,294590.7473,297106.8077,298639.9636,300038.7191,301793.3929,304059.8999,306950.0139,309583.1443,312468.8855,315092.0802,317667.6805,319873.2924,320652.4119,320532.9655,319715.9867,320177.6601,321276.371,322505.1927,322153.6207,321621.268,321664.3813,323236.4989,325288.5054,327724.3981,329881.9151,331684.8303,332617.2873,332716.6347,332445.6993,331793.9805,331757.8803,332341.4208,333666.8099,334954.1807,335625.991,335925.6535
394661,325,"Hammond, LA",msa,LA,183211.3247,182671.659,182811.9678,182167.1208,181810.5289,181386.224,180806.9544,179542.4262,178615.5493,178863.999,180254.0492,182153.1633,184156.0063,185686.8031,186496.8383,186799.9582,186645.6524,186420.3059,185881.2878,185793.9586,186363.8879,187606.0993,189419.8354,190973.938,192617.8132,193725.8792,194126.5846,193821.2782,193727.4356,194383.627,195884.6238,197473.7768,198938.2847,200362.1265,202011.8011,204281.0141,206365.2831,207984.8464,209549.7664,211442.6331,213403.0004,214813.8424,215653.4552,216639.6573,218189.6415,220183.3931,223029.7302,225738.5901,228746.0552,231344.7551,233741.5011,235669.084,235832.7298,234581.2265,231978.8376,229480.9123,227116.9843,224620.2073,223160.0186,222272.6981,222651.5121,222796.816,223069.3081,222608.2902,221292.8738,219428.6457,217409.6773,215841.4595,214604.5937,213751.361,212749.0663,212297.094,212265.5153,212986.9423,213259.8016,213023.8223
394983,326,"Pittsfield, MA",msa,MA,222306.3872,222790.5427,222898.0103,222964.186,223586.6381,224699.8467,226248.9774,227286.6502,227945.294,228027.3032,227971.9176,228067.3602,228347.5343,229130.5278,230321.1233,231759.0004,232701.6854,233200.3984,233726.1983,234876.1643,236340.6723,237283.9746,238040.2952,238676.9666,239835.0043,241093.5744,242068.779,242610.2116,243423.3276,245459.8854,248816.3241,253162.5076,258301.0178,263916.8668,268755.443,272884.8946,276269.8788,280161.5801,285000.022,290918.4138,296479.0037,299683.6004,300791.7983,301215.0325,302761.766,305041.205,309255.7302,315056.8016,322405.7927,329525.8236,335343.7175,340031.597,342606.6429,343262.7899,341917.3803,340476.112,339702.4016,339849.8761,340178.6663,341394.0416,343251.4331,346640.1727,350233.8039,353784.7448,356818.3911,359974.8317,363350.1211,366040.3843,367630.7159,367922.2666,367402.2749,367219.5224,367949.6805,369874.0326,371634.14,373391.9776
394890,327,"Mount Vernon, WA",msa,WA,343514.3871,346999.9063,350359.2073,353440.0916,356785.8296,360177.3442,362632.4765,364002.4728,364832.6855,366358.9328,368011.2879,369954.2556,371795.7286,373592.3858,375190.283,376787.037,378724.914,381305.077,383512.8704,386001.0862,388557.6622,391815.8358,394982.102,398238.6931,401800.5044,405770.664,408880.5921,410898.3623,412939.5801,417055.8762,424160.1299,432708.412,441447.0484,448850.9809,455444.6436,462624.7406,471322.6012,481973.3099,492882.6598,502959.6056,511448.6457,517399.5508,521731.331,524623.8284,527747.7462,531067.0937,536768.3229,545002.776,556095.7092,567507.8073,577038.3418,582459.8603,581458.0307,575621.8909,567332.9297,561626.534,557576.6029,554588.8082,550392.0409,546989.6411,545113.4862,545648.483,548004.6806,551350.411,554777.4322,557525.6718,559214.8023,560308.558,561409.2667,562433.1895,563492.6618,564638.7306,567251.9329,570552.0148,573963.8031,575966.0143
394719,328,"Jamestown, NY",msa,NY,96460.00836,96543.07525,96674.74019,96887.83842,97449.18853,98213.84561,99023.41133,99339.55147,99495.86612,99311.93942,99269.06634,99459.00016,100120.4846,100635.0539,101020.9743,101406.3191,102250.1514,103228.0851,104202.7623,105075.2755,105960.9223,106715.9447,107102.0022,107320.7058,107527.6358,108200.0964,109057.6816,109820.0743,110590.0397,111689.8529,113693.9331,116158.2385,118781.0393,121099.8773,123006.883,124731.4734,126393.1526,127992.2001,129865.2822,131969.2245,133646.1191,134870.8567,135263.1422,136095.8076,136987.376,138100.6312,140132.128,142699.2781,145774.4392,148376.747,150569.9868,153171.7067,155448.7388,156901.486,157137.9367,156587.0177,155990.6431,155410.1036,154901.4941,154652.4002,154284.0587,154580.7941,155497.9574,157224.0207,158916.58,159946.6177,160819.4468,161439.2357,162132.129,162149.3998,161994.2735,162036.6133,163001.6804,164462.3821,166136.4562,167775.6556
395153,329,"The Villages, FL",msa,FL,261246.9762,262584.2646,263880.3488,264832.7454,266320.1916,268030.9019,270111.2881,271568.8098,272969.1957,274714.8181,276550.654,278432.2467,279687.7523,280959.0035,281860.7668,282725.1397,283601.2114,284643.1156,285997.3724,287332.2327,288600.202,289573.3714,290382.8368,291099.5669,291997.2973,292842.5336,293376.3954,293759.3546,294458.8551,295698.9316,297567.5634,299368.0686,301425.5531,302538.4707,303210.4014,303021.1378,303016.6548,304019.0731,306893.2555,,,,331455.3314,338298.4547,346197.4835,354670.9258,363550.199,372575.6867,382434.6885,393647.61,404891.1092,414613.3508,420782.9717,423393.0458,423155.535,421664.6693,419928.8028,417916.6213,415506.3467,413378.0447,412178.3277,412059.2731,411955.0456,411588.1928,410338.7783,408625.6367,406822.456,405139.4717,403853.5831,402834.3539,401967.6255,401312.0701,401239.5193,401993.3501,402619.8818,402574.7909
394307,330,"Albany, OR",msa,OR,242533.2249,245213.2106,247889.8016,249986.9472,252125.5496,254084.8125,256042.3106,257576.4247,258960.8093,260474.0101,261985.6716,263874.6439,265740.5594,267704.8232,269243.8487,270701.8205,271802.9695,272902.4808,273828.7286,274875.2364,276253.1599,277611.1223,279616.7758,281765.4951,284440.7744,286979.4137,288731.0132,289957.5981,291309.5647,293582.3243,297012.8043,301144.146,306367.8091,312025.4294,318040.6687,324089.3993,330042.812,335905.9395,341984.3209,348305.3356,354077.2654,358177.2793,361070.1883,363641.4317,366727.8477,369947.9385,374376.5077,380055.9688,387196.1553,394659.2088,401245.1355,405692.0151,406344.2769,404324.1141,400809.9994,398198.9567,396290.0369,394831.3715,393311.2945,392447.2706,392231.8254,392991.7224,394518.2498,396829.3433,399112.4275,400750.2772,401395.9696,401373.1867,401254.2807,401577.4512,402422.2272,403518.2442,405183.0331,407169.2151,409207.569,410386.2296
394633,331,"Glens Falls, NY",msa,NY,187808.9407,188275.4174,189303.8718,190349.3958,191540.8366,192588.9422,193585.6306,193928.2561,194105.8169,194102.1707,194391.6477,194609.1837,194983.1048,195195.3021,195332.0072,195600.3823,196234.3042,197128.8638,198094.0232,199102.3772,200117.1875,200895.3214,201536.8008,202216.4079,202945.4389,203662.785,203963.6106,204029.6212,204265.5763,205416.3397,207911.5836,211234.4282,214972.0431,218525.7225,221511.7206,224172.0535,226707.3389,229718.6045,233400.0699,237105.343,240114.6538,241587.9268,241975.6659,242290.8834,243428.6239,244806.9952,247356.6928,250427.4466,254579.8777,258785.7421,262871.1968,266982.2106,269579.6703,270399.6888,269389.8746,268331.4339,267302.4665,266626.016,265791.4876,265884.868,266869.3188,269114.4001,271937.1981,274906.6606,277516.8573,279416.4429,281422.9841,283182.4303,284828.3259,285463.6025,285241.2885,285291.9392,286406.8056,288783.2973,291371.0401,293717.8969
394780,332,"Lawton, OK",msa,OK,97051.79761,96709.32718,96553.16605,96176.37672,95860.06314,95653.21486,95809.30046,95895.59424,96151.02784,96481.4607,96559.83922,96665.52117,96871.08729,97426.11953,97732.11785,97897.06433,97939.62824,97784.77777,97539.67863,97110.17495,97301.08338,97953.42078,99323.2553,100389.5944,100830.9566,100665.1009,99898.30652,99383.65508,99001.82485,99564.03858,100548.209,102045.5223,103899.6807,106066.0641,108252.5778,110372.9535,112110.5927,113338.4089,114372.5858,115154.0222,115672.2451,116065.5651,116529.1284,117553.1197,118566.727,119327.9815,120335.5766,121444.6115,123156.6431,124701.5405,126294.5284,128043.3938,129429.5985,130037.9135,130033.1205,130238.6102,130794.3593,131121.3405,130885.4553,130465.5788,130153.3581,130091.1899,130104.2015,130152.639,130333.3863,130802.0843,131694.5624,132824.5353,133725.5525,134186.8752,134300.5572,134672.9784,135505.0948,136534.4978,137329.8,137451.2952
394474,334,"Cleveland, TN",msa,TN,163147.9323,164105.6993,164877.5672,165379.709,166256.6292,167079.8704,168002.8408,168606.275,169000.3213,169554.5649,170180.6069,171014.425,172006.8758,173042.1119,174167.3437,175092.6628,175954.7569,176633.6477,177316.1257,178470.9614,179900.8774,181537.8007,182831.5906,183964.8293,184967.2982,186148.4456,187398.5507,188451.4755,189737.9579,191614.6587,194349.2221,197508.8408,200718.7365,203510.0326,206025.261,208824.3155,211673.254,214901.9709,218354.8597,222763.1069,227275.1606,230840.7646,233431.5352,235697.8583,239073.4595,243052.4205,247482.0211,251767.9796,255795.5307,259607.1309,262554.0183,265398.1035,267144.4855,267847.7346,267202.5929,266211.0984,265352.9173,264695.2911,264372.8161,265111.8638,266442.3825,268490.4667,270327.8723,272550.3956,274370.2377,276349.7526,277985.5061,279728.6399,281290.8664,282524.2118,283100.0695,283765.2068,285320.8337,287640.0975,290488.4266,292460.3029
395098,335,"Sierra Vista, AZ",msa,AZ,158512.2208,158967.6837,159296.493,159335.7297,159757.4792,160110.1901,160806.807,161570.9312,162604.858,163466.9052,164660.1912,166390.5361,168666.0587,170935.555,172969.1456,174877.6457,176643.1968,178516.0699,180069.3371,181601.3812,182865.7113,183918.0119,185362.6845,187170.676,189550.2974,191514.7078,192460.0357,192439.9915,192338.8962,192966.665,194775.1361,196499.0156,198162.8736,199488.6004,201198.9489,203448.503,205680.8737,208046.5696,210769.5104,214335.854,218225.3745,221699.9706,224463.6321,226685.4906,228850.8281,230834.7867,233426.3798,236484.2986,240150.0503,244005.1868,247665.6927,251360.8361,253425.6615,253583.6076,252175.6435,250679.5106,249298.4533,247609.2361,246678.3437,245956.1721,245341.6407,244543.1789,245087.6954,246674.4029,248010.8306,248640.578,248890.0585,249103.0976,249352.3266,249290.1795,250000.3804,251274.6338,253215.3705,254931.2616,255971.2943,256437.4359
394325,336,"Ames, IA",msa,IA,188477.7889,188899.3045,189412.669,189723.4366,190232.1061,190542.9333,190870.1043,190959.5086,191150.5261,191523.6798,191896.2641,192007.8141,191976.2399,192087.5376,192569.1715,193168.3079,193407.4585,193515.3866,193428.9263,194075.6868,194722.1792,195575.7424,195912.4389,196238.5071,196837.3089,197937.0293,199213.3936,200099.2913,200711.4969,201284.9033,202490.9265,203807.2339,205294.8563,206573.3769,207742.5392,208746.7765,209603.4014,210946.6675,213148.9019,215798.537,218462.7078,220239.7861,221177.5176,222169.5494,223798.5263,225756.6957,228009.5657,230202.863,233030.824,235651.939,238226.3363,240251.1994,241417.9901,241861.148,242159.6187,243089.9745,244388.0988,245470.002,245510.132,245304.9268,245185.4829,246330.9569,247966.2135,250056.2806,251455.9376,252295.1691,252473.7619,252190.174,251453.6539,250297.3861,248956.8856,248208.0824,248572.8864,249866.2087,251257.1578,252024.9373
394824,337,"Mansfield, OH",msa,OH,100830.3026,102075.9488,103067.0024,103754.5378,104110.3949,104584.2755,105011.5882,105159.9446,105360.9152,105804.7033,106529.9958,107744.9434,108888.1843,109964.9751,110655.0166,111406.9332,112110.4594,112629.8349,112979.6383,113642.2998,114558.7838,115613.6079,116453.2836,117217.9822,117811.1658,118340.3945,118646.28,119004.9494,119788.9314,121458.2276,123935.5294,126614.7499,129491.3028,131901.9871,134170.6364,135971.4883,137777.9768,139392.0754,141009.0694,142904.1221,144611.4403,145766.4006,146216.7255,146870.5,148117.2085,149640.1117,151626.6859,154038.1561,156484.9398,158538.3884,159825.0752,161061.647,161810.3884,162409.7551,162606.1744,162969.2733,163103.2849,162957.9663,162411.2456,162225.1905,162517.5808,163083.5088,163789.8003,164744.0082,166167.786,167912.1938,169674.2017,171127.2674,172181.0933,172847.924,173440.7061,174217.5175,175949.5575,177985.7118,180144.4813,181514.8074
395128,338,"Staunton, VA",msa,VA,202997.4986,203310.6331,203834.5422,204317.4307,204967.0665,205718.2336,206615.7193,207380.4593,208421.4353,209094.4848,210139.11,211352.8466,213272.2328,215111.2439,216984.9579,218771.4738,220427.4745,221831.3924,222913.0023,223871.1309,224982.3372,226208.7674,227383.2147,228344.0674,229249.9887,230280.8341,231098.4222,232072.4805,233372.4594,235569.5871,238398.8561,241095.7372,243301.0287,244977.859,246901.8453,249334.1569,252340.8929,255588.328,259136.6903,262582.7791,265028.5587,265864.8968,265446.5314,265252.7617,266232.683,267804.4545,271232.1331,275588.522,280908.592,285968.8849,290316.5957,294083.3167,296060.66,296406.2771,295669.7106,294910.3021,294693.7168,293710.1472,292190.4556,290518.8666,290477.3343,291571.7953,293373.3948,295210.2668,296833.6681,298346.4927,299476.6075,300342.5256,301121.0204,301878.8473,302382.2078,303223.8865,304837.874,307024.4005,308797.0741,309598.453
394353,339,"Augusta, ME",msa,ME,162122.8305,163067.7312,163936.4409,164644.1805,165616.6653,166678.5094,167809.412,168469.0966,168916.3215,169138.0655,169753.2498,170628.5985,171807.4138,172714.1395,173106.2174,173440.6609,174091.3791,175164.4056,176204.4542,177334.0613,178722,180063.8441,181276.4508,182155.4018,183264.5759,184576.4397,186061.4802,187549.3863,189375.0536,192148.0408,195966.1828,200546.9462,205367.1774,210162.7515,214788.5852,219387.3337,223822.5805,228381.2716,233661.0486,239848.3197,245585.3404,248796.0966,249597.1083,249311.767,249938.3484,251101.9592,254275.6224,258849.2077,264639.9353,270411.7064,275997.9083,280771.1824,283173.0364,282792.5929,280916.053,279271.4433,278739.9427,279304.1944,280106.9175,281455.0336,283440.3842,286726.8395,290649.5441,295054.7869,298896.8458,302530.1467,305751.6197,308818.3792,310739.9527,311662.2109,311634.0328,312242.9551,313710.7838,315929.4317,317699.11,318825.6112
394321,340,"Altoona, PA",msa,PA,150415.9229,150860.5761,150686.9036,149728.3372,149208.5384,148771.1791,148195.4118,147701.949,147995.4943,149081.0356,149603.8207,149811.6791,149166.5597,148244.3057,147818.845,148264.4886,150099.1017,151981.403,153858.6679,154980.9975,156036.8892,157307.4465,158175.0745,159572.4934,160686.2691,162479.881,162929.778,162329.4184,161456.6888,161583.0512,163925.329,166449.3246,168410.0948,169071.4368,169903.6664,170675.6888,170693.1185,170261.9303,170070.8688,171193.9909,172154.7821,173109.3536,172792.5479,172570.503,172453.2382,172688.5068,173105.8595,173311.5142,173985.9034,174465.2349,174619.5554,174801.8425,174478.6249,174154.1921,173236.4927,172734.6393,171922.9161,171234.5832,171659.1547,171522.9545,171640.287,171174.9632,171544.7317,172059.7816,172315.6013,173109.4997,173684.5575,174569.1737,175052.779,175156.1771,174523.3591,174383.7826,175111.4297,176949.4447,178019.8339,179105.9773
394905,341,"New Bern, NC",msa,NC,146708.8955,147405.3007,148129.8173,148465.2065,148740.9666,149135.8493,149724.5712,150139.8743,150624.656,151173.6544,151707.2665,152098.3328,152455.8595,153031.8282,153774.0277,154598.3623,155394.2331,156121.2151,156796.4633,157703.9023,158898.0865,160075.6327,161044.7589,161693.8478,162455.053,163309.5666,163929.8122,164308.1669,164744.4705,165839.5696,167586.4452,169888.7189,172366.0681,174880.9392,177072.0053,179204.2558,181314.7114,183717.4335,186516.4845,189646.97,192329.5313,193885.8029,194397.5415,194780.921,195789.8029,197185.46,200039.2836,203944.9309,208712.1508,213320.8753,217412.8776,221238.994,223721.9404,225039.8896,225554.2019,226181.2971,227052.3678,227832.5925,228652.222,229495.6782,230920.9662,232796.161,235094.3231,237470.4616,239476.8228,241176.6481,242543.81,243486.3775,244473.2526,245234.4715,245983.9322,246886.512,248340.9848,250277.3935,252275.2595,253612.3848
394588,342,"Farmington, NM",msa,NM,174562.914,175637.1932,176283.9993,176016.9979,176109.8101,176568.5353,177842.3194,178413.1329,178812.4899,178300.9494,178478.8318,178907.8505,180252.6129,181526.2793,182487.0737,183003.2339,183599.9125,184108.6379,184343.2703,184581.5677,185145.5271,186440.0938,187092.5938,187207.919,186707.8591,186470.6625,186329.2791,185983.588,186440.4252,187577.7062,189526.7986,190418.1797,190806.1182,190692.4858,191083.5147,191921.3374,192989.5778,194078.7111,194635.9207,195165.0658,196004.4085,197338.0225,199151.2686,201219.5861,203287.5324,204991.8294,206776.4525,208650.5312,211070.7922,213338.7694,215528.706,217904.7287,220356.6276,221891.2735,222450.3024,222724.3184,223398.2699,224068.1157,224066.1801,224414.7258,225152.7505,226623.2186,228126.2698,229280.1675,230186.3366,230666.3463,231300.6259,232300.4785,233605.7737,234931.5811,235813.2862,236707.1859,238053.354,239470.9872,240554.7866,240954.5247
395120,343,"St. Joseph, MO",msa,MO,127307.5282,127866.6915,128422.6688,128762.7625,129074.4725,129268.0424,129605.5412,129904.1602,130439.6944,130840.7117,131443.2784,132168.2189,133209.6456,134119.4971,134811.0792,135485.1834,136125.5817,136589.7224,136555.5556,136836.605,137719.8607,139111.5999,140183.9057,140862.8067,141501.7477,142313.8662,142991.4216,143318.9972,143916.2062,145271.2194,147624.4391,150075.9617,152135.4833,153503.8206,154562.7775,155891.9495,157421.0164,159093.8208,160767.2577,162663.0534,164834.2613,166623.2925,167939.9231,169082.2489,170548.4949,171883.2508,173154.8353,174060.2767,175044.2808,176067.8098,177076.1256,178456.3456,179381.5359,179753.5307,179429.0556,179334.2182,179402.7467,179334.8542,178979.351,178619.8156,178967.4999,180161.8094,181833.7108,183295.8469,183761.914,183577.1752,183279.7003,182801.7888,182664.9425,182645.7103,183182.9545,184344.7251,185858.5835,187686.2104,189162.9195,190367.6623
395054,344,"San Angelo, TX",msa,TX,146758.2811,147865.607,149192.231,150062.8168,150745.0627,151357.1259,151997.2702,152354.1211,152840.8317,152923.4212,154212.382,156432.5637,159872.8632,162942.5983,165157.3447,166490.2405,167422.1067,168416.6019,169693.3469,171246.1138,172790.7199,174111.9954,174798.5512,175369.8605,176211.5329,177452.1997,178533.5836,179179.415,180196.6136,181707.7303,183838.724,185095.4719,185795.0517,185836.8796,186837.1956,189091.4073,192440.869,196112.8025,199005.2209,201787.0773,204359.4201,207216.0104,209590.434,212126.9561,214907.6227,217337.9978,218815.5787,219635.9941,220304.0517,220996.445,221361.8384,221944.8984,222245.6754,222209.3578,221601.0378,221175.0198,220946.2035,220999.173,221452.4324,222140.1186,223266.0864,224738.3878,226962.9121,228856.912,229665.5019,229368.7442,228370.4024,227392.4653,226528.1804,225966.8352,226221.2218,226928.8638,228326.6886,229777.0283,230858.9109,231429.9741
395218,345,"Wenatchee, WA",msa,WA,309492.8765,311956.092,314471.0472,316485.2168,319393.9695,322391.9257,325433.4576,327667.9062,329593.5261,331471.4711,333458.0988,335633.6096,338554.8589,341670.4187,344838.2509,347603.8022,349934.875,352262.0849,354577.8662,357639.3288,360857.5171,364129.3225,366644.2623,368736.5964,371182.9188,374656.0732,377882.8764,380014.4912,381471.033,383953.4138,388479.9244,393848.5478,399776.1379,405449.823,411063.926,417422.0127,423902.816,431052.0639,438750.6866,447236.1828,455553.866,461215.3498,464778.5791,466961.1827,469642.9522,472151.8394,476684.5431,482879.1857,491598.6936,499292.6189,505083.4788,507949.9519,507814.9805,505222.4391,501014.5781,497928.6176,495270.5766,493013.0288,489964.5867,487884.5799,486941.0852,487820.4537,489430.3595,491531.5943,493209.7451,494763.5271,495326.4241,494916.4326,493985.576,492871.0008,492402.8474,492517.4108,494164.1066,496096.3103,498072.4199,499066.657
394949,346,"Owensboro, KY",msa,KY,122392.2098,123456.9572,123915.9825,124105.8214,124659.0672,125302.4504,126131.0109,126680.2953,127464.1861,128155.1918,128819.7481,129554.7293,130218.6189,130851.6762,131179.7605,131468.2404,131835.9441,132205.6165,132462.4448,132807.4157,133469.4909,134394.5717,135144.8611,135681.2003,136221.1802,136898.467,137623.4737,138158.8585,138986.4497,140281.8306,142436.7535,144756.744,146816.6289,148301.2796,149661.7824,151089.991,152464.017,153671.4297,154858.6962,156382.0615,157559.2402,158447.3973,158859.6538,159848.243,161191.8544,162847.6688,164640.8851,166757.1581,169110.4994,171517.6756,173504.8477,175578.2521,177432.7417,178890.2093,179419.4763,179816.2415,180246.0062,180640.4031,180280.2771,179790.8572,180002.4584,181280.9709,183161.085,184489.547,185072.3804,185198.5004,185521.2287,186180.4194,186741.2758,187256.9157,187675.7443,188548.73,189718.9653,191176.6329,192292.4694,192864.6501
753890,347,"Holland, MI",msa,MI,197401.277,198205.6378,199057.2544,199824.5242,200767.8245,201680.1932,202408.9782,202755.5282,203102.4268,203687.0877,204508.7015,205850.0812,207332.0482,208763.2123,209806.4407,210421.0551,210800.7409,211116.6607,211439.3991,212205.6191,213513.0051,215130.5091,216769.147,218102.8995,219208.7356,220073.9226,220489.1614,220669.3041,221278.6029,223016.0316,226563.1563,230972.0268,235664.7068,239828.6704,243626.5255,247797.0253,251964.7977,256503.3176,260907.3834,265304.6708,268308.096,269344.1727,269316.8885,269752.9264,271219.763,273175.4566,276241.5659,280808.8791,286157.0902,291428.2409,295214.7505,297973.8489,298386.0286,297416.9937,295254.8244,293646.6548,292476.5401,291484.0017,290764.6049,290102.3834,290637.2635,292138.1775,294880.3068,297711.4603,300115.9545,301942.6244,302866.9285,303412.0601,303952.1942,305116.6534,306147.8182,307475.1048,309331.2827,312331.8987,315199.6134,317349.7586
394810,348,"Lumberton, NC",msa,NC,77920.21092,78973.71559,79476.68749,79532.69469,80025.60719,80656.15121,81406.60147,81361.24855,81904.36997,82453.08086,82968.44116,83082.09188,82988.60626,83037.71273,82756.98125,82254.73037,81880.54254,82242.7048,82799.13525,83471.35562,83792.21256,84112.37258,84203.6114,84731.18972,85733.20455,87156.78921,87954.49375,88074.35991,87866.7407,88630.45587,90580.73715,93124.63352,95508.73607,97517.56482,99119.09876,100615.6043,102478.9714,104821.2336,107199.1346,109121.8397,109404.0207,108827.1795,107809.0791,108130.203,109567.4196,110736.521,112543.3244,114304.3567,116810.2667,118769.3709,120201.1972,121900.1788,123834.8067,125634.933,126930.1853,127764.0821,128431.8466,129039.679,129018.4139,128360.3604,128129.6622,128726.678,130135.9693,131278.6403,132405.9139,133235.0884,133957.1814,133749.4366,134015.3579,133816.4102,133557.3587,133406.8027,134100.1261,135899.3181,137586.3464,138848.2505
394778,349,"Lawrence, KS",msa,KS,201182.5874,202433.4439,203912.8757,204961.9255,206033.9389,206496.8044,206720.2448,206641.0542,206719.3436,206995.9613,207365.3133,208170.2394,209617.4036,211234.0582,212676.7004,213757.0095,214759.7864,215700.3525,216365.3417,217138.6359,218040.0908,219064.3853,220075.2061,221192.3581,222571.1955,223787.8341,224557.9624,225116.2347,226280.6294,228396.4607,231350.2504,234524.4593,237552.6155,240060.1494,242265.0781,244854.8787,248205.7636,251965.1445,256942.1303,262183.93,266240.0903,267649.8026,267396.2423,267718.7418,268876.4538,271102.9599,274346.5243,278368.9408,282241.6657,285889.1943,289269.4596,292056.5473,293619.5434,293719.0371,293260.8524,292633.4824,292409.7355,292599.087,292796.9088,293885.3095,295107.6602,297394.7013,299878.3467,302809.6109,305476.5397,307609.644,309243.99,310231.0918,310666.0005,310353.7824,310153.5274,310347.9706,311865.3581,313517.7423,314894.8112,315778.926
394635,350,"Goldsboro, NC",msa,NC,117982.7433,118042.5658,118660.7693,119184.8529,119963.6018,120567.2386,121491.5592,121964.4669,122545.2693,122870.2392,123164.5924,122992.8223,123317.3715,124043.6896,124856.8892,125172.7306,125069.0948,124707.994,123999.3238,123614.7607,124105.7026,125010.5097,126110.2438,127221.3443,128443.8931,130037.4538,131439.8989,132644.0431,132933.9727,133552.2604,135003.8277,137026.4453,138384.2538,138804.4563,139442.8479,140289.0676,141269.0292,141859.7263,143287.7907,145420.7362,146712.8088,146605.126,145508.4436,145288.1399,145673.9644,146116.6837,147797.0495,150573.9701,154227.0777,157469.5283,160365.1091,163478.7856,165877.861,167189.7154,167182.9466,167029.6619,166888.1117,166251.0122,164878.1928,163698.879,164482.0709,166980.1644,169959.5464,171959.8761,172937.565,173436.7939,173981.6803,174359.9886,174850.8066,174901.0268,174477.1236,174603.4664,175995.1806,178491.6312,180682.2517,182266.1457
395213,351,"Watertown, NY",msa,NY,144748.0336,145045.7377,145905.3829,146826.747,147910.1027,148710.6954,149287.8833,149038.7074,148689.6754,148227.3339,148226.0437,148491.8896,149131.3374,149659.5655,150038.7792,150351.4865,150901.9064,151598.9413,152316.7446,152986.4874,153566.3278,154106.7045,154464.9818,154941.1669,155349.2451,155865.1276,156139.7181,156289.3048,156343.735,156615.6268,157797.0801,159930.1958,162751.332,165199.8289,167030.8681,168419.0677,169790.1479,171126.4233,172994.6733,174959.9398,176616.0251,177141.2109,176768.7178,176553.3486,176822.4527,177658.159,179499.823,181798.0471,184602.7406,187428.9872,190340.1537,193805.8612,196240.802,197501.4472,197188.0303,196972.4462,196863.9619,197083.2583,196516.2404,195871.4288,195109.4716,195191.8938,195849.5109,197350.6169,199162.616,201098.5775,202701.7431,204242.6035,205915.0634,206816.5243,206697.6502,206332.0429,206918.7269,208612.7834,210892.7418,213435.0025
395089,352,"Sheboygan, WI",msa,WI,173502.2422,174938.5667,176187.9494,176787.1652,177720.5158,178480.7925,179281.1592,179543.2887,180163.2525,181251.6269,182608.4365,183927.4401,184810.5636,185456.5081,185888.8228,186521.1189,187117.1712,187898.1916,188625.3682,189549.7307,190538.046,191504.4063,192690.3296,194168.6683,195684.102,196955.0594,197523.9771,197764.2487,198250.5146,199667.5181,202372.6374,205828.7853,209214.9251,212023.6493,214367.8905,216670.6783,218998.0799,221340.3663,224310.365,227842.7227,230537.2232,231398.2282,230724.5266,230016.5352,230305.1163,231365.3387,233625.3774,236596.8999,239850.7634,243380.5359,246681.16,249558.5127,250727.3235,250200.7252,249162.8359,248483.6701,248740.6267,249641.5298,251601.9985,253671.806,256491.2738,260075.9712,263802.703,266617.1601,268220.1635,269938.8851,271625.5662,272887.5781,273740.9758,273945.4194,274458.3083,275864.3204,278989.6193,283024.5595,286050.8293,288309.7701
395217,353,"Weirton, WV",msa,OH,84523.81411,85297.01143,86030.36146,86240.23459,86396.82156,86278.56935,86626.213,86917.69674,87578.06055,88133.1917,88757.61684,89417.97515,90070.81873,90531.13951,90692.15572,90681.84366,90626.38018,90504.70926,90459.13346,90688.86326,91253.55928,91932.82181,92578.45555,93434.24438,94418.51592,95622.93898,96325.43852,96481.6772,96278.92507,96546.11818,97587.14029,99433.64028,101721.3413,104012.8374,106015.4388,108020.1597,109969.4574,111805.0343,113475.7935,115123.5924,115617.7442,114924.5226,113352.1595,112535.5438,112552.4276,112865.792,114253.3585,116180.7664,118597.7458,120410.2823,121634.2586,122693.6756,123098.442,122889.85,122333.9399,122203.4349,122391.0292,122599.5677,122114.8376,121726.5969,121565.0836,121967.8118,122870.6484,124019.3426,125032.1634,125349.0549,125081.917,124865.2866,125001.6941,125269.5414,125306.4408,125455.612,126126.2322,127234.384,128425.2189,129298.5719
394867,354,"Missoula, MT",msa,MT,308090.187,309808.1441,312007.8534,313481.8383,314863.634,315604.1045,316199.8269,316628.0379,317402.7809,318197.0733,318932.0198,319796.6798,321171.9812,323156.2918,325043.2167,326493.5184,327801.6366,329214.5504,330748.4464,332203.2058,334107.0495,336246.8957,338777.4798,341435.6948,344639.0738,347655.2118,349398.6182,350010.7058,351101.4987,354410.2713,360492.2673,368016.373,376910.8322,386174.0101,395576.3823,405649.8838,417754.1606,431545.5092,446780.8969,460934.6525,472284.2591,480022.2715,484685.1448,488873.7475,493090.3371,498447.8881,506643.9591,516406.2143,528524.8521,541107.9825,553133.4088,562184.7847,565140.0623,562557.3157,555681.8618,549144.451,544418.0797,542158.4381,538907.8712,535599.8481,533252.1975,535079.1879,539774.4373,545446.1473,550512.2068,555254.2497,559554.6397,561700.2053,562449.5109,562058.0631,563180.4594,565031.7616,567355.4215,569036.8184,569581.9909,569756.204
394407,356,"Bozeman, MT",msa,MT,407173.8061,410921.048,414958.9729,417996.6046,421130.0877,423278.0191,425362.0108,427346.2652,429728.4899,431644.8248,432555.6876,432957.066,434198.6149,436050.6992,438111.2469,439805.5057,441418.4861,443756.9417,446393.1912,449412.5252,452462.2689,455707.7983,459431.3884,463828.4299,469221.7341,474485.6355,477723.1149,478959.2593,479847.5701,482987.0095,488816.7633,496356.9263,505261.2978,514871.5951,525261.7842,537183.2415,552422.3234,571436.6939,593154.2372,613567.5906,628005.8458,634802.4115,636255.4708,637647.364,641218.2474,646413.1325,654417.575,665054.9341,679536.7243,694400.9519,707760.7483,717620.1178,720823.8098,717128.4918,707913.7338,697910.3028,689362.2734,682139.6206,675808.3372,670772.5988,667895.9313,668678.5585,671859.6963,676068.5961,679328.388,682176.3606,684998.9248,688767.7401,692010.2114,695405.2251,699359.5203,706054.8016,713353.3,719292.7957,721312.2715,720338.2384
394333,357,"Anniston, AL",msa,AL,113702.833,114189.7277,115041.5455,115961.077,116954.0272,117941.6753,118820.3805,119121.5432,119320.8355,119397.3439,120079.5554,121136.9213,122600.3907,123553.8503,124059.2572,124595.1551,125425.9744,126357.6575,126755.5437,127066.5304,127112.4101,127486.3389,127151.7424,126988.0601,126974.4159,127785.817,128733.5292,129834.1495,130692.3652,131983.6852,133594.3402,135663.446,137482.0388,138902.2619,140185.0814,141051.1491,141776.642,142423.6771,143773.0747,145765.9458,147886.3175,149770.7427,150919.2886,152098.4975,153186.3876,153968.2702,154248.916,154023.6879,153817.8933,154062.5158,154782.3735,156454.6955,158150.9212,159614.4436,160009.4769,159860.6333,159355.5021,158835.5735,158535.5583,158271.9076,158398.3761,158719.6936,159325.5884,159553.7418,159070.8913,158279.3423,157754.8661,157294.3805,157394.43,157465.616,157385.8923,157115.4995,157595.2563,158907.5814,160446.7889,161551.2824
394374,358,"Beckley, WV",msa,WV,83674.30386,84241.77452,84838.28748,85110.71773,85048.51971,84864.65009,84801.5614,84383.41899,84294.41678,84498.90974,84997.27639,85544.47838,85896.15954,86339.00545,86572.15005,86774.32483,86811.86241,86651.31658,86473.57151,86565.528,86733.93843,86838.35325,86646.87593,86842.60985,87510.17857,88643.87705,89395.34329,89700.79443,89935.28818,90801.57087,92265.51557,94153.92671,96291.00931,98221.37779,99829.88619,101114.4503,102439.4842,103552.032,104699.1673,105978.7095,106202.3203,105330.2282,103678.9107,103298.4194,104127.87,105274.5624,107508.8709,109889.5446,112540.628,114522.1907,116229.3034,118149.2905,119552.1715,120552.9534,120788.757,120978.0761,121049.4745,121366.0796,120904.3433,119948.7465,119594.6415,120593.301,122908.8215,125145.5345,127110.5918,128476.994,129246.5566,129756.2473,130616.44,131284.2742,131447.8878,131846.0073,133281.6351,135295.2657,137065.9419,138620.5895
395225,359,"Williamsport, PA",msa,PA,163114.9329,163045.2892,163014.9703,163011.067,162958.9584,163216.2812,163201.2822,162907.4431,162385.887,162176.5451,162280.2394,162915.4269,163900.5935,164967.4707,166059.5417,167016.7837,167935.5128,168528.8607,168907.6776,169492.7441,170403.2881,171451.386,171976.9953,171997.7647,171920.7097,172327.1662,173086.8345,174091.9171,175222.2915,176669.6766,178822.5035,181036.9488,183308.3416,184800.6298,185914.3699,186782.5024,187819.568,189141.4844,190821.3588,192565.2507,193561.663,193732.0471,193025.0594,192794.2747,193109.9679,194272.9315,196545.6282,199558.3077,202815.8423,205584.1971,207397.8311,208749.8974,209193.3529,209060.1665,208572.0212,208635.3473,209061.7847,209650.3554,210139.1812,210607.1682,211095.8755,211931.5196,213145.9402,214864.1824,216054.7618,217013.3044,217580.3315,217815.0913,218009.7968,218124.4336,218655.8466,219535.1253,220892.1147,222020.0606,222749.0093,222627.7135
394423,360,"Brunswick, GA",msa,GA,176667.1914,177107.8289,177486.2367,177870.2999,178921.4331,180162.8512,181960.9479,183308.544,185037.2097,186559.3762,188058.4856,189192.896,189873.6668,190362.6825,190387.1428,190413.2369,190545.7974,191040.5118,191714.9298,192533.3756,193605.4074,194843.7586,196095.262,197329.5478,198553.9851,199432.6797,199806.4456,199826.5998,200400.7415,201833.9678,204263.9099,207043.6056,210025.998,212767.8307,215460.48,218210.1387,221133.7733,224152.7802,227583.4499,231228.6825,234401.8058,236324.9451,237514.1503,239289.9835,242301.5254,246065.3921,251051.3146,256721.6711,262154.7203,267007.0927,271094.1815,275643.4114,278986.6135,280811.1197,281272.0279,281475.7044,282016.2426,282546.8961,282829.4778,283204.0872,284322.3152,285856.2745,287658.4702,289058.0298,290237.8153,291335.2627,292391.7323,293317.9054,294225.5945,294990.891,295720.9217,296453.1813,298003.5565,299905.2319,301779.2138,302656.2828
395173,361,"Twin Falls, ID",msa,ID,194713.1464,196131.9551,197642.3617,198816.3081,200029.909,201201.284,202885.4355,204528.6282,206214.7314,207766.825,209550.3606,211560.9525,213741.7875,215949.1424,217986.5252,219838.9246,221412.3337,222881.0319,224123.3249,225696.5481,227461.1017,229495.9775,231337.3314,233204.162,235347.0926,237675.2784,239630.905,240927.5715,242494.3173,245027.9455,249019.7566,253856.3128,259369.23,265318.3512,271495.2568,278558.116,286614.6568,295127.2081,304008.2839,312241.3987,320232.6498,327342.8775,333472.0768,339329.8895,344896.8444,351006.9781,357601.0658,364235.2303,370649.9119,376600.175,381761.4247,386027.7105,387521.7287,386535.2718,383088.4837,379547.9966,375810.9587,372064.3103,367889.2184,364011.7718,361153.0793,360110.136,360225.6301,361565.8717,362793.6526,364069.0999,364689.3959,365354.0622,365548.1207,365183.8608,364248.8406,364255.8379,365294.8204,366576.9818,367019.6993,367001.9264
753872,361,"California, MD",msa,MD,298441.0912,298641.9343,299242.3769,299815.8588,300662.7172,301386.7125,302189.9993,303133.1625,303833.1649,304174.5759,304465.6318,305347.062,306836.5827,308282.5825,309122.1962,309827.3259,310317.2645,311250.5712,312001.1322,313299.634,314856.2912,316511.2519,318066.9853,319730.5168,321217.6908,322411.3648,322978.3943,323336.2614,324100.3882,325991.0285,329643.8335,334161.8228,338980.5401,343349.2889,347329.8716,351629.9787,355986.788,360331.2081,364160.3149,367432.679,369936.5136,371124.128,371482.9588,372130.1439,373653.2327,375711.5382,378381.5642,381249.0291,384793.6835,388540.431,392602.6817,395733.8047,396470.2602,394921.2602,392059.5525,390308.3077,389112.3044,388856.6498,389378.7463,390609.64,392454.8249,393819.531,395556.008,397415.2024,398985.4278,400082.5743,400367.3413,400166.8102,399518.4019,398780.8397,398096.7998,398622.7864,400822.552,404016.2575,406791.2901,408093.0777
394495,363,"Cookeville, TN",msa,TN,158639.9835,159875.2508,160955.7465,161614.7194,162459.3572,163571.8114,164736.265,165595.4304,166442.1019,167184.0617,167989.9248,168814.5049,170265.0774,171974.9203,173720.4636,175017.7759,176135.6847,177222.8216,178474.3383,180166.3269,182273.5192,184449.5197,186165.8306,186930.0429,187274.3022,187870.462,188977.7419,190524.3144,191995.0226,193787.0519,196015.5936,198148.4072,199878.8648,201224.9152,203019.3487,205646.9535,208580.5595,211929.3737,215878.1053,221151.4955,227046.2216,231992.1421,235689.7231,238744.7024,242530.88,246608.2808,250884.4746,255460.782,259334.7573,263125.5873,266003.3121,268981.4345,270663.9852,271051.1386,270349.6347,269758.0413,269254.9546,269060.3001,268787.4026,269461.7052,270714.0823,272536.3772,273980.8838,275107.022,275513.6855,275851.3754,276101.3283,276206.6079,276248.7007,276373.4658,276506.5938,277402.8262,278991.9663,281192.0651,282974.3596,283995.763
394893,364,"Muncie, IN",msa,IN,90202.79454,90791.612,91248.75292,91541.34849,92042.6064,92580.9282,93129.74245,93457.51244,93965.17167,94316.74552,94421.63127,94342.24952,94450.34735,94705.84198,94873.05059,95098.37049,95454.80599,95803.09698,96078.62089,96360.3366,96794.10181,97276.67429,97829.77253,98511.13579,99370.21899,100425.1345,101303.417,101997.0371,102673.7372,103714.1755,105127.6584,106862.5832,108880.157,110821.9944,112493.9031,113922.4717,115533.2833,117244.9319,119158.3293,121185.7792,123021.0271,124410.2232,125011.719,125457.1408,126010.9522,126916.8764,128610.4141,130824.662,133128.7745,134933.4543,136237.3972,137670.663,138786.286,139246.2923,139229.0328,139210.672,139651.6217,140063.5762,140333.8423,140753.0217,141651.3499,143218.9716,144835.9258,146410.3817,147456.0055,148133.5664,148307.9879,148029.5554,147725.4468,147525.8854,148143.5771,149481.3052,151491.4476,153481.8537,154940.9777,155727.235
394857,365,"Michigan City, IN",msa,IN,141157.464,141990.7349,142890.4931,143891.0146,144881.1645,145830.6254,146781.0834,147602.5979,148542.5019,149361.8391,150200.678,150998.0746,152060.5661,153115.5973,153848.0089,154365.7083,154998.146,155875.3292,156531.9839,156977.0496,157494.989,158297.0948,159145.7861,159723.3546,160087.3651,160544.075,161013.9323,161565.8344,162339.9966,163657.9704,165659.5484,168123.0964,171085.4511,174003.5175,176550.7068,178981.5046,181584.0661,184394.2534,187304.1752,190074.676,192259.6387,193608.6368,194066.8299,195010.9766,196340.179,197766.1363,199773.906,202476.9811,206102.2391,209652.0213,212446.794,214999.2326,216579.9721,217424.3485,217523.6836,217640.1548,218000.3753,218339.8682,218357.0502,218761.3837,219737.8425,221105.0942,222619.8751,224389.3603,226439.6039,228317.3025,229430.0675,229814.5332,229450.2918,228639.5829,228374.1293,229175.6846,231616.1496,234262.6389,236660.3645,237813.9154
395039,366,"Roseburg, OR",msa,OR,208834.0812,210323.0239,211301.1996,211877.9123,212742.1761,213796.0564,214857.2705,215451.3844,216121.8498,216946.4541,218050.6695,218854.1776,219638.9161,220439.0408,221474.769,222643.9285,223990.6254,225540.1388,227135.4643,228706.8888,230483.8859,232370.6734,234309.7898,236034.7373,237785.7724,239846.8434,241252.0941,242153.4368,242844.2037,244597.0651,247654.2357,251765.4469,256675.3752,261597.5026,266412.8769,271081.4293,275845.8106,280090.0311,284758.0453,289906.0737,295353.1444,299943.8216,303526.1839,306482.3004,309288.2394,311859.4234,315535.2513,320138.734,325472.3224,330582.2706,334890.3018,338266.7418,339469.373,338915.3889,337352.0198,336472.7129,335479.6467,333689.3724,331415.0027,329655.4556,329291.265,329872.5941,331201.9442,333159.2005,335010.9759,336765.3399,337659.7801,338007.8232,337948.0007,337762.1872,337565.1978,337393.3782,337979.3745,339058.1132,340144.3302,340770.3135
394788,367,"Lewiston, ME",msa,ME,170055.0123,170792.6215,171614.924,172264.8151,173265.769,174414.064,175558.104,176182.7274,176870.0339,177436.256,178323.7914,179133.7899,180290.739,181344.0899,182018.234,182612.1839,183262.4964,184410.89,185396.8974,186551.9488,187822.6796,189034.0102,190359.8304,191723.1204,193752.207,195895.2217,197710.9418,198970.9385,200657.018,203434.831,207319.3192,211727.4752,216206.1046,220475.1777,224145.7497,227586.9716,231283.6238,235386.2993,240045.8281,245112.5505,249527.2218,252114.4528,252809.1284,252903.0443,254045.7875,256117.8626,259923.706,265206.5295,271574.7792,277969.029,283455.6228,287819.9372,289962.2742,289583.6325,287743.9725,285782.9118,284611.9021,284445.0848,284912.2943,286638.1345,288932.3589,292246.0445,295754.2576,299966.2386,304088.8624,307874.2677,310678.0899,313031.6315,314737.2354,316342.0629,317551.6999,319396.3177,321790.2417,324396.3292,326395.1236,327057.7002
394804,368,"Longview, WA",msa,WA,243664.909,245442.6062,247537.8313,249406.8918,251858.9371,254322.0553,256230.714,257448.1639,258462.2412,259977.3735,261728.4217,263586.5148,265727.9836,268065.2839,270455.57,272778.6831,274979.1558,277155.1546,279007.0805,280976.5207,283421.9195,286037.6649,288469.7,290850.1943,293463.1828,296322.6144,298353.5816,299907.0849,301734.8644,304883.7811,309890.9274,315835.9643,321894.5884,327667.5225,333022.6275,339095.557,345282.4386,351572.7185,357527.4253,363031.8495,368268.9029,371731.4437,373688.4903,374596.6184,375938.4094,378293.6004,382682.2318,389018.7095,396665.6573,403896.8365,408996.2908,411570.9857,410924.2327,407931.5185,403938.1353,401153.6203,399214.8372,396978.9573,394509.0769,392933.4436,393589.8988,395179.1743,397409.4094,399561.4043,401652.551,403603.236,404899.3769,405293.9433,405491.9007,405516.9528,405886.9886,406677.0949,408580.2078,411327.0942,414108.6199,415391.2572
394932,369,"Ogdensburg, NY",msa,NY,91887.72357,91982.28878,92391.92212,93027.48515,93839.93909,94702.62164,95613.21403,95858.31973,95974.6705,95545.73351,95491.09591,95657.22427,96151.20389,96661.64567,97003.67889,97442.32587,97749.67498,98156.31844,98544.87729,99311.27366,100081.9227,100695.3992,100380.592,99865.73711,99465.71764,99634.97551,99988.98285,100161.9708,100479.3333,101138.3769,102663.2734,104636.7564,106849.6679,108731.5157,110233.6935,111608.208,113212.4419,114795.084,116559.7379,118400.1036,119852.5655,120070.5923,119210.5715,118704.7782,119112.5808,120040.3329,121946.675,124049.91,126319.1615,128029.0357,129540.7054,131415.8286,132981.5156,133494.9616,132967.8844,132256.6534,131893.188,131429.0066,130232.617,128972.3862,128250.8654,128353.0518,129241.8247,130577.6564,132270.6535,133674.6583,135207.0455,136614.8939,137933.2528,138276.7832,137814.6064,137113.2659,136802.8482,137033.9903,137982.9473,139474.4726
394734,370,"Kankakee, IL",msa,IL,138436.9124,139505.1531,140161.0137,140034.3428,140075.2403,140046.7875,140559.849,140640.4185,141070.1625,141646.9128,142935.8578,144567.8601,146014.0065,147141.488,147870.425,148367.7321,148386.1322,148271.6987,148284.6233,148861.5979,149674.6318,150659.8481,151215.0892,151769.4446,152057.4451,152903.2887,153423.7633,153630.4548,153732.3141,154433.6849,156288.3346,158411.8803,160716.0756,162997.971,165324.8554,167778.4856,169679.4155,170510.2121,171266.5205,172255.8933,173219.3015,173445.4105,172851.5087,173140.4384,173962.647,175297.0504,177418.5991,180281.4505,183347.6817,186191.2569,187998.3437,189203.9218,188565.0605,187799.9411,187140.7228,187519.4182,187555.7666,187713.8604,188310.9263,189154.7441,190295.7708,191085.2272,191906.7199,192372.2092,193463.0818,195364.6736,197602.6104,199214.8676,200038.8776,200349.2611,200344.51,201134.3266,202817.932,205115.4014,206056.9579,206356.0242
394396,371,"Bluefield, WV",msa,VA,85589.4528,85968.77825,86299.83122,86305.96682,86234.30759,86202.89465,86543.45443,86720.29756,86917.24363,86946.61896,86962.53493,87193.44862,87443.48771,87718.62348,87783.96138,87919.15503,88200.40987,88318.07837,88231.565,88139.81782,88261.69126,88606.99826,88658.14458,88851.75139,89146.64422,89594.75135,89856.82891,89859.73912,90136.55724,91031.08188,92773.28377,94922.82955,97167.19355,99020.06119,100537.434,101887.4455,103368.6533,104741.8488,105819.8562,106948.4265,107611.0195,107861.4882,107323.8714,107375.912,108262.6469,109570.5746,111664.3129,113805.7599,116032.8333,117610.0843,118941.8767,120806.8916,122625.2146,123927.9471,124498.2819,124996.2492,125446.2143,125923.7968,125544.8772,125458.0621,125687.3866,127086.9117,128594.6371,130124.125,131214.9257,131969.4117,132157.2414,132283.466,132541.0155,132775.4911,132887.502,133332.2407,134486.5738,135735.7936,136901.0679,137508.3734
395095,372,"Show Low, AZ",msa,AZ,205030.3248,205831.8903,206376.9359,207255.5774,208775.271,210485.0162,212101.363,213343.9424,214687.2518,215837.9633,217533.05,219971.6353,222634.9771,224762.2872,226223.5215,227541.6445,228745.9641,229804.8222,230761.892,232046.4527,233428.6276,234906.24,236641.8848,238612.1419,241042.9019,243520.3262,245475.633,246708.704,248245.5892,251028.2246,255639.769,260938.5425,266749.6318,272819.0326,279213.0315,286001.056,293791.7943,302687.9049,312387.3453,321834.6133,330099.3457,336193.6337,340565.5771,344011.7197,348039.0827,352008.4254,356593.9347,361787.5745,368110.4186,375806.5242,383859.5169,391572.795,395429.3441,395232.1577,391308.6373,386863.0063,382271.6896,378036.3309,374429.8637,371488.5093,369756.0729,369412.3504,371308.0965,374375.759,377271.3803,379248.1908,380388.8379,380934.639,381090.2486,380541.6835,380755.9189,381983.1631,384484.791,386406.9948,387802.0346,388503.3251
395023,373,"Richmond, KY",msa,KY,158040.4566,159099.9245,159920.0966,160180.0935,160687.9739,161024.5809,161294.3398,160821.3548,160355.1123,160071.4426,160401.6071,161094.3572,161902.5783,162658.3362,163343.9018,163972.6728,164545.2379,164896.49,165113.6265,165634.8483,166600.6031,167942.1567,169360.4259,170574.9977,171944.404,173351.1337,174838.7792,176128.7809,177515.8551,179101.2921,181190.4574,183442.434,185801.7995,187955.3254,190440.8084,193058.9606,195519.1302,197329.5394,199065.5208,201117.1945,203068.9546,204503.3234,204895.1725,205439.6129,206410.152,207834.4363,209623.9207,212425.6689,215960.7673,219367.6092,221671.8596,223468.7816,224629.1982,225165.7252,225459.8312,225956.2371,226396.2072,226410.3267,226210.7615,225672.1845,226123.1089,227193.5864,229027.2602,230665.6178,231874.475,232524.2661,232886.117,233351.2479,234541.5512,235833.947,236877.0959,237899.667,239144.4426,241252.0721,242943.8976,244618.9734
395168,374,"Tullahoma, TN",msa,TN,159681.7718,160243.1575,160743.0166,161087.5794,161832.2142,162917.1958,163974.5877,164507.6189,165128.3964,165998.0125,167733.5561,169935.1143,172367.6164,174371.9352,175797.3815,177145.3812,178482.5012,179950.7529,181198.0632,182618.9918,184301.0822,185561.5677,186510.5593,187090.0701,188245.9903,189662.9974,191078.718,191986.271,192623.2538,193670.4912,196026.6094,199073.6759,202298.9047,205348.7832,208669.4299,212402.7824,215909.2286,219572.903,223559.6823,228683.7861,233838.853,238146.603,241368.8661,244577.3097,248661.1991,252971.4621,258073.64,263532.6321,268580.3833,272925.8213,275968.509,279120.4778,280902.1739,281325.7885,280454.1794,279493.3412,278665.3913,278049.2629,277305.9642,277570.843,278648.3127,280680.8817,282694.0392,285079.3076,286995.8492,288841.2054,289853.1086,290430.4784,290735.3249,290812.5854,290413.7624,290218.7608,291254.2416,293483.2324,296207.138,297991.8102
395222,375,"Whitewater, WI",msa,WI,226798.815,228270.2991,230008.467,231221.4591,233010.82,234417.7293,235786.8542,236301.6484,237096.8046,238115.3174,239570.845,241468.876,243674.9709,245232.6811,246583.7295,247461.461,248495.048,249451.5248,250385.6919,251293.1021,252160.4105,253230.2145,254876.7229,256769.5234,258912.8371,260837.1097,261963.9777,262299.8677,262613.0202,264091.7222,267369.4049,271996.1273,276684.3395,281272.957,285343.8078,289729.4966,293722.3735,297940.0107,303007.8623,308569.6392,313952.6678,317203.2436,318842.8541,319253.4501,319982.7146,321175.7421,322721.6368,325248.7653,328713.6227,333936.964,339024.9925,343205.4205,344828.7321,344707.7387,344199.7149,344216.2713,344222.2327,344472.3859,346531.7305,349192.822,352355.8275,355341.5843,358226.6867,360064.3663,360272.1085,361075.7059,362130.5914,363047.5272,363259.4357,362875.6322,362836.3333,363472.2099,366100.1308,369578.172,372327.5236,374001.8743
394709,376,"Ithaca, NY",msa,NY,228861.6037,229570.9666,230014.5645,230125.3346,230647.4306,231315.4347,231762.3254,231797.3565,231582.4771,231692.5264,231992.841,232391.2336,232300.693,231512.9364,230547.9509,230112.5484,230180.1438,230636.4396,231185.3247,231979.4663,233098.0088,234209.0018,235383.8346,235926.9703,236644.6209,237532.6715,238282.1334,238454.7095,238660.6123,239947.2409,242667.1559,245911.9254,249405.3323,252388.4833,254251.4783,255769.8497,257007.2286,259032.9452,262013.2876,265789.5118,269439.5333,272180.0285,274107.3259,276059.2953,278246.1463,280209.9653,282794.6803,285519.1256,289528.9868,294038.0791,299401.6617,304789.3863,308737.173,310261.887,309749.3748,308745.3554,307743.4172,306811.0238,305670.8248,305617.4067,306896.5109,309494.1763,312111.7039,315206.6216,318353.2435,321711.1887,324000.2815,325652.2332,327009.2854,328016.8822,328544.5239,329097.5496,330583.0737,333225.1558,336157.2926,338675.1187
394637,377,"Grand Forks, ND",msa,MN,208826.8245,208748.3696,208701.6656,208777.031,209390.8377,210010.0604,210083.8999,209510.8258,208843.6384,208489.4273,208784.7387,209457.9508,210195.4612,210644.5469,210724.7789,211151.6664,211390.8788,211774.6347,211641.5063,211958.0059,212249.7203,212435.0686,212222.9483,212165.201,212734.91,213657.9126,214118.0562,214104.3753,214195.2911,215016.7491,216711.4288,218525.6573,220375.9668,221549.2705,222257.6543,222594.6073,222875.3237,223538.9581,224611.2254,226129.2921,228051.8703,229695.1807,230847.2434,231794.8529,233265.5499,234817.6074,236524.6059,237712.1441,238985.2673,240322.384,241861.3914,244132.5205,245843.5614,246756.1865,246310.7421,245809.0203,245471.5802,245227.7181,244413.3599,243701.61,243234.9332,243839.4659,245297.76,247527.8679,249269.7322,250142.8934,249970.0624,249210.1365,248306.4987,247333.1923,247070.7941,247660.8811,249200.3341,250773.1253,251949.7438,252965.0043
394524,378,"Decatur, IL",msa,IL,77745.43448,77673.6615,78086.39061,78533.10344,79260.28979,79847.36569,80477.02535,80606.06771,80890.42235,81230.23129,81874.74812,82898.81698,84244.40485,85428.94419,85673.60846,85343.73773,84825.96337,84634.53225,84494.81765,84468.41359,84514.57956,84854.68029,84848.54551,84901.80547,84787.60062,85009.45856,84878.91373,84763.40438,84909.8368,85709.75621,86984.04637,88067.56859,89102.22651,89709.7879,90504.99696,91720.16325,93113.66791,94057.88653,94390.94224,94517.80113,94687.13702,94826.7459,95142.6066,95637.2394,96046.31623,96374.85364,96783.27225,97392.64531,97986.74935,98738.48353,99235.47702,99730.39127,99797.61583,99203.99764,98061.61333,97249.88856,97014.72716,97234.60309,97319.79424,97762.46976,98499.59449,99830.5972,101182.6282,102667.237,103714.0097,104684.6308,105145.3149,105706.1624,106314.0119,106890.4126,107459.9526,107961.6548,109238.5888,110467.9821,111691.0462,112298.9751
394762,379,"LaGrange, GA",msa,GA,106174.6906,106980.4898,107847.0849,108664.3517,109572.0771,110391.3148,111245.8755,111904.7081,112669.8317,113687.0738,114841.3664,115885.058,116834.3804,117245.8342,117271.3284,117015.9056,116877.9834,117027.9929,116953.3674,117130.7802,117525.406,118308.4403,119069.0894,119884.3034,120687.6783,121370.8121,121555.6111,121425.8921,121497.5406,122351.9158,124136.8693,126431.2504,128866.2952,131299.1704,133712.6087,135974.4419,137901.1805,139519.1379,141105.0825,142957.0169,144138.8652,144882.2147,145131.6239,146137.2896,147566.8614,149445.0245,152631.4016,156839.8619,160999.1223,164148.1987,166157.9624,168415.2906,170475.2374,171935.1911,172627.6779,172853.6454,173129.4025,173234.3699,173115.1862,173196.0044,173774.5426,174957.9605,176456.9729,177516.713,178256.8217,178739.1277,179521.2748,180375.4292,181270.8437,181885.753,182140.5474,182804.124,184334.7891,186489.5949,188468.3007,189962.7353
394369,380,"Bay City, MI",msa,MI,102334.9248,102757.7149,103208.0529,103288.8193,103355.1839,103305.244,103235.7721,103115.5076,103391.5488,103738.9562,104266.0086,105115.7401,106640.3345,108422.3377,109949.1395,111076.8514,111867.8143,112568.8473,113381.371,114408.5184,115572.0696,116616.357,117497.2083,118224.8412,118793.0361,119803.8855,120551.7974,121173.5445,121411.4408,122285.9701,123737.9695,125339.3224,126685.0324,127589.6319,128557.9355,129737.6607,131328.9207,132834.5234,134450.3397,136446.5944,138421.2589,139693.9185,139947.2038,139929.1348,140272.4882,140818.5095,142237.9936,144117.2633,146079.9632,147614.8657,148618.852,149857.9041,150443.2936,150341.2388,149612.3899,149340.2059,149359.4725,149875.5058,150626.3442,151251.0064,151907.9587,152700.6321,154229.2841,155939.9791,157415.9219,158804.0532,160093.1285,161468.5897,162712.0562,163603.5574,164120.5321,165145.9801,167000.7048,169183.0693,170601.3737,171235.6597
394599,381,"Fond du Lac, WI",msa,WI,160465.9219,161328.4602,162197.8797,162897.3447,163815.0251,164503.0554,165019.2519,165289.3318,166090.8571,167099.3441,168360.9011,169724.7269,171108.6345,172060.6646,172619.0291,173043.108,173664.6746,174197.187,174777.4563,175520.6017,176449.0941,177392.3736,178177.4226,178840.7734,179463.8874,180221.429,180691.6752,180962.5006,181368.7211,182803.8252,185209.2737,187943.3396,190420.6772,192476.3296,194093.6283,195569.4984,197048.5387,199045.221,202318.7864,206593.6067,210051.9878,212144.2916,212626.1003,213248.8646,214172.2058,215622.4354,217975.5519,220771.479,224048.9276,227981.6249,231753.6594,235084.542,236569.5074,236493.2421,235796.9432,235309.0733,235554.0023,235882.8386,236932.9663,238514.1343,240727.7385,242922.8508,244959.8468,246846.9021,248689.7918,250425.9615,251884.2644,252674.754,253400.3751,253819.3153,254664.5699,256247.1392,259216.1809,262709.5545,265277.7354,266916.5984
394630,382,"Gettysburg, PA",msa,PA,213155.3271,213431.2129,213614.9088,214132.3654,214628.5849,215110.9651,215372.8093,215398.3175,215368.1056,215576.1644,216197.8369,217237.2021,218324.284,219298.5557,219948.4194,220558.3591,221184.2949,221564.6579,221759.2299,221907.1527,222742.7616,223552.6022,224623.6717,225791.4045,227522.3504,229681.7242,230922.0035,231428.6998,231372.6981,232033.7696,233851.7718,236694.5642,240671.885,244638.06,247851.3815,250753.9595,253587.7683,256596.3683,259547.2121,262766.6869,265430.7559,266479.1449,265842.2626,265308.9842,265787.1286,266987.7091,269176.1942,272445.8711,276634.8372,280832.7776,284186.7928,287255.5565,288948.1989,289663.0133,289278.0864,289117.2649,289244.9982,289390.8828,289010.0817,288785.3411,289279.1509,290833.3233,293093.7262,295843.7209,298285.5375,300052.7266,300764.1136,300846.5901,300850.8187,300953.4128,301707.4532,303103.6578,305527.8015,308003.0765,309974.1874,310940.0647
394620,383,"Gadsden, AL",msa,AL,112146.1583,112429.0833,112774.7436,112871.1261,113241.0174,113607.4167,113737.5492,113237.2859,112527.9359,112297.3192,113200.217,115018.7353,117430.592,119342.0855,120585.7704,121248.5807,121992.0564,122955.8708,123699.4157,124446.1027,125396.165,126475.4103,127411.1216,128092.3151,129198.3937,130824.81,132560.3801,134215.9572,135029.0946,135597.308,136131.5952,137149.3054,138356.9834,139462.8275,140435.0998,141488.6892,142637.2339,144277.859,146425.7334,148923.5387,151475.7621,153550.924,155423.6164,157479.5851,160020.2264,162444.0682,164330.4129,165412.3141,165988.1238,166671.9289,167618.147,169118.2959,170095.0234,170600.0966,170130.3419,169435.5544,168379.7298,167149.7316,165832.1149,165041.8764,164869.1553,165323.0724,165652.7955,166162.4982,166257.2838,166184.7457,166407.0979,166929.7712,168027.626,168677.5603,168672.4467,168861.2848,169793.3326,171853.0443,173716.0036,174838.8391
394733,384,"Kalispell, MT",msa,MT,315033.2158,316992.1155,319314.4,321446.4248,323859.8342,325613.1437,326676.7011,327228.9414,328045.7861,329074.4405,330447.0518,332300.041,334788.3754,337051.0998,338770.5079,340286.0735,342171.9929,344119.8105,345986.3496,347408.943,349015.4694,350480.0306,352581.0919,355829.1786,360196.8042,364250.1301,366299.7696,366824.3755,367595.9766,370354.4339,376223.7713,384760.1992,395754.005,407904.7617,419263.0143,431082.3882,443623.3953,458899.3049,477071.2069,496663.1869,514528.6701,528805.8761,540191.8529,550583.0873,560842.0466,571490.4623,585846.0327,603126.7072,624334.939,646872.5605,667533.4118,682601.9014,685731.6779,680131.1669,668443.6191,658013.2628,648728.4129,640691.4,631911.9995,624208.1959,618088.7143,615622.6556,615328.9811,617401.8798,620150.0282,622686.8213,624972.0363,625767.2242,626913.4103,627496.4716,630256.5788,634336.7974,639635.6944,644477.0632,647036.2394,647735.5467
394518,385,"Danville, VA",msa,VA,93201.54465,93298.88793,93274.75746,92927.93207,92940.49876,93071.06512,93433.87305,93414.72016,93462.97397,93462.16901,93824.37536,94541.61097,95651.17075,96608.29229,97235.68462,97654.39815,98114.54429,98639.14103,99124.59872,99561.94467,99984.07277,100341.6462,100418.6258,100513.2175,100736.5999,101198.5589,101735.475,102001.0121,102416.8953,103264.2489,105179.0533,107318.4457,109320.6585,110665.3869,111927.4088,113090.561,114272.7166,115418.0859,116709.5899,118616.9576,119814.7332,120479.3855,120456.3086,121182.7374,122644.2571,124372.0877,127106.608,129986.4003,132539.2985,134238.9457,135408.2226,137530.6214,139536.2138,140962.5511,141220.3911,141422.0222,142047.607,142317.9715,141572.0691,140334.8439,139860.3977,140963.1985,142867.4669,144669.1986,145817.6767,146814.3157,148046.9547,149284.6154,150456.1074,151049.7876,151157.2348,151417.7098,152850.2849,154928.7098,157029.4037,158519.622
394823,386,"Mankato, MN",msa,MN,204841.6441,205811.5754,206924.0079,207707.0427,208642.2995,209501.2632,210365.8586,210753.7203,211171.3204,211616.8792,212684.9105,213972.4263,215813.9123,217416.8878,218665.7255,219600.0373,220283.4015,220932.3157,221264.1624,221818.8954,222680.9305,223597.754,224556.4507,225702.0466,227180.7682,228474.0072,229150.1144,229202.3564,229087.0435,229340.4154,230663.2066,232829.0547,235373.5504,237475.4841,238996.8282,240379.5272,242020.1159,244231.0203,247478.5296,251539.589,255516.7925,257748.0805,258369.9954,258622.1573,259610.3294,261424.5293,264171.1191,267612.4013,271579.8962,275855.4108,279922.2234,283536.1824,285085.0874,284782.2648,283486.3371,282913.6727,283145.2758,283740.9403,284469.1388,285342.2901,286154.249,287037.5618,287934.5671,289071.9885,289646.8318,290291.6963,291017.2178,291760.2928,292416.0011,292350.2074,292167.0953,292331.83,293830.5149,295767.7659,296924.5796,296863.3774
394794,387,"Lima, OH",msa,OH,110200.4031,110910.5124,111489.3458,112022.439,112532.7326,113065.9043,113458.1408,113740.0028,114058.9345,114370.906,114958.6171,115843.2499,117062.9439,118057.7462,118596.1833,118920.2598,119119.6141,119449.5485,119714.0945,120155.216,120806.023,121355.0306,121835.6134,122356.5461,123045.6606,124027.3406,124742.4834,125442.7485,126266.3886,127706.8427,129794.7524,132200.1132,134820.5355,137199.11,139494.6414,141604.0431,143548.0315,145103.9656,146758.4622,148857.2566,150302.2662,150721.1466,150013.6485,149540.0747,149400.5434,149628.5989,151343.3094,154243.5505,157255.6384,159425.7444,160841.4654,162868.6103,164484.8802,165373.1801,165333.9066,165295.7737,165424.0029,165495.3978,164930.9619,164715.1237,164702.0504,165575.2161,166513.4302,168094.0848,169418.636,170495.4263,170913.856,171291.3061,171896.5278,172357.2088,172538.3896,172945.5054,174135.5689,175891.2877,177299.8476,178144.4565
753915,388,"Salem, OH",msa,OH,98999.18866,99915.92183,100775.3323,101530.4905,102367.4313,103106.5405,103850.0481,104195.3515,104844.835,105308.0096,105770.8664,106263.5335,107150.8319,108269.2772,109042.1539,109454.9547,109614.8944,109520.5489,109331.4951,109490.9496,110081.8968,110656.2237,110952.9268,111080.7077,111412.0634,112067.0648,112675.28,113115.2673,113493.7362,114275.14,115685.0915,117498.6246,119460.0626,121180.9968,122534.5606,123722.7562,124824.3635,125862.5537,127214.6739,128969.6766,130122.5087,130054.2044,129062.5581,128473.7893,128775.067,129246.0793,130717.3083,132585.4342,134852.4375,136611.5504,138146.9091,139827.3288,141037.9633,141610.4378,141681.7103,141981.66,142310.0113,142521.4326,141912.2436,141540.9092,141675.343,142653.6536,143877.5854,145163.3477,146363.7922,147041.3932,147298.2212,147340.4627,147921.4173,148281.9362,148456.1827,148484.3503,149168.2354,150483.6099,151809.345,152921.0298
395166,389,"Truckee, CA",msa,CA,468983.781,471895.2568,475291.1613,478093.7503,479962.7656,481683.6568,483634.2045,485566.376,487028.8913,487628.7613,487586.4199,487101.5671,487028.6824,487454.5041,487701.2126,487503.3562,487116.6037,487397.3205,487689.6454,488049.6231,488127.8608,488009.8813,489457.4116,491881.7331,495226.116,496757.1613,495744.2187,493976.3746,493994.7794,497579.9565,504872.8484,514524.1519,526266.9158,538064.8452,549567.5604,561788.5247,574896.5497,590355.2085,606019.7121,620284.0501,629716.0046,634341.2424,635226.0425,635460.7367,636247.133,638472.1721,644975.9848,654883.3723,668346.836,679371.5403,687260.443,689112.0182,685681.5835,677221.1339,667685.4991,658878.0905,651204.2551,643281.3312,635228.4825,628777.6674,624712.2265,624616.4113,626785.1012,630207.1175,632372.2845,633172.6352,632734.429,631663.4598,629405.2278,626979.0879,624423.493,624763.9744,626479.2818,629091.6418,630756.0022,631205.6371
395080,390,"Sebring, FL",msa,FL,127426.2333,128107.8795,128669.2843,129096.4012,129920.3829,130671.2685,131567.5572,132349.3661,133434.9932,134721.7193,136033.5704,137272.1136,138090.9015,138710.1581,139058.4464,139504.522,139964.1129,140506.1145,141031.8124,141945.401,143249.9705,144627.8897,145636.2062,146384.0278,146918.3071,147406.7639,147839.8827,148331.8372,149118.1215,150342.6041,152134.3659,154239.7208,156635.9661,158887.5855,160922.7779,162863.7116,165088.9781,167868.2847,171234.4327,175350.2111,179824.7409,184336.1905,188237.0809,191553.8681,194534.8495,197530.8749,201134.4021,205161.0184,209523.5534,214070.8396,218627.4275,223374.8863,227154.1476,229544.3235,230267.1696,230894.9574,231533.0103,231695.2565,230966.7562,230068.781,230063.1357,230970.2632,232594.0683,234667.7464,236385.0119,237756.4092,238578.8996,239332.2337,240133.8434,240930.8172,241759.3002,242831.8708,244035.3197,245352.378,246310.9941,247064.0089
394462,391,"Cheyenne, WY",msa,WY,270083.3799,271189.7847,272300.8393,272857.9823,274000.5533,274965.7176,276007.2677,276602.5252,277103.462,277709.2916,278785.2824,280353.2372,282547.5558,284881.5359,287511.2599,290466.526,293538.3773,296524.6955,298965.6105,301778.7392,304883.9737,308572.694,310868.5287,312116.9217,313188.5407,315476.0214,318521.9671,321036.4595,323245.5663,325557.7052,328527.193,330584.0118,332210.4018,333008.7357,334382.9722,336564.1508,339357.41,342225.8232,343015.539,341987.4857,340125.5327,339213.309,339420.0066,340932.6305,343217.8589,345775.134,348485.4898,351233.1803,354769.4923,357793.3604,360907.9417,363603.8146,365170.6457,364587.9734,362406.6913,361022.5294,360562.815,360314.3362,359339.5873,358264.6116,357954.8007,358789.2438,360621.6235,362658.5375,364082.2317,364959.355,365277.8505,366567.2938,367063.9534,366688.0287,365210.7905,364771.9786,365735.4901,367038.703,367888.0502,368121.3133
394689,392,"Hot Springs, AR",msa,AR,142145.195,142635.4465,143349.0208,143882.386,144450.1703,144986.5397,145631.6266,146077.6907,146618.8122,147216.4331,147861.9929,148398.593,148975.1444,149638.4248,150445.0689,151033.4185,151458.5044,151793.4419,152352.0523,153125.5009,154092.9712,155065.9473,156269.1111,157637.1949,158963.1363,159932.9382,160455.1306,160927.2638,161674.109,162946.0475,164949.7756,167448.0472,170297.6997,173291.3778,176129.6085,179279.4835,182408.399,185806.3199,189330.046,193299.1493,197465.0619,201230.6736,203942.7161,206220.5268,208644.6473,211308.0702,214323.4379,217617.4262,221511.3372,225781.5511,229594.724,232771.6287,234371.8988,234727.9417,234352.3654,234427.885,235053.6949,235909.6375,236079.1733,235900.8006,235698.8067,236286.0016,237719.557,239818.2568,241654.4323,242885.0861,243338.5776,243493.2817,243441.7721,243385.9223,243417.0945,243845.542,245080.9302,246921.3808,248661.9523,249820.9918
394302,393,"Adrian, MI",msa,MI,148062.0838,148786.7502,149117.3674,149179.3459,149490.8012,149728.1929,149962.3494,149842.0487,150134.6703,150663.8497,151567.5991,152903.0664,154379.5741,155851.6812,156968.3921,157814.8836,158244.8026,158098.6219,157846.5718,158015.9439,158940.4305,159955.3479,161185.0101,162426.8477,163881.1467,164999.3927,165489.6324,165485.7368,165718.3257,166611.0046,168473.0421,170686.254,173483.8171,176170.5712,178893.8424,181694.3451,184586.615,187608.2842,190566.0833,193501.4866,195112.7309,195178.4018,194111.8855,193452.0479,193736.5629,194557.294,197327.6227,201589.5663,207047.4752,211809.4297,215438.1374,218226.3326,219273.2946,218594.5456,216579.406,214946.4331,213801.6019,212913.1267,211850.7676,211041.6485,210904.0769,211620.7198,212898.7522,214511.8597,215935.8474,217550.9672,218968.6738,220118.923,220707.4707,221062.1788,221522.0291,222647.4344,224506.4927,226580.1514,227904.1222,228246.9618
395090,394,"Shelby, NC",msa,NC,109991.584,110538.3105,111282.9901,111795.3297,112359.5192,112725.0982,113136.1143,113026.4395,113741.2783,115007.6485,116917.6379,118552.7604,120623.8103,123046.5788,125540.8349,127177.1219,127983.8332,128320.7233,128454.8474,129014.3045,129866.1393,130814.7377,131070.2216,131020.9119,131477.9493,133068.0649,134772.4052,136017.0668,136962.952,139051.0169,142471.1522,146113.3814,149027.7309,151440.8619,153860.5513,156366.3322,158394.7549,160208.6345,162486.2,165645.4838,168175.1692,169234.5844,168781.8416,168447.7276,169380.009,170768.8762,173954.6944,177259.4492,180221.3286,182201.1254,184128.1868,187093.5258,189592.1749,191078.2345,190808.8793,189791.8367,188844.4374,188729.8248,190159.0374,193180.0805,197422.2298,201657.003,204503.1402,205637.6975,205465.3903,205066.0139,204538.8172,203008.8608,201129.2991,199130.1747,197840.7982,197173.1024,197653.075,199257.9403,200824.7946,201964.1902
394542,396,"Dubuque, IA",msa,IA,175704.9541,175883.9423,176144.7095,176529.6559,177405.8291,177906.2798,178299.3578,178444.0443,178872.4983,179496.2022,180286.1426,181265.9536,182361.2,183481.0794,184616.5152,185627.3718,186413.2062,187060.4401,187821.4383,188926.1944,189999.7508,191031.8419,191793.2577,192234.9073,192597.5741,192930.8158,193647.5599,194541.8085,195783.83,197242.959,199252.197,201220.872,203016.1864,204068.6188,204781.5897,205633.8112,206824.4762,208446.3857,210636.2524,213116.7452,215799.5473,217638.5382,218669.3547,219429.9423,220677.0735,222436.9862,224421.4957,226548.2507,229362.7559,232661.677,236375.7738,239548.5455,241549.2835,241987.331,241608.4786,241489.4153,241920.3688,242245.0869,241973.4312,241699.57,242460.4014,244306.7949,246271.1426,247852.8133,248851.3663,249391.0585,249367.3031,248933.0969,248635.0558,248669.7781,249168.4609,250075.0515,251605.3694,253451.6356,255151.4987,256119.5333
394852,397,"Meridian, MS",msa,MS,99670.98168,100852.1283,101651.9304,101663.135,101365.8507,100989.5956,100899.8779,100769.046,100840.9642,100856.7112,100969.9131,101152.7628,101718.7376,102202.0015,102730.1524,103158.9443,103568.501,103674.9735,103069.4455,102472.514,101845.8968,101735.8933,101250.2348,101033.7926,101394.8769,102267.9998,103053.9633,103094.3456,103152.0659,103677.4219,105029.7089,106271.2283,107036.0336,107198.8173,107574.6536,108573.6324,109878.8944,111409.8879,112989.5049,114684.8264,115993.4932,116979.4638,117428.7626,119008.7404,121281.5559,123676.7556,125242.3292,125684.4143,125923.1986,125808.2382,126099.9905,127271.7433,128567.1753,129277.1083,129163.71,128436.0106,127119.264,125329.9227,123363.4049,122081.8034,120803.015,120709.0765,121419.4924,122314.1827,122792.4918,122183.1646,121659.4032,120737.1133,119749.3631,118683.1913,117864.1542,118145.9056,119417.3692,121580.527,122876.3735,123234.7134
753912,398,"Pinehurst, NC",msa,NC,228171.1195,229238.5279,230201.5348,230755.7285,231666.1122,232551.7923,233428.4282,233998.1925,234738.0239,235720.1703,236311.1988,236612.4206,236873.2733,237429.7957,238202.4602,239128.9903,240140.6057,241204.6531,241879.3659,242879.3798,244243.3996,245965.6932,247680.5543,249104.0144,250717.213,252194.5675,253332.4375,254437.7657,255841.3933,258369.6459,261707.118,265840.8791,270320.8793,274920.2864,279169.8269,283492.7666,287686.142,292489.421,298637.8868,305817.1188,312482.1096,317125.675,320404.5771,323377.7263,326755.3775,330340.7296,335864.3867,342623.0863,351169.2831,360039.4008,369200.6111,376999.8999,381765.9218,383064.2029,382377.7175,382174.8939,382428.5134,383139.8769,383462.5978,383590.0867,383917.248,384484.9266,386799.8216,390209.7242,393560.5193,395635.4488,396680.6829,397295.7664,398075.3704,398666.2692,399366.3609,400449.2499,402235.7945,404382.0722,406120.4907,406325.6113
394953,399,"Paducah, KY",msa,KY,101482.7688,102221.9579,102780.7322,102794.6984,102962.9406,103000.9675,103245.4671,103161.2688,103423.4988,103837.8766,104414.2208,104960.3901,105657.7412,106557.8565,107489.1956,107953.9288,107986.0637,107761.7525,107825.7254,108343.403,109244.7516,110088.7272,110837.6751,111448.6489,112307.4483,113175.2165,114072.2941,114476.0762,114779.47,115397.5737,116807.5735,118510.7826,119552.1123,119990.9597,119996.3946,120295.4356,120611.0513,121063.8997,121873.4464,123305.8352,124509.1743,125332.0132,125205.503,125435.722,126265.5077,127632.5876,129624.8996,131468.499,132934.1295,133741.746,134110.0166,134954.3373,136020.2088,136777.5713,137103.2908,137356.7865,138193.9521,139278.4609,140257.2147,141320.1852,142671.5737,144426.0577,146311.6858,147475.1057,147815.0591,147200.949,146925.8818,147174.4172,147836.1391,148091.7185,147398.091,146858.717,147238.9049,148633.9493,149697.3944,150073.3339
395190,400,"Victoria, TX",msa,TX,153041.3199,153366.1663,154161.8395,155017.2616,155850.6182,156542.8087,157227.9209,158028.83,158803.4352,159528.9345,159999.948,160671.2467,161486.5973,162553.378,163609.8104,164784.9294,166147.9383,167414.6937,168335.3948,169107.0046,169597.5407,169904.9172,170181.4825,170892.2475,171784.5125,172305.5789,172334.5193,172479.5425,172984.2141,173893.078,175188.3347,176575.726,178155.1669,179266.6106,180258.3922,181452.4462,183223.9912,185232.7026,187238.636,189257.2149,191247.073,192818.5466,193959.7911,195074.843,196488.3604,198313.6764,200970.8563,203752.577,206302.9606,208352.2275,210276.4641,212484.6422,214206.5563,215180.3368,215295.4506,215248.1063,215211.6374,214857.018,214276.9154,213843.3298,214058.051,214811.314,215731.3891,216476.8601,216617.3321,216648.5465,216517.9028,216638.7249,216597.2191,216247.9982,215817.7415,215606.3432,216622.826,218257.4701,219698.7166,220112.9674
395038,401,"Rome, GA",msa,GA,119907.5028,120779.6057,121803.8527,122575.7508,123423.8592,124265.4203,125493.9316,126779.9305,128417.1541,130274.8441,132388.2089,134612.5766,136600.4417,137984.9587,138661.3879,139001.5782,139414.5471,140097.7332,140781.2591,141764.9615,143050.8527,144586.4316,145816.2904,146890.7589,148057.1934,149403.216,150151.5079,150436.1745,150824.6438,152138.178,154388.5823,156991.9767,159499.9448,161599.3892,163777.8292,166331.3534,168989.8176,171363.1582,173448.4297,175680.5114,177911.1594,180217.1175,182545.6631,185408.3191,188541.7388,191693.3853,195237.6359,199320.9749,202644.5833,205138.0767,206559.0042,209039.9755,211305.8273,212824.6763,213142.2414,213027.7578,212827.4972,211920.9017,210801.4382,210176.8619,210771.7001,211786.09,212671.1205,213343.0183,213879.8118,214278.4727,214655.282,215241.178,216214.3267,217281.0951,218131.7623,219038.992,220262.7874,221846.0458,223314.4973,224158.9222
395086,402,"Sevierville, TN",msa,TN,211839.8742,213666.8108,214977.5333,216000.7742,217394.3757,218967.4131,220587.3001,221914.5915,223030.639,223937.9191,224625.8099,225723.1534,227438.7082,229855.7485,232103.5498,234260.0461,236329.5234,238778.3982,241315.7358,244211.9836,247424.8459,250674.0435,253765.0608,256280.1379,258534.2353,260700.1257,262208.184,263407.7711,264848.0931,267583.1688,271729.4815,276573.1227,282076.1055,287941.8366,294217.6918,301304.9098,309097.9617,317429.2692,327088.0391,337737.7027,348164.4964,356336.0164,362511.3529,368152.9622,374758.0038,382457.9385,391873.0844,404325.2881,416945.5047,429653.9088,438487.0358,445268.7544,447519.9837,446413.0433,442538.912,437915.9316,433246.98,428341.0379,423471.0165,419908.6626,418600.5238,419282.3566,421026.2946,423229.8607,424934.007,425512.2433,425784.3947,426256.0825,426819.9148,426051.3935,423502.8545,420421.5752,419241.1829,419852.2092,421285.856,421572.336
394882,403,"Moses Lake, WA",msa,WA,196522.5315,198957.6445,201279.5375,202987.6823,204868.0352,206383.9654,207768.7209,208682.1231,210026.0553,211499.05,213247.5199,215131.7177,217501.2006,219572.8462,221043.9955,222204.9755,223636.2548,225371.6805,226929.0463,228525.9699,230551.4539,232777.566,234674.3433,236095.507,237817.0703,240105.5683,242454.1245,244191.2032,246124.0142,248679.2765,252450.8265,256318.7209,260621.8555,264829.3908,269515.4012,274597.1031,280664.6381,287084.6073,293699.0945,299408.7051,304531.2966,308443.8847,312151.0131,315996.1616,320731.7772,325768.9438,330966.9344,336116.8363,341021.8723,345712.8339,349829.936,353402.6391,354912.6395,354506.7953,352732.9006,351914.7404,351427.6096,350292.3583,348381.684,347090.134,346860.7408,347599.9105,348535.6687,349926.2486,350934.5407,351853.4485,352615.1841,353196.991,353811.507,354152.4908,354794.9193,355332.0524,356387.8164,357718.1155,359280.1512,360225.1743
394340,404,"Ashtabula, OH",msa,OH,104201.4686,104801.7775,105711.1274,106228.319,106562.3495,106614.2135,106878.746,107227.9324,107723.4221,108337.4773,109170.6586,110281.8622,111419.6057,112005.236,112118.0175,112064.0766,112384.3645,112660.5408,112819.7907,113093.2799,113852.8156,114803.3528,115749.7629,116346.9583,116787.4326,117175.1237,117542.0265,118121.1569,119085.8273,120899.0455,123400.4618,126332.1572,129484.397,132428.9978,134867.8668,136896.5134,138827.3319,140674.0504,142408.1075,144165.9976,145736.604,146654.6993,146722.6906,146965.0998,147839.0226,148722.6001,150460.3241,152748.1895,155703.8162,158194.4204,160124.3613,162081.8936,163523.6832,164305.0325,164486.836,164800.6206,165143.3783,165133.339,163895.4389,162722.2697,162110.4537,162766.1843,163914.2267,165178.6244,166320.3276,167293.8425,168170.2168,168856.9077,169159.5699,169146.4997,168960.1413,169297.7551,170731.2311,172748.52,174611.0715,175923.6096
394441,405,"Cape Girardeau, MO",msa,MO,150333.6797,150913.2593,151105.6957,151108.7162,151682.072,152541.5723,153533.8644,153508.6121,153459.9833,153410.9746,153500.496,153842.2787,154379.177,155237.1813,155640.3788,155757.3028,155662.1117,155699.5667,155638.4825,155921.125,156576.2649,157421.7603,158437.9343,159255.1248,159944.1777,160357.4066,161030.6382,161747.1383,162772.8732,163975.409,165985.6367,168044.6096,170374.4109,172271.3381,173850.169,175230.9933,176732.9951,178951.3216,181597.085,184113.4199,185884.6524,187058.3515,187911.4615,189084.2333,190641.1132,192562.9821,195196.2373,198493.9239,202402.656,205911.8343,208582.3533,210519.8252,211276.3085,210699.4649,209392.0218,208481.4817,208044.1753,207927.4197,206720.2998,205434.318,204482.1884,205498.5454,207449.8112,209805.8277,211714.831,212831.9849,213592.7153,213711.3886,214008.3696,213610.0016,213053.6338,212875.4289,213444.8025,214132.5693,214613.612,214989.1392
394311,406,"Albertville, AL",msa,AL,135658.026,136116.9285,136475.7957,136558.291,136675.3392,137029.6353,137843.2692,138637.1755,139397.6404,139819.8011,140737.6032,142550.278,144985.8866,147154.5995,148510.9181,149615.7995,150358.1837,150830.6676,150840.163,151066.3058,151723.2214,153077.671,154845.0711,156461.2371,157863.964,158782.3702,159657.2682,160437.7549,161349.9233,162899.2552,164911.0446,166876.3259,168785.8308,170472.9412,172735.3304,174900.5648,177133.0876,179359.2283,181926.3012,185262.6596,188792.358,191903.0285,194013.6227,195705.3944,197533.63,199436.0716,201753.3273,204529.4018,208197.5353,212132.6983,215688.742,218346.148,219527.8821,219692.8399,219030.3546,218006.7034,216655.0446,215053.9663,213859.4428,212788.1445,212958.9581,214161.1422,216371.9141,218174.9443,218768.9998,218325.9257,218190.6574,218678.8682,219753.8369,219959.3724,219363.6102,219372.7525,221025.0236,223795.0227,226284.235,227876.8234
394580,407,"Fairbanks, AK",msa,AK,251785.0578,251987.3854,251973.3698,251325.6278,251248.9159,251456.1749,252035.4529,251958.1771,251739.0431,251192.4548,252231.6907,254710.9136,258452.1515,261392.1915,263451.5334,265166.204,266766.614,268284.0044,269574.5833,270782.5955,271975.3835,273199.2759,273674.1007,273637.3713,273543.2117,274152.434,274587.3264,274480.9111,274970.4188,276476.014,278875.5895,280207.1929,280862.7524,280665.947,280036.5548,279544.1714,279006.2768,279215.7356,280044.6439,281458.2016,283887.2753,286053.0226,288455.8144,290363.6291,292159.874,294218.3017,295197.4635,295218.3191,294667.1119,295574.5132,298066.1622,300950.0674,302975.8314,303575.7612,302726.0001,301700.3577,300539.5538,298961.6389,296786.9826,295183.8581,294588.2665,294376.8065,294461.0212,295557.5972,296933.0706,297641.3118,296927.3429,295470.8465,294167.6547,292914.2762,293393.8433,295408.8913,298353.9028,300591.8681,301759.7752,302465.9738
394410,408,"Brainerd, MN",msa,MN,208908.9544,210208.4582,211859.84,212690.9979,213148.2826,213413.5593,214088.8693,214908.5082,216116.2472,217118.8328,218538.0858,219732.5272,221180.7626,222148.2364,222503.1519,222883.454,223192.2571,223860.4073,224069.0072,224738.2159,225952.4635,227740.9974,229202.3586,230525.2319,231756.6708,233121.8776,234380.3847,235639.2272,236687.6752,238306.8427,241103.0379,244988.7817,249152.3661,252698.3532,256124.738,259825.0034,263597.4207,268055.0735,273491.5018,279925.1868,285315.3257,288223.4833,289246.8243,290163.6796,292395.6108,295070.2067,299370.6102,304612.3453,311141.041,317415.3074,323075.8855,327829.6848,330311.1237,331231.8745,330719.7727,330471.3479,329836.1724,329039.1757,328163.7955,327659.0187,328356.6733,330310.907,333335.5969,336720.0603,339501.6969,341246.0117,342218.6868,342148.2683,341868.1762,341058.5629,340108.2418,339863.2408,341093.125,342957.6534,344742.2137,345437.4692
394513,409,"Cumberland, MD",msa,MD,107614.3354,108486.6242,109253.0445,109573.79,109706.5192,109560.6047,109771.5109,109929.949,110550.75,111207.6988,112164.9883,113448.4258,115023.0849,116479.7438,117245.0603,117676.9208,117845.7809,117962.4555,117776.8955,117622.357,117686.0917,118209.873,118709.3176,119398.3135,119935.4033,120699.3251,121290.8694,121653.8524,122024.7297,122643.7406,123906.8626,125731.3277,127905.8359,129868.3134,131532.1146,133146.36,134954.5568,136397.2484,137645.2463,139018.4924,140230.3815,140772.4421,140857.7218,141417.5565,143039.577,144629.9455,146454.2058,147901.7613,149152.7721,150153.9967,151354.3671,153122.3769,154283.1018,154025.2942,152619.3086,151728.0009,151637.4214,152313.5799,153105.1946,153375.9138,153490.798,153263.6001,153865.7805,154799.0175,155638.3159,155903.8172,155678.7342,155276.4014,155270.6001,155414.0313,155563.519,156077.2652,157097.3494,158518.8354,159733.8816,160775.8842
394928,410,"Ocean City, NJ",msa,NJ,400550.5912,401624.3487,403625.4241,405130.362,406722.2958,407940.1092,409702.6335,411393.0894,413000.7202,414252.0016,415432.858,417076.7999,418914.9013,420768.4659,421775.6534,422878.257,423811.7498,425264.2748,426825.6812,429243.0239,431411.086,433470.3724,435506.0751,438898.7357,443098.1599,447233.7455,450323.6417,451920.3567,453273.1641,455357.7524,459729.697,466601.2193,475545.3287,486061.1555,496332.2826,506314.1902,516398.4286,527646.6367,541328.5542,554959.5954,568000.5483,578331.9635,587921.408,597031.8385,606493.1235,615434.8092,624318.6645,633576.156,643471.3698,654561.1488,666140.4017,676528.2334,680892.6077,678057.6513,671547.288,666548.7035,663800.5148,662299.7288,662356.0178,664411.0007,668245.5794,672567.8846,676751.0255,681106.7173,684405.3083,687376.0434,689196.0463,690900.7638,691916.3295,693134.994,693900.5435,696117.8131,699691.1072,704698.2112,708213.1705,710197.2225
394505,411,"Corvallis, OR",msa,OR,351121.5558,354000.5815,357191.2691,359670.1478,362752.3639,365665.1072,367897.4592,368667.3665,368628.9692,368904.7625,369394.8733,370804.1085,372441.6943,374398.6396,376171.3154,378496.4901,380871.438,382814.6846,383828.6473,384456.2473,385364.2229,386539.8858,388340.9166,390630.1039,393481.7169,395783.4784,396776.9523,396966.3314,397547.4641,399954.1387,403543.8237,407910.8402,412797.9866,417736.9244,422658.1594,428085.0488,433883.8283,440264.0058,446419.4346,452503.6003,457867.9812,461980.1309,465875.9924,469911.1031,475129.9808,480463.5199,487236.4779,495258.7293,505003.4639,514532.0061,521991.5532,526623.7611,527301.4886,525392.9711,521853.9104,519912.5049,518943.8908,518641.3471,518100.2954,518616.1094,520287.8468,522810.8616,526009.1022,529844.4787,533103.6877,535431.6635,536589.2522,537598.132,537891.849,537772.6864,537110.8823,537187.3626,538254.3267,540264.0361,541610.8047,541971.1229
394988,412,"Pocatello, ID",msa,ID,168843.5959,170456.8359,172293.0792,174299.4379,176553.4544,178673.8904,180498.4777,182056.317,183607.4547,185013.2302,186626.2434,188539.1516,191110.3088,193555.8298,195864.4547,197527.5458,198974.3648,200286.6136,201783.4975,203884.7198,206264.1915,209201.7467,211695.652,214154.9961,216315.0289,218654.3958,220324.2291,222016.1807,223975.9205,226963.1602,230612.0915,234525.1344,238277.9489,241719.0788,245464.1706,250586.8081,256618.243,263271.6504,270293.9074,277707.7302,285511.0855,292503.6635,298446.7653,303143.717,307271.6759,311411.6377,315525.4971,319825.7446,324277.0704,329249.0647,333922.4758,337971.1918,339457.61,338512.0482,335931.0723,333348.2577,331002.7117,328977.9721,327366.0045,326719.8979,326840.2629,328013.5423,329860.3579,331914.6698,333404.5009,334642.087,335255.0502,336166.5854,337003.8293,337999.3316,338706.7702,340012.4257,341569.17,343504.7408,344255.4504,344328.51
394501,413,"Corning, NY",msa,NY,111229.8406,111513.7056,112128.8322,112810.4593,113864.1874,114792.6745,115664.8732,115835.4973,115958.2419,115703.9251,115754.3518,115903.4499,116379.6576,116834.5551,117053.7623,117436.6124,117859.8612,118558.9248,119053.6132,119661.6829,120187.3407,120664.0565,120894.5626,121103.1768,121569.7312,122387.0145,123052.4741,123499.9053,123948.8554,124814.9147,126543.7716,128628.9325,130807.784,132544.0922,133775.9706,135077.6161,136206.6983,137299.1052,138443.9653,140170.1583,141544.2406,142018.6343,141332.3944,141037.6208,141268.5405,141939.9529,143644.4343,145883.1916,148689.5154,150987.5809,153151.6958,155639.7588,157796.0987,159062.0762,159408.2663,159609.1658,159757.7909,159370.9051,157956.3008,156580.211,155956.1689,156522.3563,157961.2683,159739.079,161198.9907,161892.1478,161999.313,162083.7989,162253.1159,162294.1044,161929.652,161518.5685,161412.2781,162178.1082,163465.5079,165176.3954
394911,414,"New Philadelphia, OH",msa,OH,128146.2401,129038.8967,129923.1164,130343.3706,130837.6575,131236.3332,131921.2431,132509.6798,133236.156,133703.7753,134319.904,135133.8719,136236.8087,136948.479,137448.7639,137793.0881,138406.505,138976.4591,139770.4475,140821.6601,142108.3224,143136.0334,143846.8234,144688.941,145640.92,146527.1968,147376.3235,148244.5724,149380.5536,150632.0821,152412.446,154629.4022,157003.4565,159175.4544,161192.5151,163115.9898,164687.1212,166256.4286,167953.979,170125.5526,171799.1573,172624.6216,172716.3035,173079.64,174133.7983,175379.4147,177238.3664,179365.4346,181982.8366,184618.1786,186726.454,188849.0661,189740.4728,189977.7069,189155.4675,188600.1534,188157.5873,187655.7536,186087.898,184536.0694,183436.0149,183939.2919,185416.7215,187574.3354,189225.0721,190350.8577,191202.0411,192221.9782,193252.3234,193886.3279,194187.089,194487.0289,195201.7376,196309.1354,197360.7045,197839.7918
395140,415,"Sunbury, PA",msa,PA,118063.8253,120486.2811,121859.9715,121551.6178,120814.0176,120413.833,120139.0479,119840.3012,119427.8492,119067.8045,118257.0787,117723.0971,117763.2561,119158.7839,120936.2298,122854.6232,124416.3923,125509.434,125885.3673,125998.1241,126612.2996,128056.7341,128827.0378,129545.9433,130048.9399,131906.7871,133176.1685,133748.4004,133934.2897,135194.0058,138328.4648,140969.3907,142701.1144,142148.6828,141189.7981,140954.7097,141547.2432,142460.3139,142996.9657,143969.8115,144796.6882,144997.8286,144297.9052,144110.0267,144446.4702,145189.4504,145796.1708,146359.2566,146871.5954,146432.5705,145339.1472,144039.0615,143382.695,142115.61,141041.1923,140759.3819,141329.4263,142030.5716,143900.8532,146109.327,148545.0445,148925.0693,148829.3202,148473.8121,148161.0865,147897.5923,147150.7525,145286.797,143091.3136,141639.7397,142063.1004,142673.3366,142741.8289,142955.8246,143977.6963,145956.7467
395175,416,"Ukiah, CA",msa,CA,465852.2334,466641.8088,466391.7109,466916.8845,468104.56,469717.9329,470316.3231,470024.2122,469701.5417,469713.2366,471013.2683,472982.1106,477929.9948,483631.1065,489795.9289,493427.4624,495569.4923,496267.8179,496146.7133,497105.5215,499337.347,503059.2466,503605.0033,502038.6998,499328.9777,498069.4294,496044.0938,493956.7926,495585.7704,502099.7286,515013.0399,527621.6992,537946.9543,543464.6749,546091.587,548414.1936,552482.7735,558444.9219,566277.824,574235.0816,583176.1387,588755.9422,591703.6476,593008.4076,596752.2248,599655.1999,601225.7255,599956.6621,598795.3363,596484.1759,595324.7471,594358.0284,592460.5024,587968.9055,580067.0903,571528.6057,561427.7438,551947.2156,546618.9987,542272.3641,540890.9398,539541.2147,541175.7975,539753.8974,534935.5469,527651.1175,521911.9547,516784.043,512505.0355,508030.6681,503471.1642,501100.0594,503009.3084,506801.2313,509531.4287,509168.6977
753887,417,"Hermiston, OR",msa,OR,178525.0059,179717.6065,180824.5807,181959.73,183582.4069,185288.8272,186862.6552,187700.7211,188420.2597,189083.6775,189839.3013,190747.6815,192217.2454,194051.0201,195669.2612,197092.2764,198363.6209,199753.5954,200804.0365,202312.0506,204034.0835,205963.0603,207573.8706,209039.2844,210507.2402,211795.7269,212898.3665,214179.1488,215912.4121,218313.3299,221272.5114,224623.1193,228384.8081,232149.3951,235888.1087,239568.3448,243211.2939,247072.0645,251332.2301,256082.4444,260392.0182,263899.1181,266525.8946,269441.1937,272783.3923,276319.5209,280480.5127,285101.3067,290315.861,295224.2007,299377.4579,302301.1672,303274.0442,302402.1706,300666.9179,299059.9618,297864.1058,296550.3207,294946.534,293939.6612,293786.0732,295036.2712,296619.479,298186.3011,298825.4668,298890.518,298406.224,297930.8604,297420.5953,297111.2859,297025.2798,297439.2817,298181.1043,299544.0841,301041.8483,302154.686
394469,418,"Clarksburg, WV",msa,WV,120100.175,121629.8615,122936.2552,123339.7461,123303.4135,122968.5131,122921.6928,122499.6119,122351.7532,122039.2538,122009.3021,122187.5921,122815.2918,123508.1721,123911.8262,124084.1126,124314.8215,124202.0869,123892.8519,123663.6959,123554.8171,123550.4147,123310.3212,123694.3089,124561.6515,126009.6742,127442.3876,128342.8134,128766.1505,129176.5833,130140.6641,131590.2734,133364.7948,134895.171,136466.495,138251.4815,140325.0688,142057.2436,143284.5058,144458.2273,144899.4489,144671.5558,143538.0533,142942.9813,143267.9346,144136.3153,145803.0959,147179.2627,148608.2238,149598.2267,150472.0566,151292.2562,151373.3223,150897.2056,150107.8796,149949.4153,149919.4507,150338.4254,150272.04,150168.7792,150034.8866,150488.9858,151858.1731,153484.2487,154729.6937,155256.5044,155100.2935,154648.0671,154271.369,154079.2271,154081.0861,154364.4688,155195.1533,156240.4275,157081.136,157295.1318
394964,419,"Parkersburg, WV",msa,WV,113410.254,114337.6676,115007.4318,115227.7612,115266.3927,115208.5814,115329.2972,115298.9807,115664.1352,116187.2493,116946.0306,117906.2131,118848.4745,119773.0364,120147.2214,120640.6224,121032.5963,121406.1269,121407.9958,121573.415,121989.2477,122332.0033,122454.5957,122730.5997,123110.7311,123651.2305,123762.6396,123850.2162,123941.722,124605.9028,125729.3455,127438.5714,129440.0982,131461.39,133109.3739,134584.129,136227.9388,137849.7766,139318.4348,140786.6869,141586.1044,141495.2481,140606.4253,140183.2312,140653.2786,141533.6138,143432.6693,145672.2815,147957.4346,149727.938,151242.0739,153042.1513,154253.7674,154802.2846,154535.4807,154575.8295,154567.624,154877.1432,154480.9867,154263.0096,154222.6058,154875.81,156023.4085,157520.7204,158767.837,159569.3168,159631.5469,159821.2006,160244.7013,160800.9427,160856.0335,160884.3193,161454.4992,162500.4477,163869.558,164851.7059
394373,420,"Beaver Dam, WI",msa,WI,177019.2364,177977.3487,178764.2441,179196.1082,180205.8975,181296.0371,182523.1617,183111.8183,183909.7115,184834.0929,186197.0731,188173.8847,190230.4864,191907.7729,192632.8719,193236.3963,193874.9709,194708.477,195313.2528,195819.2993,196422.3471,197286.3893,198668.5395,200282.5637,202128.2793,203708.7641,204563.068,204764.3,205028.3222,206166.3428,208715.2918,211665.6004,214916.0671,218027.2806,221100.6866,223517.8994,225196.2553,227014.3503,230014.1786,234010.0193,237698.0399,239919.2506,240652.8208,240907.4567,241737.9485,242713.8502,244269.5044,245939.6993,247979.1729,250579.9359,253314.2808,256129.8544,257426.5873,257334.2798,256449.8444,255723.252,255545.9565,255970.3071,257901.6615,260453.2221,263684.8499,267103.0254,270374.2931,272785.3404,273839.0845,274703.7248,275454.8174,275474.6149,275306.0673,274650.5203,274764.3378,276195.5126,279545.688,283728.5808,286418.1942,288137.4533
394980,421,"Pine Bluff, AR",msa,AR,75032.05958,74858.03378,75032.32938,74761.85219,74890.8275,75078.81277,75408.57056,75335.61024,75352.12502,75691.11799,76129.1983,76377.86558,76773.80963,77549.67949,78655.20024,79628.71006,80235.67751,80464.34434,80327.31084,80355.13743,80337.26291,80546.26735,80337.56415,80606.49419,81180.16741,82384.98453,83217.21802,83846.0025,84482.8683,85694.39382,87315.96646,88708.08555,89429.04741,89549.31839,89654.80429,90101.6537,90807.61443,91571.57178,92733.48715,94285.85693,95777.13419,96881.31369,97370.74753,98038.1999,99136.28021,100340.079,101473.7988,101737.5495,101367.6159,100663.9802,100179.3616,100503.358,100979.6774,101018.1465,100555.6672,99693.29826,98988.40579,98387.47263,97975.2453,98019.13777,98388.47598,99381.47818,100435.447,100992.385,101320.1423,101289.0928,101362.5052,101067.3953,100669.3033,100391.5844,99804.28896,99662.54729,100131.0006,101462.8566,102631.3785,103388.6979
394641,422,"Grants Pass, OR",msa,OR,282167.6799,285086.4191,287506.5445,289146.6036,290479.4757,291681.8134,292839.5233,293403.7616,293567.7889,293651.1037,293613.2981,293901.0318,294057.1578,294224.4584,294040.3863,294078.4595,294166.7273,294815.4052,295427.8585,296737.0688,298701.5771,301228.4093,304214.3619,306697.3545,309022.4276,310550.9115,311186.1832,311313.7136,311843.929,313937.9052,318021.2843,323180.4931,329596.2775,336193.4468,342969.0126,349993.1446,357110.2088,364320.5019,370949.7043,376970.9675,382552.7381,386839.8713,390307.0961,392996.6135,395490.8531,397271.7075,399728.198,403268.3196,408161.6235,412966.6911,416521.48,418177.2439,416864.5371,413622.8815,409612.2482,406751.7476,404681.1934,402573.6934,400659.4767,399118.9318,398454.6322,398095.3664,397926.115,398260.7531,398390.7986,398991.2226,399210.0125,399271.1309,399043.1857,398690.5577,398282.3824,397862.2123,398492.2247,400045.7917,401997.2826,403193.1706
394511,424,"Cullman, AL",msa,AL,159070.7947,159733.0014,160153.4065,160340.2603,160965.7543,161979.4737,162792.7614,163047.4277,162997.9749,162593.0616,162480.2742,162434.3578,163288.233,164285.6029,165460.433,166374.723,167269.3358,168544.7849,170106.4347,172037.5568,173791.597,175186.9,176599.3337,177168.5385,177726.6972,177569.2015,177858.8739,178245.2102,178997.2466,180319.9421,182380.2032,184925.9782,187509.4314,189633.8535,191362.5393,193251.4275,195430.0291,197851.0235,200696.5018,204375.9392,208526.0413,211930.0359,214070.7701,216202.0523,219108.2183,221987.149,224567.7706,226919.8294,229973.5502,233804.777,237302.9988,240442.3674,241954.0135,242454.1243,241578.4122,240350.2093,238740.8321,237229.9373,235635.4411,234001.8544,233468.0431,234615.989,237112.6861,239327.884,240514.8864,240902.4762,241085.1271,240842.0837,240151.559,238946.5019,237312.8293,236521.8981,237092.8794,238496.7181,239603.6642,239363.7515
394809,425,"Lufkin, TX",msa,TX,124541.5578,124910.0097,125792.2909,126490.6974,127146.0863,127349.4521,127485.3661,127718.657,128775.3222,130170.9053,131853.2774,133386.4228,134815.869,135949.6387,137110.4809,138522.4019,140272.944,141919.9987,143280.0828,144530.4146,145681.746,146807.3566,147283.1728,147753.8873,148690.6023,150142.817,151140.0182,151515.0104,152140.8928,153621.9123,155449.8128,157157.7346,158559.057,159717.2948,161019.7566,162742.8745,164894.568,166983.6502,169413.0004,172323.1101,175061.5222,177170.1168,178142.791,179772.3262,181696.0073,183756.0885,186180.9314,188039.7141,190171.0174,192097.3351,194021.1163,195582.1601,195460.0819,194490.42,192894.2893,192371.8797,192291.0683,192373.8927,192345.389,193035.7426,194839.0536,197038.2898,198411.3932,198818.5982,198487.9115,197959.1203,197514.5461,196604.3065,195871.3881,194760.1918,193649.9313,192925.3249,193193.5849,194180.9653,195234.0555,195930.7132
395248,426,"Zanesville, OH",msa,OH,113589.4485,113791.2438,114072.114,114259.776,114778.2659,115475.2041,116204.0196,116723.1335,117367.9273,118363.1685,119567.6727,120993.0969,122424.1704,123534.3963,124145.0705,124370.8998,124582.0448,124739.4854,124954.1287,125490.67,126279.8047,127037.9038,127568.0053,128219.8607,129056.4001,129859.9627,130420.0119,130740.9386,131489.1615,132739.3178,134693.739,137034.3481,139710.861,142188.5246,144343.6608,146127.311,148070.5046,150030.7488,152190.4793,154711.238,156418.8597,156973.06,156434.77,156122.8832,156394.809,156826.0347,158788.2247,161644.2025,165466.0761,168867.4407,171562.453,173591.5222,174484.7865,174846.0209,174615.7934,174277.0758,173718.9092,172839.091,171693.8423,170814.2633,170599.118,171640.5856,173646.0987,176291.4752,178556.6481,180185.2352,181823.735,183290.557,184902.2102,185761.0443,186205.4896,186606.6323,187865.0476,189846.7181,192189.6674,193858.8584
394907,427,"New Castle, PA",msa,PA,103258.2896,103370.7687,103417.5189,103668.6197,103979.256,104405.8828,105007.9354,105478.012,106026.6392,106398.189,106807.6308,107561.8302,108360.6595,108790.5101,108624.5797,108332.806,108431.354,108667.1985,108859.6401,109294.8185,109861.4483,110695.2207,111402.8917,112369.3326,113521.9218,114993.8084,115862.5234,115931.5722,115702.6467,116061.095,117436.4602,119317.1314,121636.0885,123601.1559,125366.2428,126559.0572,128109.5817,129479.4059,131013.0244,132645.6273,133433.8485,133799.7036,133102.8758,133286.4815,133696.8601,134453.2562,135860.7741,138173.7339,141285.5993,143807.4348,145596.3234,147227.9816,148245.5174,148623.9565,148341.9087,148500.3445,148745.2024,148475.1011,147570.512,146459.4079,145868.6579,146029.5394,146698.6636,147779.1203,148850.3958,150158.8707,151404.6021,152352.9482,153126.0682,153408.491,153513.4745,153663.811,154260.8021,155265.4328,156417.9242,157546.417
394925,428,"Oak Harbor, WA",msa,WA,386507.0376,390224.5683,394632.1738,398516.108,402140.7265,405179.0908,407599.9493,408503.8291,408287.3026,407931.4967,407718.2875,408000.215,409354.0875,411504.6784,413166.4301,414123.0707,415249.5853,417513.7378,419843.7923,422364.6581,425083.7996,428370.6526,431625.9282,434642.1412,437749.9975,440796.2323,443403.5867,445709.5567,448698.5119,453922.0833,461978.0432,471871.3426,482351.6962,492310.7684,501381.0005,511202.21,521378.7506,533610.8102,547257.9101,560702.0249,572574.9721,579807.4788,584372.6118,586274.4667,587739.6851,589911.4063,595862.2858,604815.9986,617043.2098,629613.2078,640638.7417,647304.5079,645796.3438,638083.8423,626953.7432,619134.1724,614002.9991,610133.7337,604870.7317,601222.023,600093.3185,602028.5349,605374.7447,608904.4515,611098.095,611457.4369,610667.9779,609468.473,608737.031,607876.5648,606811.9506,606045.4929,607644.5699,611158.3414,614503.0098,615933.51
394942,429,"Orangeburg, SC",msa,SC,102891.9502,103403.5262,103906.9138,103927.6473,103927.7296,103932.7365,104107.1007,104073.6965,104287.1667,104498.8464,104840.4807,104928.1231,105267.9278,105910.739,106733.1369,107611.1884,108318.1233,108979.6927,109395.0518,109970.0711,110544.5341,111221.8949,111377.7675,111652.5935,112295.6507,113287.2572,114004.1323,114307.2649,114973.3433,116194.3111,118357.575,120936.6126,123965.1914,126775.12,129228.4492,131443.2346,133307.5892,134807.4768,135832.9027,137068.3844,138168.1536,139977.3417,141823.1547,144468.7347,147265.0793,149420.9629,150779.5651,150763.5336,150387.7803,150912.6987,151972.9905,153838.0869,154104.6568,152855.688,149850.9502,147141.3172,144873.8605,143298.5462,142227.2,141660.9523,141855.8188,142620.6063,144031.1501,145423.392,146251.83,146460.8066,146567.9,146418.8201,147039.1542,147143.4014,147342.0019,147729.9331,149306.5452,151072.8118,152412.6065,153551.6758
395212,430,"Watertown, WI",msa,WI,208631.0186,209848.7526,210892.7079,211740.7208,213184.0578,214710.8677,216001.9108,216321.3193,216762.0582,217548.2931,218892.4143,220335.8791,222178.198,223752.8912,225445.168,226739.825,227881.1818,228755.46,229434.8049,230345.9347,231702.7644,233219.6803,234676.7429,235673.3192,236816.2371,238265.3056,239446.3988,240333.665,240948.8905,242507.7171,245521.9671,249242.466,252878.3456,255506.622,257891.248,260128.3204,262306.3133,264562.8711,268057.0456,271991.2805,276110.3491,278536.8129,279853.077,280392.0889,281645.6418,283545.3754,286123.1224,288772.268,291663.8304,294992.6581,297850.7796,300048.4749,300632.2733,300406.3981,300087.7024,299838.4615,299595.5988,299020.0525,300322.2057,302544.7199,306398.4643,310204.9094,313689.6859,315619.6333,316434.6968,317960.6986,319819.7345,320872.4272,320747.1151,320247.6893,320320.3317,321695.9833,324792.7027,328610.7876,331387.5427,332981.739
394847,431,"Meadville, PA",msa,PA,119244.8189,120700.7366,121696.5221,121549.1054,121189.4373,120779.8764,120554.8919,119593.5707,118697.3167,118057.8943,117582.7187,117283.1194,116975.7629,117810.3491,119126.791,120762.121,121930.6086,122541.7586,122463.3137,122660.695,123382.7212,124466.2381,124758.2785,125023.3779,124859.8405,125418.357,125408.6985,125551.1589,126012.6622,127428.8332,130114.9802,132891.817,136024.5322,138267.598,140208.3081,141662.0542,142803.533,143163.5159,144069.8562,146915.1213,150113.1867,152483.4592,152586.0096,152486.12,152288.2333,152456.8893,153427.4596,154159.3018,155241.5682,156375.6098,157312.5713,158336.3232,158855.9676,159144.6937,159077.8126,159396.3978,160521.1586,161598.0998,163801.5645,166070.1332,168267.9073,168348.9751,167760.5516,167625.084,167447.4368,166871.7957,164740.176,162483.5915,160290.5257,158866.9996,157395.9897,156046.6884,155348.4101,154953.1231,154900.6118,155065.4771
394568,432,"Elmira, NY",msa,NY,105054.2166,105157.6491,105344.7656,105940.0882,106893.8126,108015.8588,109118.7583,109624.6187,109824.9807,109535.4177,109284.7769,109070.2397,109083.4932,109139.8387,109352.1193,109755.6434,110378.1785,111019.3613,111473.2689,111858.1656,112228.7578,112829.1482,113116.6052,113359.6381,113320.4344,113550.257,113810.5043,114202.8859,114792.0964,115748.3947,117180.2788,118905.212,120824.4017,122350.2597,123496.8859,124403.0301,125589.3771,126928.2996,128615.2524,130409.8959,131799.9597,132440.8476,132500.3859,132679.3894,133094.8896,133749.5132,134863.5141,136189.1498,137424.1074,138615.1682,139894.7825,141872.7332,143770.449,144899.3612,145134.8682,145150.1808,145290.2973,145505.3269,145452.3608,145618.9534,145868.4607,146422.5371,147064.6432,147810.1723,148457.7872,148871.0261,149299.5812,149750.5154,150364.169,150471.2332,150410.776,150380.6764,151146.4961,152315.1439,153825.983,155250.2099
394644,433,"Great Falls, MT",msa,MT,190574.3171,191377.9064,192155.2041,193122.7348,194388.4981,195988.3595,197160.9963,197823.6897,198049.3607,198302.1937,198799.7285,199627.6747,200523.6087,201461.7743,202089.8363,202723.0801,203291.5424,204343.0167,205079.9403,205509.4098,205627.3787,205997.9868,206846.5666,207799.0991,209030.5289,210198.7867,210979.5766,211312.7175,211906.2736,213234.2759,215701.2405,218118.1846,220952.8971,223185.4529,225608.8454,228233.8063,231676.2394,235706.6122,240078.2812,244285.953,248094.8153,251315.8841,253897.9563,256397.4349,259264.2664,262545.9295,267003.0485,272177.2125,277991.3433,283837.2608,288997.7371,293165.9171,295292.2882,295264.3307,294175.7027,293354.4915,293515.3263,293982.3824,294047.8987,294232.8339,295490.0326,297939.9901,301492.6119,305266.0428,308433.1812,310496.9954,311660.6675,313042.45,314305.3231,315380.4189,316259.1293,318260.6033,320522.8638,322681.6007,323852.2253,324674.8873
394776,434,"Laurel, MS",msa,MS,114111.8832,114306.5795,114746.2157,114867.9252,115125.9233,115278.2464,115645.8113,115883.3126,116247.8048,116403.2282,116422.1245,116228.2084,116685.6258,117629.51,118662.8068,119275.1141,119747.6011,120142.1194,120295.0813,120545.9022,120588.6132,120734.1512,119949.5005,119480.447,119418.0715,120407.1844,121651.0625,122609.3426,123986.5112,125754.1062,128196.0253,129443.2424,129597.0087,128444.0347,128037.7669,128348.2926,129416.876,130554.8181,132047.9778,134069.9867,136483.4187,139179.8761,141352.3644,143454.9888,145444.9116,147413.7069,148574.7946,148563.6937,147718.6936,146888.781,146327.8956,146919.6249,147703.1681,148367.353,147787.0447,146606.9576,145113.9484,143871.9434,142769.4779,141542.5467,140799.23,141527.6794,143817.1802,145162.2419,145606.5501,145106.8325,145540.4488,145263.6823,144061.7361,142560.4318,141522.7837,141363.023,141996.6236,143197.0269,144674.4755,145455.0758
395042,435,"Russellville, AR",msa,AR,135118.6177,135944.5707,136613.1972,136629.1044,136859.4683,137066.6399,137282.4315,136968.4727,136721.2492,136700.1021,136960.2817,137283.9942,137556.9798,137867.0476,138027.454,138385.6389,138613.1405,139005.534,139207.049,139798.406,140550.3729,141318.3035,141397.9882,141179.6081,141267.6788,142394.4724,143950.3599,145527.5111,147159.618,148900.5475,150748.9904,152005.1683,152784.7656,153038.719,153354.4964,154072.8778,155039.6165,156434.203,158074.612,160221.5562,162196.9996,163773.4035,164868.0778,166022.3015,167505.3391,169186.9043,170991.8081,172400.1154,173438.3352,174188.7524,174611.564,175368.4124,176123.2433,177077.3065,177107.3022,177032.1109,176709.8453,176943.6399,176939.7487,177087.462,177588.0673,178760.8893,180577.52,181932.4085,182534.2626,182092.0544,181609.9386,181066.2843,180753.5168,180623.4893,180517.221,180880.6377,181975.0193,183655.1556,185149.2766,185912.4209
394704,436,"Indiana, PA",msa,PA,115753.1687,115783.9819,115840.7889,115381.2549,114973.4384,115255.6724,115656.6998,115751.4516,115713.2393,115841.2079,116478.6266,117763.9044,118983.5876,119497.8548,118880.9187,118302.1644,118330.4926,118747.8767,119254.4072,119808.8983,120383.4324,120634.239,120658.8231,121523.2004,122871.951,124098.0553,124167.3654,123565.6134,123135.9988,123409.6631,124701.3947,126331.7303,128462.7676,130150.2929,131814.3939,133306.5165,134904.6009,136327.1028,136991.5764,137806.7922,137576.7477,136867.8717,135500.0597,134924.7372,134852.0676,134855.5749,136094.5294,138221.8205,140849.5823,142678.2557,143752.489,144605.6399,144797.5525,144333.7298,143638.7696,143539.7383,143928.4859,144735.8739,145280.3619,145205.0313,144875.3844,144508.8928,145050.419,146085.6077,147446.2881,148569.9674,149568.2173,150616.7329,151788.6187,152280.2417,152074.6564,152460.3398,153601.8738,155593.6521,156920.2519,157678.5614
394859,437,"Midland, MI",msa,MI,141885.6873,142752.7338,143281.5605,142834.7054,142610.9933,142140.2203,141810.8519,140736.2922,140077.4897,139731.3769,140430.7275,142223.1167,144543.2607,146698.9086,149695.246,153101.7011,156101.6621,157291.3563,157476.2839,157999.8393,158727.7888,159314.1193,159349.027,159421.1699,159873.4065,160644.6398,161174.7974,161449.4986,161954.4306,163287.2486,165707.4668,168310.0615,171009.8548,173136.3444,175102.1391,177030.0823,178755.0444,180798.3179,183036.3079,186039.5468,188921.5904,190612.9701,190640.7784,189991.9833,189920.7311,190570.2104,192619.0923,195501.5988,198752.128,201876.0571,203831.325,205710.1765,205813.8315,205878.5992,205378.3283,205950.6074,206472.6716,207293.2458,208255.9904,209216.0487,210313.6746,211553.6262,213319.8334,214649.9208,214814.9075,214799.4784,215018.0813,215879.9525,216760.7026,217138.9403,217444.4911,218475.7712,220556.9619,222833.1127,224041.1851,224549.7656
394755,438,"Kokomo, IN",msa,IN,105494.1865,106288.2727,106925.5596,107489.4796,108239.4003,109006.4954,109604.9351,109864.9069,110258.1883,110872.2265,112002.9077,113296.2864,114804.7751,115769.3161,116191.5704,116019.7949,115864.2199,115775.0675,115992.6105,116164.4538,116625.6568,117134.9486,118025.4348,119207.6022,120679.9576,122077.7478,122910.4248,123220.6986,123280.5422,123539.7899,124348.9298,125585.139,127311.431,129022.4121,130926.7094,132812.9947,134739.0846,136326.3154,138052.6263,140031.751,142092.0928,143411.2625,143995.4481,144509.9721,145331.275,146451.7004,148366.5973,150916.6877,153413.8077,155557.5848,157099.918,158909.8018,159936.4463,160183.4402,159545.0674,159005.374,158859.4809,158820.452,158600.4502,158475.0172,158707.4711,159698.9712,161144.5902,162755.6676,163953.3858,164901.6147,165685.8889,166284.3698,166474.3709,166536.5107,166867.1168,167800.9948,169511.5939,171410.8763,173082.3226,174145.4464
394395,439,"Bloomsburg, PA",msa,PA,179076.1213,179683.6749,180429.5472,180926.7404,181743.5046,182211.06,182502.8913,181902.5558,181160.6409,180651.4386,180600.3557,181846.4495,183539.2182,185803.9746,187369.515,188411.446,189120.9803,190164.5546,191800.7551,193965.9629,196049.034,197484.9057,198069.4691,198614.4012,199143.3279,200666.7133,201411.0642,201706.8012,201780.7774,203034.3607,205581.056,207484.0668,208645.308,208701.9408,209009.2973,210055.7787,212045.091,214399.4437,216864.7561,219915.2275,221913.4166,222787.2529,221702.8786,221289.0434,221851.9289,222963.0302,224413.2156,225534.8911,226472.6972,227657.8402,228727.1372,230131.9871,230570.4465,230290.9824,229266.0834,228769.7186,228600.9782,229157.887,230416.9767,231442.9499,233129.8751,234807.7059,236625.4415,237970.0605,237531.2418,236903.0684,235300.8813,233960.6897,233455.4657,234051.0314,235298.3723,236496.8524,237310.0691,238015.46,237803.6169,237150.0071
394941,440,"Opelousas, LA",msa,LA,129230.2717,128854.6251,129302.6079,129613.0019,130309.3517,130920.5191,131561.6399,131227.026,131581.656,132652.8086,134696.326,137206.4252,139664.3751,141438.4393,142245.5515,142242.4214,142201.4277,141393.6791,140209.0776,139342.4631,139733.7808,141133.7164,142509.7775,142715.7756,141669.8999,140203.7492,138960.789,137875.6066,137298.6168,137402.1103,138950.8921,139614.7287,139834.53,139266.6306,139476.0104,140127.6819,140797.1882,140776.5988,140595.455,139915.4858,138956.4655,137753.8778,136726.9307,137031.4372,138400.3006,140399.864,142066.1884,142898.1987,143021.2221,143129.7213,143271.6239,143481.2684,142139.6118,139708.9605,137120.9349,136271.7975,136633.3451,137999.5965,139990.2508,141315.9944,143236.6341,145221.4972,147056.3753,147225.9731,145215.4063,142404.3994,139439.6809,137002.1564,135313.2111,134111.836,132703.7462,131749.606,130980.0578,130953.6186,130569.0985,129661.0858
394675,441,"Helena, MT",msa,MT,262946.532,263869.1409,264751.5673,265710.1253,266917.7465,268108.9483,269096.176,269842.7678,270820.5831,271924.7635,273428.3066,275135.1426,277138.9014,278880.8832,280237.7557,281551.7254,282788.4475,284249.4132,285360.2436,286552.6745,287864.9372,289134.1605,290615.4626,292336.1766,295169.9021,297915.2556,299702.4474,300393.3403,301560.9978,304227.0732,308843.3472,314288.5383,320672.6313,327110.3826,333407.829,340340.4218,348131.3248,356923.683,366012.9444,374510.3524,381586.4917,387116.1567,391010.9454,395026.4991,399355.4931,404700.1742,411709.1758,419509.6897,429029.3491,439006.6435,448026.0849,454699.0919,456957.4909,456116.032,453090.6825,450881.6414,448914.2645,446590.7669,442205.3286,438229.333,436788.9883,439392.767,444336.9167,449358.5219,452988.9065,455391.5319,457270.2822,458400.5727,458513.5148,458123.7533,458525.8733,461003.752,464417.7501,467908.1157,469824.2585,470687.7118
394744,442,"Key West, FL",msa,FL,568809.7023,565025.4256,565054.0128,565568.9586,567023.1245,568944.886,572059.7135,576034.2584,580563.8833,586956.8888,589650.0171,588763.0221,584707.1822,582515.6103,582280.4534,583020.0644,584554.0996,586159.8212,587552.6568,589436.2834,592029.4203,595372.3968,600720.6192,606561.945,612052.4876,614292.403,614447.9266,614191.7692,615149.9902,618586.1441,624564.9895,632819.229,644065.7872,655886.442,666804.6184,675661.9414,684969.7348,697479.1408,713861.5132,732923.006,749730.376,762196.0852,771598.49,782736.0509,797065.9054,814318.891,836782.8428,864964.6519,898484.7663,932880.9686,966091.6007,993102.6831,1006509.76,1006932.452,999670.0369,994279.876,991085.8939,988224.5221,981346.6233,975203.3181,971237.8865,975909.9495,985238.9188,996480.5625,1005167.525,1009038.604,1010752.351,1011627.406,1013570.433,1017113.952,1019281.415,1020375.846,1021664.531,1023819.541,1024290.365,1021269.03
395145,443,"Talladega, AL",msa,AL,124793.0586,125938.6618,126675.7373,126545.8804,126588.5814,126777.9027,126911.0003,126372.9131,125689.8864,125373.8536,125845.591,126564.7123,127590.3718,128645.7187,129774.2523,131017.6564,131860.6056,132593.1496,132697.7207,133264.1865,134248.7879,135889.737,136896.6033,137497.8728,138140.5246,139672.2113,141542.7487,143237.2023,144853.4073,146567.4597,148846.6805,151507.4295,154076.4049,156534.7889,158797.1461,161172.9707,163379.276,165400.9996,168065.7937,171191.0162,173782.2093,175387.1767,175804.6229,176699.2586,178158.8369,179567.8715,181486.5887,183038.1235,185046.55,186807.4839,188331.2373,189829.7193,190098.1708,189794.3552,188509.0295,187059.6589,185534.3631,184206.483,183204.078,182716.485,183256.1976,184783.1507,186403.4136,187486.89,188164.8946,188477.141,189015.464,188802.9837,188728.1925,188499.0839,188588.7585,189332.7843,190822.8555,192584.7137,193725.5916,194445.2565
395133,444,"Stillwater, OK",msa,OK,153465.8234,153734.8804,153831.1187,154025.7779,154624.6622,155154.0301,155585.9311,155576.7024,155906.088,156439.8392,157254.5608,158063.8341,158902.0851,159706.155,160348.9697,160955.5517,161355.638,161867.2911,162272.6395,162924.9395,163795.0158,164798.738,165854.7454,166649.9358,167356.5171,167735.6421,168008.706,168182.3603,169070.9261,170090.4485,171796.6153,173353.1663,175308.2462,177071.7993,178710.4921,180250.3998,181687.9703,183104.3948,184500.4158,186257.7097,187974.461,189789.0692,191337.1137,193087.5468,194862.2337,196424.6199,198113.2302,199893.4394,202020.8315,204204.6835,205593.2819,207001.2406,207888.8049,208790.1288,209175.0436,209427.3898,209797.4461,209828.0838,209257.2084,208487.0069,208420.8414,209492.6437,211387.1211,213214.9156,214500.8347,215070.5655,215339.0476,215693.3045,216177.1759,216630.705,217076.1084,217808.2083,218714.484,219647.3763,220088.4087,220460.4071
394489,445,"Columbus, IN",msa,IN,160930.5988,161740.1032,162450.5762,163074.9017,163953.4711,164980.4626,166137.9954,166992.2572,167816.1084,168386.3956,169393.7983,170577.0193,172076.7078,173215.1865,174189.8784,175107.0863,176121.2472,177056.4352,177913.3935,178911.3494,180237.9566,181600.6535,182858.7376,183790.1898,184888.7634,186152.9018,187111.5635,187579.7261,187730.7009,188258.1627,189532.7731,191302.5202,193534.8531,195483.9612,197183.5827,198922.8807,200994.6249,203423.1753,206444.4932,209924.0106,213049.2658,214952.6708,215876.7817,217264.9291,219383.0165,221409.1107,223699.4856,226303.5075,229503.8776,232633.7278,235304.1754,237770.8426,239039.8318,239350.4942,238810.9893,238639.8082,238923.4259,239944.9907,240696.1413,241714.8348,242644.3604,244403.64,246473.0238,248836.191,250794.4836,252182.5551,253148.789,253732.0721,254202.1644,254591.5845,255521.3759,256776.1607,258547.5698,260403.9133,262071.821,263057.8115
394345,446,"Athens, TX",msa,TX,180602.3131,182572.5931,183886.2427,184103.6024,184288.0093,184785.3562,185972.4774,187281.9162,188640.6727,190134.2001,190615.7067,190215.6877,188889.9068,187936.69,187556.0092,187624.3409,188151.7598,188955.1739,189886.7026,191217.4341,192806.4823,194154.8683,194934.0984,195380.2384,195995.1704,196838.1962,197154.8627,197510.803,198946.9045,202030.7487,206434.9269,210907.2127,215477.3379,219682.5465,223441.3783,227272.424,231493.8797,236400.0045,241711.6352,247138.1837,252467.2332,256556.6916,259473.0711,261924.6496,265964.8751,269942.3058,274354.1089,276863.7494,279145.9448,281302.9014,284815.9638,289837.6736,293345.2899,294555.2882,293013.0339,291576.7874,289595.561,287900.1288,286185.2593,284623.2695,283557.6211,282992.705,282983.8001,283012.1029,282444.6385,282325.7997,282425.3195,282309.7599,281619.4056,280323.3984,279262.1466,278836.6499,279295.5849,280837.2599,282342.6593,283747.1855
394452,447,"Centralia, WA",msa,WA,232311.5124,234731.6692,237256.0848,239726.3881,242755.6353,245401.0692,247807.7393,249171.9,250678.1079,252338.0407,254088.146,255714.2241,257737.93,259918.0617,262196.5686,264467.8122,267218.906,270500.0269,273271.8436,276308.2897,279434.6786,282990.084,286420.2183,289180.2216,292103.9698,294818.0046,297749.7597,300454.1709,303948.5503,308873.7041,315552.7248,322009.1421,327966.9491,333246.263,339299.9248,346699.9992,355150.4372,364194.4631,373306.5136,382629.1835,389830.9425,394696.3146,397653.9721,401299.8691,405470.3194,409664.4878,414952.8316,421958.3104,430174.6209,437948.4689,443201.6104,445347.5768,443950.5067,439878.2998,434932.9464,430938.7033,428038.0246,425267.3209,422176.2965,420287.5361,420019.8447,421545.5989,423239.4495,425552.8919,427909.0325,430570.0872,432265.4009,433151.3873,433708.9762,434293.3106,434762.8362,435925.7008,438159.9059,441188.3723,443811.0308,445393.6947
394822,448,"Manitowoc, WI",msa,WI,132796.3197,133545.966,134004.138,134240.8241,134742.6901,135408.7667,136305.7943,136891.2347,137732.4389,138659.687,140016.2806,141468.2712,142869.12,144024.1245,145070.6212,146224.2953,147462.0913,148397.0285,148945.0368,149520.0447,150581.709,151935.1586,153180.7201,154100.7584,154703.8228,155313.8185,155797.8651,156526.1166,157306.3155,158808.2634,161088.296,163652.3325,165933.4483,167596.1038,169043.9052,170618.0104,172340.7839,174615.8615,177647.3098,181209.7503,184155.5167,185721.6841,186062.6317,185998.7952,186331.1839,187402.5967,189507.5397,192157.6787,195027.8047,198218.9007,200847.3611,202811.0133,203169.2956,202737.3901,201995.6609,201880.9272,202203.0358,202895.3662,204462.4049,206477.1242,208798.0271,211170.9987,213619.2978,215309.2871,216383.1439,217703.6275,219255.1773,220171.1097,220700.5326,221571.2115,222960.9555,225067.1649,228211.3243,232076.3019,234680.7579,236311.7805
394682,449,"Hinesville, GA",msa,GA,134562.1474,135427.0976,136150.6712,136627.5925,137200.9765,137851.0785,138722.1263,139419.6989,140340.1079,141153.9672,141899.3696,142515.2515,143034.4827,143689.9496,144006.6731,144431.6362,144931.2879,145559.352,145954.8019,146487.5145,147322.0266,148349.3866,149163.116,149869.4051,150467.6815,151069.1156,151519.2339,152088.9967,152855.4125,153957.2039,155471.7482,157284.2421,159102.4424,160637.84,161828.3226,162954.2424,164242.9505,165602.0751,167370.8182,169765.7138,172434.87,175026.3352,177228.3934,179718.1386,182574.604,185539.0512,189161.7087,193346.9139,197671.5875,201786.8855,205169.3968,208781.2839,211679.1285,214112.1406,215740.7251,217081.9776,218227.2681,219175.0688,219921.4757,220628.7619,221775.4191,223321.8969,225251.7125,227201.8739,229053.023,230979.6103,232727.8873,234431.3691,235683.9935,236655.8189,237577.5924,238668.456,240000.6496,241241.5175,242215.5008,242870.2111
394541,450,"DuBois, PA",msa,PA,119500.9406,119149.519,118376.0123,117108.7565,116264.6981,115603.3566,115000.1311,114033.7734,113438.4329,113199.507,112944.1174,112838.6274,113094.4243,114236.6034,115676.7972,116636.9001,116471.0823,115940.0546,115603.5514,116290.2518,117609.7176,119198.6389,119390.0046,118991.7794,118097.1854,119066.3685,120423.9664,121706.2436,122377.6451,123360.4133,125762.0514,127785.595,129254.2077,129452.6401,130416.5147,132351.2772,135107.712,136993.1164,138636.1581,140875.9108,143050.6007,143769.2953,142484.8476,141110.2447,140368.1667,139409.401,139463.2773,139775.9281,140714.1319,140670.0232,139588.509,137923.409,135604.3511,133686.9401,132018.9987,131921.1846,131979.0588,132377.6881,133993.1641,135373.0882,137428.6641,137768.5779,137950.8801,136690.4185,134625.662,132606.2965,130244.8476,128342.3488,126731.5269,126313.9454,125911.9641,125093.7169,124260.0412,124084.9075,124773.5528,125744.9429
395205,451,"Warsaw, IN",msa,IN,170607.1764,172003.0252,173494.4117,174460.9911,175129.3099,175653.9062,176365.3157,177120.3752,178069.9299,178997.4647,180347.4377,181854.1631,183544.2615,184707.6938,185340.0609,185928.2652,186846.8746,187838.5188,188706.3446,189502.2307,190603.8764,191646.5217,192787.6874,193844.5095,195214.5104,196339.2601,196797.9704,196737.3874,196796.2935,197796.1976,199906.4013,202694.3675,205933.5496,208846.7211,211367.8834,213967.6065,216911.1626,220488.7527,224161.2743,227698.0402,230211.5743,231395.3477,231570.0431,232047.2665,233507.5086,235405.3638,238427.4305,242316.766,247169.1851,251638.118,255022.3131,257788.7765,259063.3249,259317.888,258423.3652,258145.4374,258129.1723,258501.8265,258199.5298,258337.929,258797.3526,260610.0384,262781.2273,265441.0107,267301.4167,268670.4814,269317.2445,269407.2871,268992.1912,268258.7672,268017.5297,268415.6134,269820.611,271388.2654,272685.5678,273302.4141
394986,452,"Plattsburgh, NY",msa,NY,138332.5255,138448.4907,139184.6048,139893.9289,141012.9903,141959.3469,142971.4428,143239.7789,143693.4467,143968.1777,144753.0933,145593.0979,146608.8787,147370.1515,147842.0922,148426.8818,148988.8833,149568.2404,150143.8558,150941.1846,151863.0789,152591.7645,153034.9626,153543.998,154002.6731,154588.778,155092.3394,155665.796,156405.3063,157521.4062,159281.2918,161478.0889,163922.0898,165989.9668,167293.0118,168184.2406,169319.921,171059.6868,173537.3304,176424.097,178794.8806,179735.8926,179257.0594,178689.1073,178631.7229,178957.2407,180669.7301,183060.6471,186691.1106,190028.3033,193295.5834,196558.8303,199133.7943,200919.1212,201232.1696,200893.0613,200166.4222,199330.3674,198129.1325,197222.9235,197022.2412,198081.5529,199632.1554,201701.1693,203552.3872,205139.3529,205922.8344,206317.3541,206930.4753,207484.1684,207712.4702,208068.0656,208850.9654,210153.6792,211620.6326,213206.9168
395126,453,"Statesboro, GA",msa,GA,145742.8353,146669.1482,147513.5871,147776.4349,147849.7467,148040.7295,148566.3791,149073.684,149593.5396,150356.9981,151387.0091,152444.6227,153137.8418,153396.5735,153341.2197,153239.1846,153274.6159,153516.2743,153591.9243,153937.2295,154424.3692,155250.255,156007.6127,156885.3262,157932.1912,159082.1756,159685.5269,159945.1257,160479.3011,161983.1864,164359.2117,166866.299,169300.482,171347.0179,173216.761,175082.2903,176825.4896,178661.1095,180712.679,183440.9911,185979.4662,187982.9982,189602.6834,191615.5214,194104.9997,196683.989,200731.1807,205735.9093,210680.3283,214234.9364,216543.7311,219208.0365,221684.0546,223727.4117,224822.7853,225837.446,227076.7873,228362.3231,229031.0719,229258.0469,230293.9954,232512.1915,235705.202,238801.5015,241773.9315,244613.2131,247459.1165,249956.7776,252395.6139,254380.2169,256186.9753,257852.737,259996.6913,262505.8296,265043.2937,267149.03
394445,454,"Casper, WY",msa,WY,200649.3705,199892.1217,199456.271,199277.7693,199872.2457,200811.0044,202155.1869,203232.8543,204142.1726,204694.0269,205212.7419,206136.0228,207440.9267,208907.1597,210099.5044,211065.9821,211859.6924,212678.2258,213404.6311,214340.8718,215521.1387,217025.6778,218227.9586,219133.4988,219853.458,220762.0306,221410.0338,222094.0602,222826.956,223985.0266,225435.5353,227254.2397,229691.7232,232158.1938,234405.974,236224.5161,238023.639,239687.3217,241191.9405,242739.0869,244508.2214,246147.779,247391.6925,248384.89,249779.672,251232.5366,253579.7904,256006.1866,258687.7745,261087.978,263468.8199,266496.9514,268759.116,270237.4364,270327.8695,270837.248,271704.2502,272881.8456,273552.5044,274288.6512,274913.5495,275784.8541,276678.8535,278047.2255,279501.6434,281262.9706,282836.6086,284506.9695,285345.9091,285577.4779,285729.1306,286554.9325,288299.9931,290107.3303,291600.8891,292615.6196
395231,455,"Wilson, NC",msa,NC,115568.2692,116058.0915,116427.3093,116431.4543,116426.7248,116435.9227,116647.801,116778.6048,117203.6753,117977.4036,119179.6183,120241.9969,121078.509,121398.6224,121580.1422,121662.162,121865.0344,122238.7971,122472.3476,122841.5373,123048.4957,123378.8444,123843.7671,124791.684,125756.4585,126622.1978,127065.913,127731.1304,128643.4584,129856.7765,131472.7173,133617.2437,136319.8618,139259.2723,142236.1582,145106.2127,147756.6182,149924.6621,152194.6659,154867.8625,156996.3541,158052.7826,158198.6542,158931.6622,160577.0294,162432.1183,165667.5998,169774.056,174924.6062,179419.5437,183418.5273,187151.1163,190084.2708,191782.1821,192351.5625,193039.8083,194100.7491,195301.3241,196195.1761,197337.8986,199022.3435,200965.6713,202473.1299,203265.5032,203745.9118,204305.471,204965.5005,205366.1971,205830.2953,206173.1388,206449.1766,206797.2195,207488.9777,208679.7116,209960.6127,210950.0063
753881,456,"Glenwood Springs, CO",msa,CO,514977.3295,517866.6584,520807.9986,523426.0613,526388.0631,529134.0338,531473.1163,533454.2277,535457.8622,537122.5652,537733.9734,538044.507,538607.2621,539676.2292,540154.7248,540639.2756,541319.8685,542258.8281,543300.6153,544309.337,546173.6507,548316.6787,550808.6945,553833.664,556998.9268,560080.9686,561041.1188,560010.1622,559254.5419,561126.8734,567510.0309,576504.5103,588745.0748,601923.755,615120.2831,627397.7869,640284.9582,654435.1744,670698.6967,687119.8121,701494.8488,712629.7253,722587.6916,733053.3443,744138.0332,753993.669,764872.1727,778429.5437,796467.1434,815646.8691,832381.4513,843855.345,847860.775,845951.6397,840872.5108,839436.372,840454.0949,841066.4864,838908.1855,836283.8695,833680.3638,834784.8014,838362.7927,846854.0058,855165.0514,861989.5186,867986.4715,873639.7711,878839.4768,881552.4069,882875.5707,886065.8868,892881.3965,902526.2412,911070.0817,915821.4853
395085,457,"Seneca, SC",msa,SC,158319.2045,158821.171,159582.7021,160210.5095,161070.3476,161992.3115,163065.4205,163922.2515,164933.7546,165798.5504,166901.0433,167721.4951,168554.6878,169244.3967,170074.0332,170822.7953,171675.4818,172415.9308,172933.6797,173532.0684,174464.5937,175737.8339,177117.0813,178209.8367,179126.7235,179750.9284,180471.7173,181438.5846,183110.1931,185672.2932,,193407.552,197480.9486,201270.543,204895.0462,208705.1652,212415.0868,216250.5526,220234.2049,224651.8787,227738.9162,228987.2891,228935.0588,229843.1891,231598.1132,233392.9556,236477.5578,240960.371,246604.1669,251990.9524,256444.4789,261149.3009,264144.1231,265835.365,265230.2968,264586.1825,263362.2024,261788.1837,259724.0245,258654.6203,259320.5914,261375.4468,263705.4931,266309.0524,268265.2981,270018.9015,270709.5844,271014.6539,271029.1486,270838.376,270652.3688,270615.6725,271871.8869,274254.6415,277934.9507,281376.4275
394866,458,"Minot, ND",msa,ND,209434.0016,207420.9669,205254.9397,202482.8038,200059.5329,197977.3009,196977.4613,195980.6135,195462.1795,194653.4353,194305.0266,194163.1486,194663.9644,194863.0109,194930.3572,195090.1437,195255.5413,195409.2021,194792.8361,194343.8457,193626.1424,193213.1268,192367.1254,192013.8916,192022.3586,192798.3285,193968.5477,194984.4072,195963.2066,196700.8965,198508.9629,200178.3861,201905.7128,203161.959,204542.4358,205297.9147,204865.4463,205044.8373,205478.4518,206850.0071,207916.7306,209567.4204,211312.727,212532.8012,213583.7852,213932.6945,214255.5759,214243.6033,215254.7076,217073.2405,219902.3556,222160.5557,223803.605,224993.1386,225458.1336,225874.9337,227272.2706,230276.2489,233348.7095,235555.4333,236868.0278,238544.9174,239868.849,241660.4473,242648.013,242901.1533,242403.9532,241756.7522,241335.6601,240295.979,239681.5702,239561.932,240657.9434,242177.1914,243347.3568,244260.8666
394936,459,"Olean, NY",msa,NY,90343.71737,90430.7904,90485.61099,90353.0052,90562.2728,90970.19597,91500.58209,91525.52181,91456.59597,91418.79813,91653.35736,92079.13376,92588.61631,93019.93515,93477.63489,94119.36265,94915.84554,95520.32159,95820.16554,96081.10388,96351.78997,96764.84443,96709.08593,96879.10973,97225.36935,97830.78598,98336.84816,98495.20178,98791.8452,99447.06042,100902.9087,103076.215,105490.8735,107846.9854,109881.387,111636.2402,113075.9972,114489.6127,116495.5208,119061.1201,121160.6054,122284.7919,122344.3765,122832.1185,123874.6317,125184.397,127363.1982,130050.2521,133205.3666,135899.7051,138143.2425,140669.0676,142770.8775,143833.1455,143792.7233,143271.6829,142742.7864,141881.5579,140957.1318,140226.0162,140184.8328,140724.5434,142047.6988,143497.8037,144645.6742,145164.4553,145622.162,145932.2585,146492.6753,146750.844,146834.4808,146871.0268,147403.1898,148746.8399,150280.1023,151870.5271
394465,460,"Chillicothe, OH",msa,OH,121808.2147,122716.3271,123858.264,125022.5701,126445.7792,127843.0217,129048.4507,129630.0555,130127.0382,130513.921,131124.2058,132097.6917,133292.7758,134345.0194,134813.5513,135183.9691,135699.7689,136508.6013,137103.6114,137629.9229,138203.325,139170.0493,140698.1024,142234.0676,143542.4808,144435.0658,145219.3029,145935.4841,146768.2633,148133.2791,150416.2939,153024.9871,155532.8717,157423.0773,158734.607,160420.9228,162734.1724,165514.8952,167963.2814,170295.3383,172212.5296,172744.1504,171771.7236,170984.2137,171608.5997,173156.9822,175680.3279,178420.0001,180888.7928,182868.3218,184577.6644,186590.6642,187575.6802,187329.868,185918.0814,184624.5029,183552.4292,183162.4703,182995.9042,183773.2751,185015.3879,186653.1928,188347.4173,189881.5022,191366.6214,192702.3085,194184.205,195280.6361,196580.2239,197426.2752,197828.4833,198056.5208,199480.2232,201840.7609,203783.1383,204753.7207
395077,461,"Searcy, AR",msa,AR,132241.7793,132672.7528,133157.0006,132835.6759,132543.283,132012.6751,131816.8462,131451.6133,131392.5267,131361.4258,131651.8258,132081.5507,132939.5227,133818.178,134466.284,135037.169,135315.014,135531.568,135387.3686,135179.1063,135194.1208,135448.0148,135822.9505,136410.4299,136915.0956,137662.0535,138221.6987,138848.8866,139766.8496,140985.3598,142555.9005,143878.1967,145231.1145,146427.053,147748.4169,149228.2273,150805.1284,152703.6066,154692.5111,156937.4807,159188.9338,161360.5003,163126.9129,164543.7418,166071.3853,167752.8933,169527.8295,170838.2021,171797.4286,172688.0846,173580.5232,174800.6753,176185.9996,177288.654,177727.7034,177864.064,178220.4271,179061.9564,180010.9,181403.7109,183306.5436,185753.5431,188089.5439,189973.8362,190672.383,190328.3602,189687.9885,189434.4136,189922.1733,190419.9369,190827.3803,191215.0739,191989.4784,193212.6866,194336.1442,195137.676
394638,462,"Grand Island, NE",msa,NE,158165.254,158749.4701,159084.7082,159415.0487,159994.2995,160741.5636,161619.792,162195.5899,162653.5081,162888.2254,163586.1813,164702.5645,166000.6318,167062.3665,167850.5991,168602.7036,169204.1337,169886.8511,170536.1771,171627.5755,172737.8065,173917.778,174590.6228,175286.5912,175775.1536,176479.9378,177045.7166,177785.284,178665.832,180005.2131,181794.9955,183605.5269,185071.1652,186406.5008,188025.0913,190379.1487,192870.3595,195555.7382,198228.6991,201164.1232,204096.473,206471.5427,207924.5818,209075.6513,210525.2268,212333.9231,214968.0059,218324.5081,222293.5518,225591.4756,227888.3555,229741.42,230662.265,230561.116,229652.7438,229368.8693,229839.7429,230635.6448,230758.6395,230821.7315,230784.6244,231447.0162,232206.9082,233310.0091,234147.605,234752.6179,235098.2407,235146.6553,235282.1455,235503.109,236276.6054,237514.7096,239379.2735,241143.6736,242496.1856,243040.8937
394994,463,"Port Angeles, WA",msa,WA,290250.4238,293209.2858,296673.8399,299843.32,303497.3019,306911.8414,309527.8203,310966.9483,311997.9396,313371.4188,314856.0777,316616.7314,318822.5009,321649.4189,324300.6157,326612.9721,328380.0078,330533.1335,332760.0633,335308.252,337719.4367,339875.4943,341103.1539,342215.8405,343584.3049,346029.5558,348021.4749,349961.9709,352491.8408,356516.7391,362088.0599,367828.7818,373742.7493,379124.8498,384283.4748,390386.1112,397199.8966,405298.6133,414102.2046,424019.1855,433854.2294,441267.1861,446639.0565,450428.0042,454617.6478,458799.7112,465246.2058,473800.1015,484774.87,495525.748,503468.5406,507265.2378,506326.82,502012.4612,496595.5071,492696.2405,490207.0386,487490.4519,483396.6557,479805.4086,477412.4444,477166.0942,478582.4509,481948.0669,485226.3623,487756.4701,488858.8308,489784.6488,490916.4882,491753.3558,492412.3955,493305.8548,495793.5295,499005.5667,501788.1903,503170.9917
394350,464,"Auburn, NY",msa,NY,132265.7876,132704.1462,133369.2278,133979.4909,134683.7919,135211.574,135775.8185,135880.78,136043.7462,135976.0295,136178.265,136641.4877,137318.3352,137658.5386,137606.8837,137437.2457,137349.6196,137356.5874,137571.9206,138143.3754,138890.6631,139747.3648,140635.7247,141559.4949,142581.5404,143764.9721,144537.9118,145181.5427,145899.2276,147351.2036,149428.8824,151980.5915,154880.5502,157379.0006,159384.3639,161254.5219,163342.6972,165575.131,168093.99,170825.4607,172912.1615,173695.1188,173065.6323,172573.8231,172356.0235,172612.3359,173772.7757,175411.9616,177564.6783,179602.1417,182386.911,185810.4798,188253.7275,189228.4205,188971.6556,188882.2475,188693.0842,188369.1504,187581.6746,186954.0631,186930.3309,188026.4034,190006.7153,192511.1804,195101.9134,197464.3899,199219.3829,200649.0634,201751.4987,202394.9385,202315.7633,202562.2131,203853.0205,206419.2845,209857.1225,213202.3157
394699,465,"Huntsville, TX",msa,TX,186059.7985,187803.697,189591.8156,190431.6486,191319.7087,192020.0801,193101.6563,194019.5002,195328.4031,196484.2464,197763.5072,198964.1043,200103.9235,200883.1617,201363.0979,201658.1877,202084.1717,202419.77,203309.0019,204760.5202,206688.674,208501.4746,209632.0057,210808.7434,211636.6475,212487.0989,213010.0162,213707.8091,215186.0292,217248.1398,219625.8914,221878.0751,224076.2039,226493.6138,228695.9761,231390.693,234369.4536,237238.1681,239427.5504,241076.3393,244854.1678,248662.6753,252160.87,254430.9199,257891.1911,262212.3205,266538.2218,270163.1814,273658.9236,277140.6057,280959.1641,285035.5804,287609.0504,288447.0775,287322.7278,286086.6871,284477.2807,282551.2981,279889.7437,277793.2624,276950.5057,277145.9393,277765.7792,278301.7588,278072.9515,276664.5348,274481.2505,272187.9487,270504.4876,268989.8177,268674.5676,268799.4515,269299.5534,270050.4885,270468.6098,271645.1301
394738,466,"Keene, NH",msa,NH,199682.0894,200538.5488,201314.153,201997.9883,203149.44,204316.0879,205162.1402,205326.4525,205498.2262,205806.9375,206230.034,206975.3032,208089.0165,209266.7245,210047.4334,210937.6429,212160.5977,213754.3397,215150.8208,216397.4335,217393.5227,218262.8523,219101.5523,220103.1251,221219.9921,222506.1898,223704.8692,224768.4595,226382.5392,228972.7578,233253.6231,238453.9052,244252.6348,249819.0749,254805.7561,259163.1474,262904.1991,266772.6147,271452.4562,276861.8788,281744.6374,283909.7466,283848.8107,282928.1623,283362.4081,284918.4574,289297.8453,295741.4661,303876.7182,311506.8434,318486.9348,324551.0566,328331.5492,329489.0477,328955.5879,328479.012,328869.8237,329484.1197,329869.3542,330416.318,331870.4561,335042.9907,339130.315,343714.051,347640.1323,351033.3921,353578.7229,355484.9074,356433.5464,356849.7239,356570.0302,356886.0196,358405.9582,361526.3861,364625.2482,367183.8814
394674,467,"Heber, UT",msa,UT,567426.6125,573036.3063,578886.6503,584106.1584,589561.1918,594295.2552,597675.8702,601023.9155,604278.929,608037.9885,611028.9407,613312.1884,615667.4393,617832.632,620227.5003,622373.8033,625691.077,629614.0491,633680.9646,636380.9078,638266.1455,640447.6631,644049.8319,649607.2494,657311.5931,666485.3472,673183.0339,677649.0278,681330.6411,688200.0307,698737.8017,712647.4117,728558.7839,745691.0117,763118.7355,781477.6888,801205.4603,821934.8834,846411.3166,869550.9623,891296.4256,907751.9947,921530.6045,933775.4247,945548.5056,957144.2122,974179.0714,1000932.545,1039120.906,1080886.353,1111948.846,1127271.136,1123647.744,1109898.851,1090452.192,1072879.374,1057158.125,1044154.698,1033807.138,1027493.1,1025626.394,1027591.035,1031130.183,1035996.576,1041351.963,1049084.094,1057995.096,1061116.996,1061928.887,1059139.031,1062298.029,1066892.175,1076011.017,1084261.602,1089618.707,1088243.157
395010,468,"Quincy, IL",msa,IL,133252.7653,133346.8827,133221.3062,132358.1706,131877.5247,131552.9657,131867.7164,131692.6958,131777.6563,131941.1002,132696.229,133969.4441,135506.6426,136812.0334,137657.3384,138117.3779,138193.6334,138403.8688,138368.382,138579.8036,138881.5398,139490.4802,139834.5806,140130.2279,140464.4778,141260.3233,141426.4903,141291.5222,141011.1828,141700.6335,143478.6126,145308.2546,146667.8682,147006.0212,146886.9522,147168.2814,147593.7189,148494.6235,149582.5731,150951.782,151641.879,151655.8614,151511.0808,152385.82,153803.8373,155818.033,158019.8428,160275.6751,162266.9492,164071.5644,165059.8827,165729.0636,165433.3391,164928.5119,164001.4059,163952.7509,165171.442,167226.6876,169352.3463,169801.5309,169656.825,169746.1516,170907.7756,172097.8758,172126.4268,171784.7626,171010.3732,170809.9184,170864.9609,171384.1147,170667.7833,169656.8735,168367.229,168232.3755,167696.9632,166915.3038
395062,469,"Sandusky, OH",msa,OH,139316.6096,140086.3304,141033.0569,141802.6134,142294.9867,142533.7176,142506.5948,142378.1615,142525.6288,143124.7368,144239.2638,145525.9806,146697.4434,147518.534,147997.6195,148553.9952,149182.8734,149747.7249,150240.6856,150855.8318,151855.8791,152692.333,153367.43,153910.4861,154619.7857,155309.723,155785.1935,156320.5863,157250.5381,158852.9253,161102.168,163790.9678,166705.8343,169245.8977,171399.8134,173501.0197,175650.4191,177921.5055,180191.6123,182246.0112,183980.2326,184775.3276,184999.8805,185126.2161,185962.3568,186996.3854,188819.2414,191303.3037,194793.6681,198296.2512,201154.6881,202718.9164,203358.8353,202932.282,202892.8988,203153.507,203971.6401,204622.4124,204409.8126,204159.0236,203920.4471,204362.6463,205706.3056,207959.4576,210713.728,212909.5205,214248.9502,215167.7218,215746.7523,216441.6737,216822.0161,217413.956,218926.8694,220926.4379,223084.2951,224588.9165
394593,470,"Findlay, OH",msa,OH,153111.9085,153986.5284,154924.3503,155724.8251,156656.4559,157476.6102,157920.9676,158076.9822,158208.0538,158488.1123,158797.3375,159268.7719,159847.0128,160305.7795,160602.0194,160666.7739,160978.5923,161174.4956,161303.6551,161561.2387,162453.7732,163969.4334,165558.7215,167016.1464,168348.6895,169413.2285,169903.5767,170213.683,170924.728,172328.0773,174500.2576,177062.7207,179804.0275,182168.8224,183797.5042,185199.4217,186587.7078,188578.3685,191258.1987,194218.7055,196369.6924,196733.1428,195682.9811,194898.4119,194983.415,195802.3098,197766.0839,200642.4666,204160.5692,207550.506,210092.3311,212330.19,213017.3036,213208.1805,212679.5852,212493.9799,212189.8298,211861.3656,211329.9794,211259.7282,211717.7412,213091.1801,214702.7075,216324.8797,217409.3588,218730.4091,220208.6694,221684.1265,222886.5501,223758.2932,224742.6538,226039.6671,228191.351,230569.7756,232212.824,232585.5978
394614,471,"Frankfort, KY",msa,KY,143256.3599,143862.9154,144276.6989,144342.7493,144756.4942,145115.7186,145769.9289,145503.1642,144978.0378,144342.5207,144369.662,144692.2782,145097.1479,145465.0179,145813.9257,145867.314,145930.0137,146135.8242,146669.5229,147838.8203,149138.314,150531.6662,151961.7439,153513.6443,155260.0915,156509.64,157506.0771,158314.0024,159594.97,161465.4999,163980.1874,167067.6204,170548.7583,173350.9179,175237.9716,176530.2584,178059.9782,179816.2558,182031.7988,184644.9257,187400.9223,189353.4848,190257.5209,191028.089,192201.9039,194119.3839,196703.7757,199525.6719,202562.1698,205254.3642,207274.7678,208890.072,209671.1832,209851.4989,209401.2775,209419.4516,209840.9311,210888.7667,212096.3965,213080.143,213646.0211,213960.8833,215066.0801,216427.9763,217196.1538,217539.385,218255.916,219579.0301,221240.5326,222660.8879,223596.9941,224297.0394,224999.3392,226872.2195,228700.7447,230678.5613
394516,472,"Danville, IL",msa,IL,66428.53296,66105.61206,66211.69132,66081.2249,66246.91686,66243.96535,66187.84997,66026.08083,66196.78909,66461.95378,66756.92432,67093.40515,67683.38375,68160.49491,68196.13826,68145.32367,68053.34535,67981.70073,67473.18648,66963.25351,66881.8245,67456.55704,67770.45347,67906.37693,67772.29046,67851.80873,67617.5041,66959.04435,66641.42296,67127.0386,68678.88498,70386.95048,71655.6308,72397.88289,72659.93762,73027.43575,73465.35905,73630.79646,74089.66145,74669.66141,75561.47253,76095.26836,75996.32055,75989.47747,76256.94178,76898.74518,77873.94757,78597.99825,79231.28662,79616.41532,80121.11768,81000.70577,81317.51484,81234.13838,80449.31394,80088.08624,79837.27789,80348.87113,81706.70764,83031.40475,84290.57158,85178.10593,86406.95916,87225.02023,87689.66815,87442.55006,87058.29375,86570.62099,86330.49196,86053.55546,85613.7414,85731.04758,86536.48787,87831.54464,88179.28239,87936.71453
394298,473,"Aberdeen, WA",msa,WA,177606.4402,179749.1826,181508.4643,182693.616,184577.8317,186871.2175,189276.7731,190717.8995,192308.1169,194127.2573,196298.6324,198185.0029,200175.3334,202079.7575,203665.0755,204991.6304,206537.5201,208721.2471,211415.6117,214489.6687,217348.8943,219774.9825,221945.2105,223309.6044,224642.2223,226212.9706,228343.3327,230384.2192,232525.3356,235804.1785,240676.4886,246010.307,251502.136,256594.2223,261611.5514,267156.4505,272888.4697,279335.7959,286418.8845,293800.2557,300219.5562,303993.4064,305887.8188,306887.0527,308313.8589,310551.2074,314520.1613,320121.0091,325934.5704,330921.7596,334848.8005,338283.162,338994.8542,336334.8391,331580.3194,327262.3859,323880.1177,320711.5775,317949.131,316179.1292,316525.4465,318689.9747,321403.8584,323076.0483,323532.2995,323670.8916,323489.9394,323186.1843,322639.2798,321590.0734,320546.2514,320468.8174,322055.8822,324609.0216,326839.9248,327871.3424
394999,474,"Portsmouth, OH",msa,OH,86063.52693,85693.25312,85721.76802,85857.04597,86535.32928,87451.74491,88803.2094,90110.55873,91712.51259,92876.4122,93229.52972,93114.07164,93103.8023,93370.49396,93693.32939,94281.75572,95042.01048,95798.44644,95967.40602,96088.04284,96428.1137,96963.26701,96849.42786,96210.63053,95429.29822,95135.65647,95051.29087,95313.42571,95992.65662,97582.5516,99846.12941,102016.5734,103500.1122,104080.7659,104386.6797,104743.1722,105359.9842,106301.4494,107511.5953,109191.1807,110395.6457,110912.1769,110509.0803,110742.2895,111778.9991,113100.4903,114474.4465,115616.9676,116626.1021,117553.1237,118364.8995,119720.5104,120914.2371,121634.5633,121802.3559,122074.0037,122477.282,122719.2986,121628.2978,120364.2893,119412.0748,119798.6814,120962.6167,122299.7678,123435.3287,124215.9867,124836.7841,125491.1492,126519.0271,127095.269,127352.7377,127474.8351,128353.9913,129611.556,130766.9626,131771.1409
395106,475,"Somerset, PA",msa,PA,110229.6222,110658.3407,111204.5364,111603.0395,111803.8834,111983.0673,111876.1279,111402.7317,110939.737,110681.4239,110672.5435,111169.0729,112063.5659,113066.1062,113895.2858,114475.1011,115058.2256,115273.8881,115370.8776,115898.9843,116923.4124,118149.2221,118921.4604,119533.2503,120086.9883,120710.153,121110.1968,120912.0971,120735.8498,121117.582,122961.4196,125625.8738,128727.6051,131314.1853,133305.5991,134926.2445,136758.4857,138901.0089,141194.17,143821.1645,145615.4,146438.4071,146053.4922,146515.7158,147659.1537,149136.2108,151167.8136,153632.4251,156818.7836,158761.4932,159915.2877,160749.9109,161534.6647,161878.196,161462.3933,161434.6471,161767.1003,162393.4058,162686.9711,163090.1381,163127.4218,162936.7895,162849.1664,163171.4068,163786.4619,164165.8068,164416.3765,164333.5829,163919.625,163367.4852,162809.9964,162717.7623,162896.4134,163714.88,164457.254,164824.0408
753928,476,"Wisconsin Rapids, WI",msa,WI,136495.5816,137462.8172,138439.3226,139037.7389,140080.4546,140960.5213,142060.4716,142711.7331,143595.4023,144178.7246,144669.9682,145537.731,146894.923,148242.6045,148909.4626,149254.9326,149791.0401,150690.4467,151688.5263,152930.5671,154289.233,155516.3049,156391.595,156693.3487,156813.0742,157181.8994,158005.0519,158903.1842,159851.789,161136.3377,163263.5406,164909.1287,165559.4148,164873.777,163955.0301,163234.6626,163150.0286,164188.1369,166581.3619,169957.1358,173196.1858,175182.399,175955.4726,176134.9623,176745.6965,177791.3977,179386.8686,181171.5012,182930.2879,185191.2481,187478.4463,189642.9702,190404.3313,189975.7469,189252.7889,189059.4171,189732.0742,190788.8022,193075.7555,194745.6999,196393.5925,197881.7372,200310.2424,202178.9275,203168.1607,204072.6049,205186.2118,205774.4503,205998.1389,205917.0546,205913.2638,206873.1885,209040.8784,212141.2742,213871.8795,215130.7798
753893,477,"Jefferson, GA",msa,GA,216486.2277,217992.1036,219467.254,220681.7534,222115.5205,223516.7464,224738.3674,225457.8806,226283.0214,227503.8404,229714.7866,232182.2722,234710.518,236540.1814,237752.7201,238487.9209,239107.5203,239695.8748,240211.8519,241006.0407,242091.4923,243619.2253,245362.729,247490.2872,249576.9069,251352.7301,251994.5608,252280.8707,252819.9146,254776.967,258004.6506,261919.3303,266151.1661,270447.964,274931.6795,279942.3222,285103.6684,290584.26,296232.278,302286.5489,308069.2237,313011.2637,317406.4382,322197.4344,328403.4331,335261.211,343185.3816,351547.7799,359945.2798,367507.5237,373273.7575,378496.0778,381368.7348,382142.3161,380605.3349,378700.156,376807.7586,374946.1587,373412.4731,372514.3153,372521.5938,373100.3212,374029.604,375142.1719,376428.9111,377927.5498,379848.3031,381664.0272,383272.1492,384676.7477,386302.7221,388421.6498,390579.9195,392397.072,393683.8354,394065.6881
394736,478,"Kapaa, HI",msa,HI,573453.3894,577432.5999,582482.9233,586196.966,589816.9003,591964.8249,594658.9589,597982.2646,601830.5108,606262.8086,609196.0725,610969.873,611623.6293,612134.516,612821.2604,612813.8362,613567.3337,614263.0392,615572.3708,617102.5694,619595.1569,622936.7876,627388.2948,632780.0636,638157.07,643131.8737,646473.6881,648295.3991,650094.8804,654464.5204,661696.6688,670315.0114,679402.0722,688890.2224,698092.1335,708803.2361,719130.9172,728667.6545,737625.3172,746273.8159,753737.6429,756575.8493,759838.7896,765771.2991,775667.8648,785486.5138,800815.6814,820082.3844,845054.2601,867460.0508,888227.6143,903099.153,911677.727,912719.7919,910402.4377,909171.6972,911307.2921,914123.1994,916103.6216,916235.1615,917209.1866,921200.4911,926774.9358,932774.5506,938012.6777,944220.5992,952199.7185,955036.3872,957967.1203,958635.7164,961331.021,962674.8388,967722.7661,976363.6812,985889.9032,992426.6677
394955,479,"Palatka, FL",msa,FL,107517.6506,108671.3029,110436.2809,111959.017,113199.0855,114187.8679,115298.1377,116149.6338,117389.8217,118493.5695,119975.1103,121429.3528,123273.0162,124900.7641,126562.4195,128063.8883,129470.3632,130505.6009,131283.0004,132219.5772,133421.8387,135019.8478,136343.3647,137881.3337,139397.0266,141144.4786,142334.2841,143094.8932,144158.2471,146348.0638,149296.3688,152024.5334,154181.5076,155860.5989,157919.5873,160583.7661,164015.5558,167398.6657,171002.9207,175108.1349,179398.9312,183125.69,185059.5587,186020.8551,186578.8964,187654.592,190236.389,193502.5085,196940.4922,200561.1876,204642.2642,209635.6896,213070.2173,214179.29,212789.6513,211012.1809,209206.1525,207200.5105,205601.4665,205084.871,205963.5015,206404.722,206625.3341,206887.1911,207658.8986,208205.455,208347.3097,208260.739,208487.8343,208927.0359,209763.7503,210821.1234,212573.9274,214775.6334,216553.059,217405.047
394626,480,"Gallup, NM",msa,NM,147024.0373,148024.2538,148542.7713,148469.4599,148683.3352,149372.5173,150990.5903,153112.6945,155487.161,157175.6997,157433.7901,157224.0812,157019.4795,157394.4257,158151.1487,159317.6512,160760.2467,162218.2878,163184.7007,163602.5314,164298.9795,165563.2075,166711.9169,167053.7477,167450.2353,168706.6442,170005.9621,170697.8618,171632.1902,173423.073,176357.3393,179375.4536,181349.0018,182372.3071,182317.9062,182935.6496,183925.5893,185203.5231,186769.8377,188610.8193,190565.775,192177.8749,192554.92,192805.2964,193146.9257,194257.8754,194512.3658,194667.2027,194263.5545,194953.2739,195628.3026,196959.8188,197852.7051,197795.1811,197022.958,195935.1692,194899.6217,193923.9417,193957.3464,192893.3822,192494.8063,192981.8059,195466.4222,197217.177,197463.7886,197386.8318,197460.7429,197421.8406,197141.2218,196660.0431,196848.2774,197854.6416,199363.439,201154.6451,202354.7863,203341.4043
394683,481,"Hobbs, NM",msa,NM,195527.641,195400.2785,194890.7708,193009.361,191832.9904,190489.1416,190690.8595,192439.6657,195805.6029,198777.5864,199223.0623,197799.2211,196285.2592,198309.4799,202366.4574,206777.9127,209394.3168,210194.4284,210114.8804,210227.5451,211754.8096,214357.8776,215208.3735,215499.5035,214116.7845,214019.3863,213664.9696,214080.2037,215046.2016,216160.3314,218919.4432,220976.0405,223481.2203,224483.9861,225205.3386,225315.3668,223761.5329,221149.0731,217910.6037,215931.5705,214081.8313,211199.5474,207445.9841,204437.4237,203560.5127,203073.1902,202196.8656,200553.7558,199023.4399,197782.8934,196260.074,194268.4499,192941.7994,191361.2117,189805.3287,187450.3898,185148.3108,183781.261,184164.4694,184109.8756,184184.995,182381.7281,181109.3961,179067.9674,176849.3425,174937.9603,172566.9416,170453.2058,168892.116,167843.5497,167582.6364,168015.3942,169018.0729,169802.5531,169566.0137,168441.097
395088,482,"Shawnee, OK",msa,OK,101838.2721,102334.033,102695.2414,102721.5605,102610.5222,102570.1145,102790.478,103064.2264,103381.1391,103581.3677,103118.2711,102577.5564,102627.7494,103881.0062,105318.2367,106746.1048,108164.251,109679.1075,110676.9469,111666.6867,113005.6329,114929.4379,116883.6729,118895.3266,120718.2166,122470.807,123090.3642,122900.5588,122491.8762,123083.2217,124535.9858,126051.1488,127567.8224,128850.9798,130307.7141,131973.2398,134240.0452,136356.7949,138677.0192,141374.0427,143784.4815,145890.6081,146777.6038,148134.9088,149376.883,150749.8217,152830.5148,155297.753,158259.8372,160084.5292,161343.6182,162701.7424,164113.692,165190.4495,165626.3631,165698.478,165638.3308,165344.5641,164906.1512,164858.0395,165421.1602,166738.3745,168345.2754,169701.218,170664.9024,171219.1656,171750.4702,172514.2921,173394.2839,174066.4572,174542.9469,175312.0613,176604.1518,178194.1208,179285.4484,180008.7894
394884,484,"Mount Airy, NC",msa,NC,125977.0877,126678.5195,127763.0175,128624.0338,129553.8734,130441.2156,131404.697,131837.2876,132271.7456,132696.8192,133311.8144,134066.5118,135138.7558,135926.4229,136545.924,136908.6972,137171.3331,136915.5709,136261.7668,136026.2911,136439.0489,137444.3339,138509.323,139611.3216,140650.5746,141639.9691,142366.8709,142962.6884,143934.5851,145444.3247,148184.5517,151632.3211,155465.6143,158734.1561,161548.8531,164252.3256,166587.067,168440.9843,170817.9414,174347.1096,178071.6046,180582.5939,181707.0245,182345.8685,183342.3595,184167.9014,186801.7468,190690.3457,195568.923,200541.9343,204809.9516,209028.9959,210937.0417,211394.0261,210556.7122,210153.1773,208999.2804,207438.0485,204309.7908,201955.8326,201338.4388,203419.5265,206232.594,209022.8182,211629.4907,214318.8207,216920.1631,219095.5401,221214.5253,221654.6691,220001.0376,217489.0132,217004.8727,219094.1465,223170.686,226622.067
395132,485,"Stevens Point, WI",msa,WI,192992.4734,194052.95,195114.8084,195743.7939,196511.3719,196972.0567,197321.5409,197192.8547,197693.9734,198592.739,200412.9606,202575.6594,204958.2661,206491.8776,207575.5403,208458.5875,209347.1633,209927.1546,210453.1319,211198.5015,212416.6796,213844.7776,215078.202,216072.7578,217020.1954,218110.1961,219068.5838,219925.0264,221174.044,223093.2114,226026.9219,228680.0101,230699.5547,231301.4432,231621.5765,232057.3652,232874.8259,234649.009,238180.419,242649.9354,247170.6027,249062.6387,249310.9709,248513.3333,248598.4746,249303.7114,250784.0042,252687.3467,254677.117,257068.41,259127.4209,260488.4328,260373.8445,259822.1825,259745.6536,260417.4077,261493.133,262973.1438,266303.9696,269014.7588,272313.8958,274808.6981,277241.3301,277612.5627,276542.042,276670.6113,278454.6226,279866.1288,280460.5147,279803.7248,279319.931,279611.2427,281520.8036,284208.9555,285871.1636,287091.5338
394647,486,"Greeneville, TN",msa,TN,126194.5368,126906.6354,127527.4778,127777.5979,128142.2945,128667.7878,129115.3229,129190.6291,129171.1439,129435.3493,131083.9619,133726.1541,136821.1054,138651.4177,139426.0303,139682.497,140086.518,140701.6273,141146.9916,141683.7835,142326.7573,143078.9538,143907.1881,144730.3477,145827.9754,146851.7835,147585.2936,147950.313,148437.3231,149472.3357,151276.4545,153317.9726,155522.6469,157699.2642,160435.5679,163731.6715,166943.2951,169614.969,172228.3688,175844.4292,179905.7529,183457.2129,185670.8228,187641.1052,189928.9626,192629.3858,196362.3321,200601.6097,203680.7522,205513.9799,206022.3884,207328.2698,207897.4483,207527.075,206296.0976,204902.6547,203972.3885,203146.7905,202906.1031,203633.6231,205664.6115,208408.8989,210766.5742,212922.3317,214995.6061,217737.7304,220240.3492,222000.8355,223234.4576,223612.7875,223415.3484,223819.5859,226274.912,230835.8163,235680.6327,238968.6317
394655,488,"Greenwood, SC",msa,SC,98171.57391,98928.23025,99367.33196,99603.38325,100052.9992,100728.855,101210.5354,101181.3442,101060.4979,100959.4974,101482.5736,102416.8009,103864.4279,105070.6213,106075.7533,106973.2241,107771.3118,108592.8361,109210.0814,109936.8123,110787.7828,111524.4027,111964.782,112302.9406,112864.5023,114000.2486,115037.6327,115811.3315,116173.4653,116985.0324,118808.8568,121153.7166,123210.2901,124549.729,125642.2903,127052.7953,128783.1315,130386.0278,131973.5715,133909.6689,135842.5049,137260.961,137945.7574,138901.9056,140167.0529,141534.1091,143026.5011,144707.5582,146585.674,148644.9601,150674.2846,152674.8423,154200.8163,155351.2699,155557.6648,155655.4817,155442.0171,155510.8213,155222.9485,155186.6068,156148.2003,157896.2612,159976.7152,160949.5959,161320.6847,161183.552,161158.4673,160517.7818,160048.6109,159757.7411,159664.9994,160068.2641,161149.9904,162970.6637,164397.2531,165203.2313
394764,489,"Lake City, FL",msa,FL,143410.006,144589.3158,145728.2191,146240.5448,146988.4686,147739.0606,148724.3821,149400.7239,150411.3719,151382.0514,151762.7208,151509.6792,150817.1854,150419.5075,150582.3845,151480.3419,152938.0546,154759.8503,156333.19,157775.449,159106.9424,160535.8508,162086.5792,163725.2541,165250.8349,166550.6487,167356.7295,168110.4084,169388.4171,171542.8991,174696.7325,177971.9851,181244.314,183921.0928,186442.2813,188967.772,191670.7807,194586.803,197784.8356,201911.8506,205517.8077,208099.7047,209805.1816,211989.7909,215143.0158,218263.3472,222904.8615,228237.4673,234327.7306,239635.901,244226.4006,248584.0312,251968.0822,253797.2986,254182.4081,253952.3242,253631.2191,252725.1538,250714.5809,248931.8926,248188.8176,249376.6475,250859.7132,252633.6218,253730.1212,254820.3098,255269.877,255383.8051,255645.5817,255977.0149,257254.4203,258936.3382,261295.9872,263466.9808,265529.4,267207.398
394752,490,"Klamath Falls, OR",msa,OR,165590.9188,167019.5397,168055.6814,168656.4089,169788.3336,171193.7348,172788.1371,173836.5508,174741.3776,175409.3796,176284.7284,177311.5046,178344.5767,179442.7246,180021.6991,180689.6285,181002.6983,181791.768,182590.3106,183966.3428,185432.1961,186921.0183,188058.7188,189247.6029,190537.5312,191819.3027,192863.8203,193804.8433,195186.6661,197168.6538,200110.183,203574.1226,207670.2688,211845.3376,216198.9,220142.7838,224248.5643,228587.6321,233519.0336,239006.5325,243844.5367,247458.2622,249564.2669,251624.6278,254105.3261,256477.1011,259748.1266,263964.2842,269036.0401,273559.2172,277269.5734,280130.7421,281316.3834,280746.4727,279213.9561,277978.9742,277378.8685,276718.3859,275922.0803,275425.9467,276122.2046,277335.8734,278638.1482,280077.1586,281614.5859,283645.2726,285200.0308,286391.9774,286899.2227,287178.3703,287061.4193,286847.6385,287093.9583,288172.4981,289591.8584,290881.518
394877,491,"Morehead City, NC",msa,NC,260901.4917,262062.0012,263509.1027,264569.9662,265186.0743,265838.531,266709.4082,267732.8777,268651.9932,269313.5053,269806.2263,270344.66,271154.28,272022.1677,272955.4972,274057.3997,275317.1031,276549.7414,277208.2379,278024.8074,279314.9442,281126.0629,282177.5142,283064.4762,283864.1999,285205.5551,285755.2974,286136.5418,286971.2849,289642.0772,293660.2084,298804.0597,303990.0644,309647.4517,314729.0734,320393.4943,325815.6103,331972.443,338484.9408,345323.5868,351790.4703,356903.2038,360860.9143,364505.6528,368818.1113,373793.3201,380509.8635,388003.0525,396978.6481,405413.0495,413674.4755,420088.7637,423930.0962,425038.1739,424667.2945,425369.8352,426369.2625,427288.105,426748.7097,426829.7577,428064.3163,431165.3658,434684.3962,438596.7798,441526.9824,443957.4791,445383.5762,446332.0325,447410.5196,448609.2403,449426.1081,449701.4311,450512.3393,452508.9451,454359.4343,454838.3158
394472,492,"Clearlake, CA",msa,CA,247139.7331,248979.8487,251086.7634,252535.5056,254168.022,255272.9086,256495.9499,256746.1228,256544.0844,256606.7986,258330.8682,261455.7277,265005.8612,266913.3219,267916.1233,268078.9374,268492.6345,268511.5133,268325.3234,267844.9736,267783.9892,267761.2278,268519.6262,269511.3483,271496.3057,273143.2399,273998.3513,273951.157,274424.4249,275899.1816,278555.1725,281869.2725,286332.0602,291093.3245,295503.1703,299607.0829,304036.5304,308947.8993,314553.8638,319863.1366,325300.3621,328978.5843,331926.3255,333068.2323,334291.3381,335589.0799,338950.7413,343283.0183,348530.7191,352895.4769,356714.0396,358780.3859,358888.756,356403.9248,352580.3205,348494.2222,344396.1172,340477.0332,336914.6515,334264.1822,332303.5409,331259.0466,330872.3982,331036.714,331000.3994,330559.884,329349.5682,327217.4264,324835.8801,322634.1883,321170.3248,320239.0564,320295.6372,321126.5177,322593.936,323709.8495
394305,493,"Alamogordo, NM",msa,NM,130479.8823,132210.1174,133055.013,133133.0121,132711.9172,132439.5695,132348.3994,131823.4224,131397.6173,131067.2566,131597.5939,132944.8143,134584.0756,136080.4128,136987.8938,137670.5227,138103.8456,138324.2187,138171.3586,137904.7397,137966.1616,138780.8069,140134.6726,141626.0063,143102.3768,144735.2285,146023.1818,146787.0949,147203.8773,147724.6318,149046.243,150240.3933,151616.6849,153010.6876,154659.4131,156626.4576,158791.0108,161448.8601,164160.5052,166518.1239,168629.9539,170821.4556,172846.4887,174301.4545,175765.2683,177258.9795,179761.7011,183003.8425,187273.7574,191448.3917,194993.4327,197791.138,200229.9314,201813.1992,202511.6743,202629.7053,202540.4182,203094.1778,203391.9468,203978.1277,204288.0606,205502.1066,207069.3819,209028.6889,210470.7554,211696.453,212737.5968,214132.8899,214938.8474,215208.099,214589.9444,214109.5286,214444.0732,215426.9483,216994.4921,218229.4806
395027,494,"Roanoke Rapids, NC",msa,NC,67069.60506,67537.10842,67982.61891,67879.11454,67973.57472,67963.88817,68234.49379,68112.30514,68364.93992,68686.76739,69116.85153,69398.40046,69725.51616,70047.62483,70239.92213,70231.49514,70180.84963,70286.15357,70319.6933,70429.3837,70761.82822,71220.84315,71220.97978,71031.01527,71240.41342,72232.52605,72971.64633,73098.67258,73145.95417,74057.87484,76289.53388,79106.07115,81848.54375,83910.58465,85439.35103,86834.36525,88255.18056,89663.14189,90891.23002,92043.4201,92096.97763,91579.17742,90376.74982,89931.82263,89915.3852,90155.9728,91482.14994,93349.72993,95776.77074,97734.70152,99335.1411,100734.916,101798.5178,102539.8227,103016.1675,103114.5933,102910.6749,101979.9585,100659.2724,99688.51521,100353.4719,101605.8717,102523.6505,102329.2882,101890.9627,101423.503,100973.7958,100221.6695,100025.8653,99438.69567,98781.51478,97985.68996,98293.73473,99574.1813,101211.696,102637.2315
394587,495,"Farmington, MO",msa,MO,114677.7367,115720.8709,116827.8667,117544.2166,117974.5806,118089.7614,118474.5121,118987.3015,119672.5668,120309.7434,120622.4518,120983.7786,121297.5442,121915.369,122416.2061,123025.1926,123446.8501,123961.3383,124079.604,124445.6587,124972.9248,125730.3601,126402.3903,126980.5946,127843.4082,128843.5039,129923.4827,130397.7562,130985.8078,131755.1629,133491.3238,135582.6673,137916.2032,140153.8421,142383.8535,145163.1578,147941.6101,150730.2068,152690.8731,154330.2015,155358.7034,155932.4934,156183.7404,156539.4621,157498.4963,158905.7803,161297.3946,164389.2843,168002.11,170880.2614,172962.4193,174609.3721,175588.2509,175607.445,175000.2685,174520.6297,174291.5905,173740.4635,173100.1268,172990.2381,173520.093,174934.0523,176486.7354,177828.3794,178663.0319,179178.3161,179739.4679,180058.3923,179989.4556,179813.3458,179969.8262,181062.8103,182575.4176,184115.8576,185006.6655,185558.3966
394897,496,"Muskogee, OK",msa,OK,87413.76911,87998.95451,88427.00203,88253.304,87868.82993,87710.55143,88130.83466,88428.46524,88963.6862,89367.2897,89936.88192,90405.31634,91101.12248,91781.64038,92445.94929,93052.10435,93347.52811,93559.28571,93559.41032,93824.47685,94392.89185,95334.72656,96521.43558,97531.90317,98546.41858,99589.9411,100421.2651,101042.5911,101507.1728,102300.5392,103517.8446,104798.2249,106225.461,107617.1749,109206.3317,111045.7827,113132.4239,115043.1949,116884.2156,118569.9786,119696.2517,120529.4362,121062.3888,122589.5044,124352.6634,125891.411,127567.6175,129295.8277,131535.7225,133332.5033,134844.326,136525.9653,137672.6038,138157.2869,138015.6091,137909.302,138301.7195,138324.257,138258.5013,138089.2549,138026.4213,138483.5326,139130.9545,139937.758,140363.3834,140718.1503,141375.2527,142223.5511,143109.4185,143799.7387,143982.6472,144057.5644,144315.9358,145078.6217,145933.3386,146920.6569
394826,497,"Marion, IN",msa,IN,86259.64165,86752.1517,87290.87399,87832.45513,88371.71675,88820.79726,89285.44448,89618.74283,90187.33974,90637.17409,91096.77112,91614.37922,92418.23621,93161.79392,93618.1902,94006.80827,94394.98964,94716.7766,94753.42716,94772.69288,94904.77199,95088.6924,95545.48039,96085.18529,96742.85368,97320.07047,97671.89626,97696.65984,97736.35893,97968.67449,98812.58152,99860.97075,101636.3498,103402.9207,105263.567,106771.2514,108485.9102,109924.6984,111442.5816,112983.9782,114525.0023,115700.0258,116450.2618,117314.4921,118279.4244,119198.7209,120474.9923,122128.9428,123778.2309,125045.2421,126020.2272,127394.9822,128666.5249,129106.7357,128967.4559,128673.0575,128427.4437,127828.9634,126896.2144,126357.9123,126543.8033,127654.1548,128837.6112,129944.8432,130479.05,130675.4593,130646.9874,130628.3706,131113.4052,131497.3684,132236.5671,133187.0746,134878.6926,136401.256,137831.2783,138723.3667
394586,498,"Faribault, MN",msa,MN,231427.9697,232487.0344,233672.1501,234468.0914,235723.4812,236709.0387,237447.3863,237953.1108,238384.8796,239090.87,240236.7055,242205.4278,244690.9897,246622.6705,247700.5224,248113.0481,248169.8251,248309.5843,248535.3443,249155.6608,250086.8759,251187.2204,252972.6037,255355.1501,258030.7065,260143.7119,261400.9787,261973.5171,262219.4689,262758.001,264425.7308,266897.9691,270109.9348,273414.2149,276742.4873,280197.6989,283606.5455,287057.9207,290202.9549,293855.8751,297786.5203,300881.4013,302273.6315,302657.2562,303622.8119,305312.7981,308710.2243,313194.0839,318457.5575,322962.5568,326450.5673,328822.1587,329600.9929,328650.4299,326822.2993,325135.5736,324088.6943,323269.1466,323021.7303,323652.7199,324768.7348,326188.2331,327653.8113,329289.228,330691.7048,331753.638,333171.899,334002.8582,334596.2364,334191.2474,334105.5534,334580.7552,336447.8439,338351.0706,339546.5312,339666.2293
395021,499,"Richmond, IN",msa,IN,99091.14969,99976.77859,100495.3345,100463.982,100446.8969,100548.2939,100884.6338,100961.3627,101307.6194,101577.8409,102240.6468,103092.2512,104057.1268,104628.7089,104617.6016,104432.0787,104485.1074,104833.9013,105169.2586,105310.0648,105562.5775,106052.0141,106776.6631,107531.376,108135.4074,108854.1902,109272.0647,109572.5243,109821.3334,110484.9898,111683.4011,113132.8686,114979.112,116583.8916,117824.733,118666.7209,119700.3451,120968.3445,122735.6195,124805.811,126668.4287,127726.8227,128146.9315,128884.7766,130214.0808,131883.9544,133925.0656,135951.3547,137937.0903,139306.7968,140122.8299,140866.8293,141434.2348,141778.1103,142037.679,142660.6716,143566.898,144125.2086,144405.4952,144777.0092,145081.0984,145376.5586,145897.1766,146971.1003,147993.9164,148439.4037,148942.7356,149431.3849,149695.3975,149374.5292,149171.3252,150116.3356,152089.595,154207.2091,155789.3843,156414.5242
394829,500,"Marquette, MI",msa,MI,145769.173,146597.4906,147607.7695,148607.2886,149269.3596,149541.2951,149772.7034,149591.7757,149932.2174,150277.7203,150850.0962,151371.5744,152129.1321,153147.9363,153659.3536,154575.3725,155492.6844,156546.7235,156921.4117,157353.1764,157734.838,157863.5471,158258.6975,159248.7831,160681.9879,161744.7757,162351.0823,162460.255,162656.4948,163024.9283,164343.1321,166188.8049,168706.1102,171156.867,173634.2366,176215.8275,179155.8847,182284.621,185265.2043,187786.6178,189764.7817,190790.8963,191330.1656,191975.3638,193378.4039,194981.5626,197288.9058,200331.261,204751.7258,209292.3972,213144.6212,215843.0413,217255.8336,217553.9059,217372.5094,217687.1713,218204.7545,218304.33,217462.1797,216887.0358,217341.8794,218806.1953,221151.7586,223675.2484,225742.9067,226933.2826,227169.2297,226981.4869,226688.8138,226389.4574,226348.8747,226754.943,228009.5453,229550.3877,230867.5798,231571.2572
394922,501,"North Wilkesboro, NC",msa,NC,133249.8846,133108.8448,132790.1643,131670.013,131478.6961,131765.171,132380.5298,132480.7277,133241.5921,134006.4222,135633.5569,137710.3858,140919.1481,143788.4229,146098.2268,147590.1091,148309.2323,148703.5852,148737.8716,149243.8549,149925.2317,150985.8791,152073.0626,153317.1102,154390.3263,155274.288,155503.3129,155708.2924,156161.2131,157809.8456,160363.9982,163324.5914,166189.8453,168811.212,171333.9587,174046.5405,176910.2835,180405.0987,184316.0101,188448.6308,190706.9195,190541.7313,188475.2748,186823.3267,186385.7451,186777.1789,189713.7765,194270.5052,199664.3538,204165.158,207760.0673,211431.2742,214173.4046,216324.8192,217359.8264,218292.2052,218484.4694,218551.816,217504.4412,216721.7539,216856.2951,218581.7985,221256.2674,223478.4054,224918.754,226090.1679,226835.6474,226996.1587,226252.2838,224701.9998,222325.0663,220739.1329,221230.8271,224262.8854,228246.0119,231630.0538
394885,502,"Mount Pleasant, MI",msa,MI,136368.2473,137233.0975,138158.4311,137829.1954,137878.158,137596.1824,137867.8064,137339.4127,137679.0075,138609.7527,140399.5817,142402.7309,144497.7961,146386.9024,147999.6627,149205.4796,149775.0921,149684.0379,149426.8578,150150.9398,151625.265,153383.0132,154493.768,155475.909,156595.3131,158362.7033,159897.685,160605.8962,160554.6343,160839.8054,162351.2922,164020.2392,165781.04,167010.8591,168966.2861,171450.0249,174300.8927,177024.9355,179884.1881,183201.4888,185857.1673,186864.4389,186579.8291,186368.1547,187257.7775,188309.2105,190357.8291,193087.3349,196793.3562,200425.4305,202754.7593,204068.253,203392.5747,201765.8027,199843.5501,198966.4966,198490.3316,198417.8018,199475.6926,200399.7715,201909.2005,203449.5235,205483.5701,206459.2155,205569.5754,204841.0886,204007.2089,203118.4932,202601.4093,202132.8272,202256.0235,202951.9397,205090.8575,207799.0091,209130.3815,209979.3525
395024,503,"Rio Grande City, TX",msa,TX,103701.5654,103112.9699,101572.5277,99013.97764,97685.7087,97098.95247,97110.07904,96648.52284,96128.94121,96018.73309,96343.68972,97291.29394,97947.03985,98372.30651,98425.34413,98524.96034,97836.12849,97133.17827,96620.23391,97863.87544,99717.35305,101499.6906,101602.5576,101550.9466,102383.5411,104411.0806,106816.6559,108614.3655,111154.5091,113740.8227,117230.739,119865.9018,121606.8926,122105.5565,122089.2048,123460.622,125783.3005,128814.9951,130919.6252,132974.967,133802.4633,133510.8944,132131.4046,132139.4896,133371.804,134217.6389,134665.372,133723.3881,132447.1693,130273.5853,129537.0016,129816.9549,130733.0057,130435.7242,129074.4995,127508.8365,125723.4133,122595.0185,119043.7377,115791.8851,115804.289,116265.5706,115358.1227,113277.5978,112080.3351,112750.3965,113529.8432,114084.3138,114800.5111,114979.2865,113921.2228,112648.1743,112321.2547,112856.3934,113386.8614,112982.1713
394827,504,"Marion, OH",msa,OH,97648.35836,98249.25287,98694.86215,98966.47755,99459.21719,100179.7534,101424.8655,103330.5094,,110003.358,112136.5978,112734.3008,112212.1167,111940.6408,111684.4761,111693.16,112030.3522,112278.1225,112381.769,112382.2469,112561.2471,112701.2455,112861.6488,113104.6869,113893.9415,114880.5899,116156.2103,117270.8931,118753.7963,120519.8008,122803.9769,124970.6531,126953.0753,128564.7934,130474.4286,132844.9032,135604.8315,138157.8622,140396.3659,142683.3689,143974.762,144123.5889,143189.1884,142572.2755,142356.3702,142366.3018,143963.7334,146617.1689,150001.7387,152898.9606,155507.8098,157920.8906,159119.924,159183.6865,158392.551,157400.9189,156348.9762,155090.5462,153761.2775,153294.0386,154059.2764,156107.7211,158889.8006,161937.1246,164346.7063,165474.1161,165625.0166,165374.4135,165298.4094,165097.8776,164927.4303,165427.8983,167047.5729,169313.6978,171481.9554,172761.3568
394360,505,"Baraboo, WI",msa,WI,207563.2322,208648.9948,209176.1133,209260.059,209876.2481,210461.4764,210987.1058,211072.5257,211597.9164,212649.7363,214325.1089,216631.5051,219012.1708,220615.9166,221124.6898,221313.4259,221813.4571,222688.812,223283.4908,224023.0098,225089.2442,226466.546,228279.7155,229564.1797,230934.6814,231614.2004,232325.2437,232799.7789,233462.1944,234952.4679,237834.567,241521.3468,245232.2029,248325.6759,250761.0636,253109.6524,255513.382,258142.0282,261367.4574,264851.7132,268715.1044,271177.4648,272446.8941,272892.9439,274114.8543,276101.8952,278616.1611,281072.5456,283944.1155,287927.3431,292074.9429,295572.5084,297010.7741,297079.3197,296268.1989,295542.2221,295052.2268,295065.6493,296842.4148,298781.0005,301804.7724,304636.5961,308161.9471,310112.9267,310555.8316,310894.3846,311071.0968,310646.26,309713.7578,308590.6097,308106.7526,308922.3133,311798.3403,315717.8145,317868.3584,319134.2192
395016,506,"Red Bluff, CA",msa,CA,216392.285,217492.2348,219077.5794,220422.7583,221701.3798,222113.6684,222407.4475,222857.8636,223709.2718,224989.4874,226544.11,228693.8242,231242.807,234270.0355,237229.2283,240094.5472,242313.9712,244316.9022,245708.9871,247332.2769,249208.7831,251216.1668,252872.6992,254029.7914,255159.7875,256181.6876,257115.6045,258090.8371,259835.649,262202.5026,266089.9557,270892.7846,276632.722,281671.2332,285623.9887,289056.8226,292054.1193,295578.6063,300109.5486,305081.1447,309722.6281,313159.5257,315710.7704,317633.8304,319582.9567,321538.0627,324576.2804,327792.7672,332297.3928,336175.3803,339540.3954,342324.252,343519.3695,342715.2646,339136.9978,335511.4645,331640.9424,327750.4426,323208.8006,318710.2687,316192.3078,315956.3049,317444.1578,318716.2044,319520.7784,320393.9653,321397.3509,321737.0444,321554.3978,320420.7571,319637.9558,319593.5105,320335.5986,321538.463,322663.2065,323535.2857
394825,507,"Marinette, WI",msa,WI,109411.367,109721.1651,109946.9685,110002.685,110852.392,111662.3454,112406.7594,112493.7345,112623.2041,112571.108,112620.0573,112971.3893,113637.4287,114125.1466,114460.3887,114813.1488,115165.4723,115630.079,116150.9063,117544.3774,119030.0413,120831.4612,121417.6554,121505.8845,121296.7447,121940.7268,122602.1141,122848.3421,123214.1357,124526.4593,127307.8979,129940.5093,132296.2684,133927.7018,135896.1728,138324.8105,140877.6564,143275.8691,146056.6528,149307.9105,152145.7082,153683.6258,153854.1993,153947.9451,154698.3551,155572.9963,157254.2555,159096.1934,161495.2395,164182.0849,166327.8479,168563.4551,169123.1395,168801.573,167626.4927,166655.2261,165798.1751,165011.64,165255.5394,166628.3397,169103.2822,171870.4238,174702.6234,176618.8131,177756.8973,178602.6912,179545.3234,180084.4302,179842.9725,179079.8961,177830.9363,177582.1953,178472.2236,180815.5511,182476.3885,183881.4574
395040,509,"Roswell, NM",msa,NM,108752.0716,109583.9869,110188.3773,110411.5421,110673.6085,110803.4445,111007.9881,111124.3725,111680.1141,112073.7672,112452.8841,112989.9619,114389.9397,116382.7199,118684.3861,120718.84,122280.3058,123284.0924,124021.2331,125065.0382,126228.7539,127431.5915,127995.9617,127741.2007,127291.8943,127805.6342,129380.0887,130993.2172,132381.5889,133483.554,135224.1654,136770.9259,138293.2968,139353.9138,140567.3235,142109.5603,143273.0362,144433.8387,145695.0528,147894.7402,149857.3154,151333.724,151925.8662,152772.8379,153651.9114,154216.3521,154927.0725,155435.86,156460.9843,157048.1607,157378.4287,157639.2291,157842.9553,157497.6339,156272.0659,154793.1923,153895.7579,154321.7309,154359.8483,154064.9321,152839.7188,152606.5268,151993.7442,150435.2162,147788.6549,145557.6319,143969.185,142593.1967,141604.7578,140897.3133,140192.8327,140059.5459,141329.5976,143861.391,146087.1455,147258.0176
395092,510,"Shelton, WA",msa,WA,256571.5842,259512.4868,263181.6865,266389.3713,269898.3418,272832.7827,275479.2812,277524.9303,279497.0008,281731.192,283500.425,285064.3838,286585.9127,287872.1457,289194.7496,290777.1861,292861.9421,295102.3035,296757.9826,298349.2841,300074.5381,301884.6088,304359.9776,306878.5065,310673.6798,315365.7369,319947.804,323910.0003,327469.6612,332313.1716,338328.886,344965.0686,352317.0351,360245.7641,368034.0804,376489.2221,385029.8944,394809.7383,404455.2504,414066.3025,421906.8177,426942.5266,429795.7255,431349.9749,433254.6785,435345.9442,439959.3276,447223.236,456270.6089,464716.1142,471463.9716,476443.3572,477796.7019,475006.8461,468994.2102,463568.099,458669.5033,454230.4579,449395.2632,446044.3432,444742.415,445274.9109,446549.8863,448295.4055,449654.6846,450999.5444,452146.0783,453081.3098,453789.157,454675.3117,455886.3236,457315.2254,459135.1185,461271.9103,463260.5141,464267.2142
394540,511,"Dublin, GA",msa,GA,103102.3492,103385.5658,103730.0414,103757.1173,104090.1848,104581.4454,105487.5752,105770.843,106050.8913,106067.6128,106533.0205,107177.6625,108401.5291,109552.077,110364.6358,111141.9136,112020.2869,113158.3525,113687.1601,114262.799,114427.1139,114870.743,114936.8007,115644.243,116575.3468,117817.2085,118517.5569,118752.1862,118930.5806,119923.6432,122008.0341,124323.8061,126150.6699,127175.5046,128196.9772,129516.6081,131017.4684,132378.5954,133809.5056,135648.3848,137112.0737,137787.0957,137792.9949,138542.6263,140016.5761,141499.7397,143461.6915,145463.6234,146960.2053,147667.5358,147928.0652,149436.5643,151077.424,152449.5376,152355.7278,152014.0537,151689.5927,151583.8124,151069.262,150770.391,151107.2146,152211.9713,153635.8395,154774.8827,155223.0381,154775.5125,154023.4242,153260.3652,153245.9163,153565.5492,153876.8204,154316.5048,155688.5014,157602.7104,159224.4996,159789.4394
394899,512,"Nacogdoches, TX",msa,TX,144088.3233,144848.9631,145454.5628,145310.4217,144929.2883,144253.9508,143908.8806,143950.3388,144644.6777,145397.9855,145799.4122,146163.1158,146751.6575,147643.8567,148646.2766,149750.3862,150847.9198,152003.9291,153360.2551,155157.3171,157087.7912,158851.9327,159634.0666,159900.7093,160131.4695,160802.7332,161343.3864,161543.3878,162139.9905,163486.7869,165734.3531,167221.5787,168172.5483,168630.2013,169336.521,170359.3844,171520.2873,172809.3057,174612.4141,177151.2491,180693.1841,183906.8023,186460.9154,188718.656,191781.4849,194633.0611,196904.2427,197624.0702,198125.244,199261.6286,201344.7868,204061.4589,205695.7551,206417.7614,205943.5366,205762.1627,205136.9897,204933.25,204347.908,204303.8857,204744.4382,205912.4434,207454.0673,208906.4624,209990.1739,210857.4552,211047.3673,210808.205,210313.4339,209514.2913,208847.9658,208688.1064,208745.1371,209128.3533,208348.3155,207711.0872
395105,513,"Somerset, KY",msa,KY,100916.2408,101980.2899,103238.5705,104376.2434,105969.5524,107524.1254,109068.9641,109762.0327,110833.2095,112356.9102,113783.9396,114486.3734,115131.8057,116192.4358,117394.6875,118253.365,119054.8515,120470.4858,122319.1504,124079.7321,125526.8911,126915.3007,129305.9022,131430.1676,133283.2019,134299.4703,136354.9111,138223.9327,140003.6765,141607.0491,144722.1352,147517.1467,148745.8599,148822.8211,150022.3619,152487.4379,154306.8063,154816.324,154482.5959,155058.1313,155580.143,156872.0703,158775.1058,161496.8371,164446.18,166497.3576,168422.5074,169890.6943,170326.8779,170724.5554,171175.2364,172186.7754,173166.4204,172817.8434,171956.3012,170842.2422,169996.2836,169094.9162,167418.6067,166426.9818,167218.4371,169954.8815,174072.8088,177161.7927,177824.509,175496.8227,172639.9567,170773.7951,170130.8105,169315.728,168251.1782,168123.0622,169191.344,171412.245,172733.9295,172850.4608
394496,514,"Coos Bay, OR",msa,OR,215897.7433,217345.6517,218455.8831,219258.1014,220469.2663,221907.5919,223273.9012,224424.6116,225787.9264,227473.8812,229256.6136,230744.3563,232005.5946,233359.7658,234706.3087,236224.1445,237573.9141,239269.8826,240631.8304,242252.0235,243711.2661,245255.084,246483.0293,247416.0366,248342.6659,249353.8837,250297.4144,251157.786,252543.2003,254805.9465,258403.3831,262627.5707,267773.7781,272943.4307,277992.5634,283252.9367,289013.3735,295526.693,301891.1859,308215.1375,313463.3043,317068.3413,318844.8956,320339.2331,322773.5353,325684.5042,329864.9383,334884.7243,341316.0864,347338.6815,352784.5176,357224.3386,359137.9866,358717.1867,356339.8876,354727.1165,353324.6479,351957.0593,350363.9816,349368.901,349569.6096,351307.2353,353786.5745,356659.5654,358890.4868,360522.1499,360800.4797,360348.3628,359446.9479,358550.2026,357231.2302,356252.3252,355819.4406,356359.7405,356782.6384,357356.5316
394600,515,"Forest City, NC",msa,NC,121441.5995,122250.8165,122989.4648,123717.629,124477.2712,125171.8693,125919.1744,126301.26,126994.1733,127757.3852,129437.6602,131505.3059,133839.1288,135545.6663,136707.1543,137643.8898,138212.9378,138647.3952,138755.3793,139099.6896,139840.4233,140877.5623,141699.9436,142311.141,143042.0428,143970.0586,144829.5544,145569.6832,146508.6061,148245.4421,150318.4436,153122.2826,156237.4077,159750.686,162816.4846,165449.3946,168081.467,171157.878,174404.484,177768.0888,179597.6054,179650.3075,178518.1573,178012.1029,178914.3165,179911.1867,182567.8327,186346.3873,191421.333,196096.4807,199950.9937,203571.753,206512.8591,208458.773,209154.1892,209093.042,208600.6929,207233.3037,204934.1217,202450.1171,201469.6905,201894.6048,202989.8816,204006.3468,204788.1281,205616.271,206991.1813,207989.1165,209163.535,209063.6133,208528.1654,208193.2104,209508.569,212605.2878,216217.7646,218697.5891
394836,516,"Martinsville, VA",msa,VA,84602.75261,85062.33497,85000.25206,84958.75239,84814.82147,84706.89576,84478.62132,83798.35474,83232.59659,82596.05919,82172.18199,81773.08063,81933.90887,82351.03242,82746.62081,82718.17463,82513.3565,82585.62003,82972.97641,83607.07949,84124.22473,84673.28385,84944.71436,85018.40406,85081.30767,85370.77875,85863.81102,86213.41923,86910.24704,88077.23494,89776.90605,90845.23387,91398.20142,91738.47412,92823.30713,94273.19611,95732.34388,96912.09911,98369.10034,100766.4132,103024.0009,104632.3462,105050.155,105831.3857,107206.4119,108800.6397,110295.7244,111666.5771,112500.5034,113366.0763,114154.5519,116298.3173,118434.0693,119797.8303,119475.398,118996.1786,119166.741,119973.6495,121589.7274,123055.3257,125261.8401,127279.0117,129409.1562,129661.8417,128695.9085,127188.1881,126623.8323,126508.5703,126847.2226,126732.6886,126292.4723,126040.0516,126920.1357,129142.1788,131213.7582,132838.4284
395020,517,"Rexburg, ID",msa,ID,218005.0939,219912.0505,221093.369,222034.7319,223568.3852,225687.9858,228087.8696,229936.3221,231948.5596,233870.5097,235916.6165,237372.6091,238994.1415,240828.0613,242934.58,244973.6187,246854.5997,248800.344,250564.111,252896.8969,255627.0498,258444.4377,260923.5014,262981.2271,265513.1047,268444.6119,271295.4664,273760.7581,276393.0288,280255.9399,285728.0863,292592.5505,300278.8769,308152.4528,315728.1738,324099.3127,333326.8864,343697.3224,354969.0505,366503.2293,376724.2542,384464.055,390023.5101,394936.5643,399977.4741,405078.1662,411355.7459,419145.2395,428702.4061,439071.5984,447306.6195,453605.0022,455514.4341,454735.9943,450015.1851,444696.4979,438260.2664,432335.4492,426639.5672,422286.3884,419527.9096,418278.756,418204.9349,418408.6353,417742.539,416612.6616,415482.1559,414417.2418,413003.2635,411432.6781,410394.5793,410617.6733,411835.6217,413170.0648,413836.4533,413787.8805
394787,518,"Lewiston, ID",msa,ID,215137.3653,216312.5887,217508.3041,218563.0505,220017.4146,221133.4468,222294.9592,222809.1214,223631.0436,224620.1306,225768.9348,226835.6654,227884.3339,229429.2875,230988.318,232379.3232,233360.9466,234451.2089,235690.2543,237240.7894,238758.207,240270.4288,241669.4959,242901.9832,244030.9463,245474.6946,246671.501,248045.4802,249471.5801,251793.4526,255272.3084,259460.2538,264192.6649,268768.7818,273328.6542,278298.0019,283882.5248,289866.3391,296817.3835,304158.6156,311481.1722,316737.8608,319630.0359,321244.6589,323283.1597,326127.792,330469.6753,336124.2672,342593.8426,348635.8237,353359.4308,357158.0452,358870.7113,358489.8737,356558.3852,354656.6301,352692.1516,350677.5395,349032.4324,348787.5458,349393.0279,350777.6801,352443.1452,354329.1584,355829.7987,356869.8438,357968.9014,358402.6235,358381.0596,357538.3987,357171.9575,357765.8905,359402.7367,361025.7496,361923.5433,362417.934
394759,519,"Laconia, NH",msa,NH,245422.0176,247086.7539,249055.841,251033.2789,253318.6753,255177.8563,256720.6506,257445.545,257957.0567,258124.0199,258387.9689,259272.6796,260896.8878,262503.0537,263702.9593,264847.1338,266442.2256,268153.2903,269472.9302,270663.7716,272148.5846,273909.4574,275573.1699,277280.3988,279082.6674,280929.0331,282181.002,283056.3028,284268.0485,286755.448,291350.3074,297540.8687,304832.2554,312454.2492,319876.1967,327375.6804,334825.5848,343235.9601,352727.4727,362244.7205,370551.2453,375819.0187,378535.8778,379686.3234,380875.5007,382970.5603,388425.295,397161.513,409002.709,421140.8146,431710.4742,439096.8563,441659.5408,440630.4302,437767.5817,435439.2641,434537.5764,434609.3122,434386.486,434629.0927,434970.1006,437051.5762,439987.0758,444598.4359,450099.3044,456038.9382,461385.9114,465347.194,467352.4944,468245.0175,468210.8169,468578.0625,470565.001,473886.412,477315.1118,479960.5753
394629,520,"Georgetown, SC",msa,SC,230162.9043,231448.4876,232926.1341,233895.2318,234845.7815,235993.9719,237373.1604,238876.1614,240250.3215,241002.7941,241405.5835,241369.0688,241791.1242,242115.1466,242637.6988,243376.4698,244283.2237,245134.6671,245717.413,246615.399,248121.0033,249825.1193,251632.9722,252659.0882,253358.2944,253600.8168,253303.5147,253321.4386,253821.344,255663.1711,258674.9331,262479.2518,266896.9977,271231.7061,275308.0605,279531.5653,283281.7129,286961.0973,290716.1366,295335.1955,300142.1481,304456.9394,307931.1027,311638.9326,316230.8539,321334.5055,327626.8148,333792.4332,340448.3695,347212.4629,354224.6808,360656.6733,364681.7625,366828.8142,367245.5411,367710.3827,367532.6621,367190.4659,366396.9229,366241.5504,367037.0799,369387.7016,372819.9638,376945.6667,379987.1995,382090.1923,383528.1245,384703.1144,385374.9971,385748.5121,385880.466,387062.0943,389346.7423,392670.6241,395921.0284,397933.5885
394343,521,"Athens, OH",msa,OH,120452.1788,121328.8876,122303.1288,122996.8647,123726.9826,124295.5315,125154.7739,125872.0313,127035.1318,128176.997,129236.3373,130064.1444,130758.9761,130993.6936,130940.9141,130670.7436,130930.3794,131401.9846,131901.6811,132477.7988,133006.1126,133556.5197,133562.7018,133763.2035,134253.2615,135148.1231,135698.0594,135824.0798,136177.4531,137609.2322,140457.2698,143834.9362,146970.5558,149123.7773,150563.6189,151417.7988,152075.2416,152700.0537,153335.0146,154086.8776,154654.1648,154693.4263,154300.0563,154495.6667,155647.747,157432.5888,159640.151,161632.7755,163079.8395,164032.3461,164898.874,166884.2333,168439.9335,169500.5004,169087.4539,168759.05,168409.5829,168157.5252,167177.3316,165892.1093,165731.4268,167024.0923,169348.2687,170993.7965,171493.5451,170572.62,168848.6395,167229.3169,166538.8212,166515.6815,166547.7228,166961.8343,168199.6172,170029.3494,171807.4461,173345.4478
395063,522,"Sanford, NC",msa,NC,144145.0052,145587.5775,146881.9842,147968.0299,149042.6455,150172.006,151257.5904,152028.424,152908.7315,153590.5347,154009.6128,154100.8924,154411.1388,154862.1247,155481.9336,156004.6426,156815.5155,157910.165,159028.0909,160575.2541,162181.5329,163853.4869,165374.0386,167151.7191,169387.4577,171472.9451,172852.8531,173953.0687,175238.9532,176748.5916,178680.2592,180736.2066,183248.8521,185666.3826,188689.6353,192623.5199,197230.3497,201165.2935,204619.3207,207541.156,209832.3244,210471.266,210582.4488,211315.2494,213294.6321,215353.9611,219570.726,225520.1184,233163.8124,240041.9814,246141.3884,251110.537,254988.6929,257402.8956,258923.1603,259974.5668,260555.7245,260909.8941,261277.8201,262600.0243,264892.2668,267658.0673,270044.3164,271828.9914,273347.0291,274936.9112,276580.0622,277661.8029,278288.5241,278277.9394,278106.0287,278746.0865,280784.0546,283360.2967,285502.43,286282.5557
394570,523,"Enid, OK",msa,OK,107757.5735,107237.6372,106423.9252,105597.6895,104928.6884,104712.7283,104802.4898,104968.9967,105222.7956,105506.8443,105789.5975,106009.6355,106145.976,106407.9035,106553.1855,106687.8083,106582.4221,106451.0152,106038.3444,105693.0511,105594.0952,105878.8226,106036.8626,106226.2814,106498.4725,107050.9796,107289.4929,107088.2809,106933.8728,107330.8533,108494.0726,109778.3128,111026.0419,112165.9508,113143.6584,114032.6387,114792.7651,115540.3715,115901.9838,116339.4451,116606.0492,116990.4927,117245.6363,117869.9219,118664.0135,119464.6777,120354.3157,121449.2478,122657.8397,123526.9248,124305.3087,125140.9086,126019.9282,126480.9335,126124.0797,125518.2166,124735.9409,123693.6483,122272.3589,121535.419,122387.9965,124565.5999,126848.1914,128565.4691,129544.6644,130019.5161,130141.8684,130274.2931,130345.0625,130602.4512,130440.6677,130463.3159,130601.9943,131180.8938,131783.0819,132205.5929
394889,524,"Mount Vernon, OH",msa,OH,161779.6536,162763.4807,164002.0415,165137.3894,166481.2309,167594.1477,168649.221,169335.7196,170258.6305,171148.2352,171847.6462,172295.4588,172594.513,172620.7584,172322.8733,172154.0317,172671.0236,173444.0456,174181.6115,174988.4416,176239.0439,177506.9087,178581.0321,179455.3158,180474.5279,181620.881,182434.373,183323.6073,184641.5013,186929.1475,189877.477,193447.2107,197126.12,200701.0761,203488.6579,205987.117,208555.8432,211533.8801,214880.508,218358.1642,221247.2331,222629.2947,222734.7127,222860.7265,223989.1311,225499.9815,228025.1446,231546.8569,235856.4762,240120.6354,243789.5486,247188.292,248867.2678,249233.0384,248436.0679,247960.7525,247466.4847,246874.5977,246087.275,245348.6409,245468.6202,246741.6692,249351.6497,252361.9002,255089.9254,257255.0293,258861.3069,260110.3785,261010.8211,261630.0316,261924.4625,262610.406,264622.8862,267705.2304,270653.37,272425.2389
395199,525,"Walla Walla, WA",msa,WA,251317.6297,253777.4867,256398.9394,258666.5983,261194.222,263480.8588,265416.6707,266701.4251,267717.0688,268726.8958,269237.8263,269715.9994,270691.9017,272389.7811,274581.2056,276716.5422,278423.64,280014.47,281355.71,283057.2587,284936.6751,286771.9254,288823.524,290446.0128,291880.4755,293227.6477,294435.6021,295803.83,297402.089,300060.3031,304107.0137,308617.8868,313268.7405,317227.6477,321394.7363,326413.3315,332075.3463,338272.1644,344808.2884,351431.5634,358423.5614,363658.0619,367657.0545,370438.6487,373554.0079,376616.3044,381207.8237,387494.5004,395903.8562,404044.9197,410260.6993,414238.6485,414677.3126,412672.9006,409348.7799,407365.55,406282.1712,405453.4178,403473.9502,402035.6296,402067.8704,403830.3149,405858.3904,407450.6966,408653.97,409912.2128,410028.4709,409268.9026,408477.3344,408191.1676,408266.8343,408622.8806,409908.0104,411883.7523,413248.3398,413709.2229
394309,526,"Albemarle, NC",msa,NC,152549.9625,153499.0147,154367.0996,155028.6418,156069.2496,157349.023,158896.3666,160005.4324,161006.3707,161707.0421,162479.2469,163040.862,163448.8293,163981.6539,164457.8773,164929.9491,165277.627,165912.2827,166516.7024,167428.6935,168531.6811,169645.466,170940.8824,172391.9945,174228.9133,175866.5034,177205.7559,178376.8956,179937.6593,182325.0655,185795.6361,189503.8788,193298.6096,196916.5708,200493.4527,204340.9694,208252.632,213000.0623,217999.5648,223420.0965,226890.9139,227796.2339,226556.4529,225607.2027,226576.9794,228817.5217,233756.3033,240126.0895,247899.6597,254877.8268,260461.063,265066.4641,268288.3747,270389.2917,271120.5967,271319.4752,271003.1133,269810.6996,267617.3165,265835.0724,265637.4046,267246.7867,269463.1923,271499.4287,273155.4715,274443.6469,275768.9554,276746.655,278017.3904,278973.6996,279574.2422,280036.4595,281170.2254,283457.452,286234.6967,288281.0613
394701,527,"Hutchinson, KS",msa,KS,95882.80133,96387.79685,96726.48123,96913.52613,97229.96441,97563.47449,97952.13976,98048.3632,98438.21665,98605.6583,98750.57172,98731.0119,99117.62097,99523.85758,99870.58947,100022.3815,100079.3601,100155.1673,100191.2156,100265.2023,100314.0835,100242.8227,100287.5475,100643.4639,101496.9098,102704.069,103477.4062,103854.2647,104233.3137,105100.0927,106442.8983,107597.0831,108509.0454,108902.9068,109144.3395,109658.537,110758.0205,112248.8637,113913.8887,115833.5819,117408.4845,118471.6586,118642.653,118780.5688,119163.3595,119952.5152,121809.4893,124171.9967,126823.7308,128598.1027,129924.6349,131129.9646,132264.5838,132835.1557,132986.5979,133192.1039,133568.3894,133675.3844,133543.8786,133517.3858,133778.889,134588.211,135782.0631,137262.4211,138323.2924,138678.436,138941.4514,139080.6333,139262.9453,138983.6167,139029.5167,139468.0263,140829.4185,142261.061,143794.9732,144795.4394
394693,528,"Hudson, NY",msa,NY,248501.1513,249257.6538,250666.9723,251932.4766,253320.2922,254294.6339,255355.9704,256196.3992,256787.3716,256812.0867,256754.4225,256322.889,256425.9727,256598.1245,257095.2251,257291.5536,257665.4941,258303.7863,259133.2972,260441.6049,262371.8862,264260.7999,266217.8228,267654.6158,269098.5831,270396.6465,271181.5829,271724.0611,272222.9474,274505.2123,279557.9319,286971.3008,296019.6362,305173.956,313554.7045,321514.9994,328563.6604,335968.6703,343492.6893,351327.9,357087.1139,360114.1768,360752.4101,362041.521,364222.4379,368080.3114,374060.0219,381733.1149,390868.1048,400921.3165,409400.096,415668.0041,418263.5584,418067.1881,416251.7488,414276.8194,413363.7129,413119.9105,412753.4224,413147.4562,413382.3855,414703.3357,417140.6536,421807.3941,426679.9415,430390.8835,432518.5323,433349.0703,433855.257,432822.3245,431220.2737,429772.5622,430867.445,433232.4703,436149.8045,438217.9487
395124,529,"Starkville, MS",msa,MS,180488.3392,180555.6818,180621.2536,180527.533,181236.6621,182147.3937,182810.3401,183249.9048,183890.7213,184864.2817,185572.8789,186112.9714,186792.1277,187462.2608,188230.1068,188614.7453,188854.9118,188855.5641,189173.7656,189783.9569,190293.6142,190389.9135,189735.4786,188950.0843,188561.4355,188921.607,189385.039,189969.9482,191136.7082,193218.7903,195568.187,197377.0648,198099.0818,198102.7465,197858.2953,198039.9179,198194.0272,199119.0956,201127.7672,204374.2403,207798.435,210483.584,212010.0569,213476.1649,215344.5287,217714.3073,219338.4235,220253.4651,220934.0548,221990.3008,223547.3416,225866.3861,227962.1991,229561.3204,229638.7066,229029.7653,227527.2799,225720.7124,223740.9812,221740.1962,220639.7155,221541.6512,224310.7357,227389.4015,229529.8673,231007.8367,232405.3262,233361.9484,233693.598,233415.4137,233319.5429,233835.6232,235667.5123,237746.6148,239271.4726,239395.049
394443,530,"Carlsbad, NM",msa,NM,170783.6969,170652.3879,171127.5641,171876.2344,173647.2149,176060.6381,179224.6796,181722.1306,184267.5128,186093.4048,187157.7672,187455.5986,187740.247,188579.8049,190163.3607,191736.5706,193724.557,195602.9117,197646.6859,199440.714,201903.0154,204654.5142,206711.938,207508.3846,208213.2289,209649.4675,211074.9188,211995.4815,213363.764,215088.8106,217871.2206,220939.4898,224683.9245,227842.789,229904.7162,231200.5383,232365.1732,234379.4492,237132.6893,239459.6384,239642.5169,237196.5992,233466.2453,230871.1137,230515.0108,231255.9162,230905.3758,229528.5959,227895.6854,227394.3311,227417.1717,228097.3462,229217.7111,228907.4573,227694.418,225501.2614,223346.8347,220671.9678,216660.3096,212395.4588,210070.8708,210543.8289,212111.3415,212861.1307,213603.1273,214909.7441,215567.0443,214866.6537,213583.8055,212726.7398,211883.2322,211415.6185,211865.5188,213329.3567,214759.3009,215351.3166
394631,531,"Gillette, WY",msa,WY,249294.7863,248832.6186,248501.7888,247613.6607,247297.0941,246950.177,247083.8891,247052.5563,247209.4621,246868.3273,246253.8158,245524.3513,245241.952,245980.3066,247155.8611,248949.5315,250501.2258,252412.4207,253831.0445,255096.6689,255821.8056,256466.331,256502.8043,256470.7526,256861.9982,257909.8967,259025.6004,259980.5889,261271.1094,262863.3936,264833.9557,266392.0654,267999.7009,269127.4527,270431.3443,271951.6521,274716.0874,277743.4357,280699.8064,282234.1294,282698.1238,282522.373,282355.7209,282940.8686,283311.7289,283461.5352,284188.8902,285759.6426,287943.937,289776.8669,291470.449,294335.1748,296915.244,299295.4381,299982.0345,301469.1122,302790.515,303995.9364,304083.2274,304125.8262,304966.6925,306477.984,308557.156,311080.3662,313230.5274,315434.2128,316862.8337,317750.3139,317565.5209,316810.7766,316224.4796,316675.5177,317793.3551,319495.0453,320788.419,321663.3178
395136,532,"Sturgis, MI",msa,MI,134825.0677,135918.2206,137034.0799,137907.0271,138950.5912,139442.3192,139907.6251,139933.5101,140146.2866,140288.4622,140972.5173,142216.9062,143955.1215,145380.786,146183.1535,146530.9212,146727.6363,147077.5752,147562.8861,148334.348,149303.1981,150203.5295,150847.2017,151484.2541,152063.8569,152802.4859,153410.9591,153839.7237,154660.8604,156224.1013,158841.4579,161667.6717,164202.1269,166241.9913,168155.0288,170388.6713,172878.9675,175219.4268,177575.3213,179791.0837,181650.233,182567.3301,182683.2554,182802.6496,183354.0908,184134.2415,186125.5894,189228.2579,192936.7028,196143.1439,198155.596,199729.1995,200117.4176,199452.6053,197738.2825,196085.0688,194591.665,193233.3813,191337.2524,190123.078,190098.8185,191464.2764,193265.3901,195074.2484,196670.434,198042.6038,198659.5391,199130.5103,199436.8446,200125.1024,200721.4643,201421.0338,202951.6795,205116.4362,207001.1062,207821.7619
395044,533,"Rutland, VT",msa,VT,201476.1885,201878.8657,201961.1228,201577.0431,201605.839,202042.1757,202941.3911,203642.6318,204234.5952,204620.6456,204415.8379,203626.207,202504.0476,201777.8259,201574.6916,202032.974,202788.7955,203452.1719,203995.5404,204516.6612,205440.7811,206477.2284,207437.1315,208116.9515,208933.9788,210014.9242,210962.3561,211386.7253,211860.7891,213185.0266,215804.1054,218760.497,221524.6154,224701.391,227999.6047,231747.7519,234929.0326,238131.7273,242586.5016,248270.0835,255219.7438,260547.0393,263803.6792,265191.8886,266956.6903,269248.1019,272547.3026,275846.006,279454.6575,283885.0855,288123.1476,292145.4405,293952.6544,294735.2982,294688.1113,294897.9635,294977.0124,295318.0739,296706.6461,297977.0449,298934.1371,299369.8871,300440.3021,302217.5794,304189.3246,307125.7282,309873.1042,311779.1397,312742.0127,312148.377,311392.6696,309867.4316,309803.5469,310863.3044,312597.8251,314274.8998
394509,534,"Crossville, TN",msa,TN,152048.94,153179.6869,154307.0857,155099.2521,156283.429,157423.3905,158520.961,159078.4196,159729.0703,160427.5501,161461.9496,162768.4194,164278.8209,165640.8586,166668.0673,167692.5261,168878.1372,170161.5331,171285.684,172465.4808,173742.4659,174999.0868,176673.6338,178131.0934,179481.9281,180618.3565,181544.5382,182264.8453,182585.7101,183560.4414,185604.9652,188471.0905,191762.5744,194991.8143,198108.9422,201488.1814,205031.8718,209101.9498,213789.1165,219889.4585,226196.4667,231484.4662,234782.1545,237559.2266,240785.3586,244925.3421,250407.0657,257116.6163,262984.5124,268064.4566,271628.1094,275146.59,276661.3123,276224.3622,274355.9429,272729.1765,271761.9193,271210.7977,270300.277,270304.2955,271561.1181,274323.2517,277310.7023,280272.0048,282956.7006,285724.5593,288332.7177,290433.4988,292112.2144,293074.074,293221.099,293462.9162,295182.8731,298141.2525,301421.5676,303570.7542
395071,536,"Sayre, PA",msa,PA,139753.059,140284.749,140961.7831,141428.0968,141894.364,142348.3961,142560.7758,142107.1696,141558.7212,141243.1395,141232.0915,141473.5778,141632.1283,141232.5923,140476.9673,140022.7936,140597.8338,141519.0854,142672.0767,143956.8449,145329.3379,146264.8277,146440.5733,146472.3652,146666.1948,147475.5891,148306.9219,148640.3535,148735.9323,149048.897,150947.7146,153242.2589,156209.0434,158254.0522,159695.1748,160657.2093,162146.5636,163987.7131,165787.4198,167332.8652,167653.9289,166779.5622,164558.7199,163196.4718,163016.7857,164179.6766,166619.197,169420.4519,172253.7322,174776.2038,176175.871,177990.3336,178672.0761,179719.0775,179582.3633,179422.0763,179346.3933,179462.3915,179698.1738,179393.1565,178879.1259,178666.1407,179260.8899,180707.1793,182513.9442,184589.1619,186725.7711,188479.424,189792.2699,189993.6759,189284.7425,188939.1858,189788.2908,192183.7069,194232.2052,195229.4582
395049,537,"Salina, KS",msa,KS,118156.4127,118479.7089,118745.8292,118904.1825,119307.0988,119571.5212,119806.7437,119644.82,119564.7913,119430.2398,119693.3154,120223.6572,121086.6546,121876.2989,122122.0646,122258.1364,122339.3762,122797.0039,123198.4203,123705.8648,124422.3135,125332.5409,126361.9892,127231.1306,127951.8657,128584.8685,128763.375,128869.4648,129215.5208,130072.2982,131395.9913,132731.6648,134328.3505,135829.5093,137215.8103,138593.2986,139961.6565,141540.2639,143452.2159,145897.5334,148091.6129,149638.9601,150135.606,150449.337,150955.788,151561.1655,152833.1396,154395.3097,156704.7239,158933.0574,160526.1738,161751.0668,162548.4384,163175.2202,163183.6104,163328.1428,163785.3123,164403.2678,164430.2039,164605.201,165520.4547,167415.6091,169360.1473,170757.9869,171673.1507,172032.9838,171869.8336,171527.1524,171247.3923,171067.866,170476.7155,170135.8482,170924.9619,172244.7088,173410.9488,173670.6176
753903,538,"Marietta, OH",msa,OH,141126.9561,141407.7049,141662.9784,141694.6348,141964.9865,142229.1432,142456.44,142414.6272,142924.5349,143641.2947,144545.3239,145288.7662,146270.5353,146896.3139,147133.0964,146965.9188,146850.656,146679.4273,146702.9451,147434.1245,148767.4274,150150.7968,151305.5379,152175.4787,152991.9557,153799.7663,154389.0438,155126.9562,155969.7087,157551.2034,159478.7121,161624.2296,163504.014,164991.4747,166039.5463,167253.1709,168749.8315,170938.9706,173198.0634,175495.6862,176418.0543,176529.0125,176041.9143,176564.914,177731.8655,178795.7615,180649.8402,183047.4957,185669.3277,187542.7893,188511.0905,189988.5738,190526.4248,190458.8269,189171.7667,188274.1143,187691.2962,187160.3902,185790.2414,184061.1075,183090.283,183234.241,184400.0616,185883.1773,187314.6973,187928.8909,188021.6115,187767.7546,187790.5595,187336.4954,186681.0466,186461.7251,187234.5269,188513.4069,189403.1908,189877.1159
394591,539,"Fergus Falls, MN",msa,MN,213758.7507,215084.5183,216159.0565,216300.7668,216098.6362,216678.692,217995.4848,219567.4664,220735.6062,221567.2304,223085.5229,225337.1069,228313.5639,230493.4731,231695.0446,232503.3285,233208.9094,233878.025,234189.131,235161.9507,236590.5949,237758.8932,237809.9057,237450.8777,237420.2039,237921.5706,238737.3695,239863.5257,241633.4793,244199.5862,247995.2676,252376.2078,256977.9898,261166.458,264830.752,268585.8218,271263.5558,274609.0141,279009.7559,285120.057,289187.4574,290754.7236,291055.5922,292567.4262,295017.9494,296927.5605,299780.1991,302838.3902,306710.3685,310786.3307,314627.9733,318738.6133,321462.2226,322608.0676,321529.8601,319482.7729,317362.0608,315272.1111,314395.0853,314626.8912,316195.2941,318146.1481,320692.1748,323070.5939,325077.2374,326006.081,326923.7502,327248.1863,328015.3295,328263.1156,328145.6832,327571.2615,328472.786,330707.331,333687.623,335911.2788
394362,540,"Barre, VT",msa,VT,250862.5144,251578.3147,252471.2188,252600.8581,253493.3618,254458.4044,255760.8909,256187.5462,256174.8259,256072.9955,256080.1222,256233.4085,256574.1236,257089.9919,257524.7018,258014.6908,259063.1943,260478.04,261989.4371,263556.5603,265157.7331,266683.2736,267738.7046,268233.3441,268604.3904,269191.6261,269895.3953,270371.585,271588.9757,273902.2472,278041.8746,281920.2105,285829.2035,289574.0548,293493.7455,297765.875,301248.6619,305007.1653,309758.7212,316282.5335,322750.8049,326436.7373,327726.4453,328026.2366,329440.1989,331361.7255,335533.1049,340680.7282,346578.0519,352546.6095,358526.4131,364412.7066,367510.0127,367978.359,366327.288,365074.0978,364285.61,364094.9427,365357.7601,367224.5568,370366.3342,373701.8494,377626.9853,381177.3852,383531.4456,385609.1772,387202.9737,387715.8768,387497.1464,386510.2752,385899.0695,386006.7445,387759.4967,390642.6023,393217.7936,394567.4513
394618,541,"Fremont, OH",msa,OH,113109.1182,113834.6983,114719.4872,115491.672,116154.4303,116636.528,117172.3468,117753.7951,118796.3508,119813.2889,120445.8806,120825.5979,121139.062,121476.839,121503.5476,121516.6331,121635.4982,121749.9005,121661.8208,121450.8418,121460.5354,121517.6207,121861.7616,122249.3584,122761.7556,123190.3069,123489.4079,124008.7512,124966.1856,126512.0911,128553.0938,130914.2193,133481.4221,135720.0791,137488.399,138954.7541,140584.2531,142339.9968,144308.3981,146361.482,147711.1681,148341.389,148097.5841,148179.0579,148367.3483,148685.2365,149677.8418,151500.0104,153731.7643,155663.3388,156926.8048,158279.2582,159019.1503,159229.0768,158824.0065,158704.0965,159029.1017,159665.7745,159940.5973,159963.3551,159984.5914,160886.4663,162678.5897,165273.3854,167798.0542,169571.9239,170613.4931,171473.2018,172440.0733,173132.4484,173439.9196,174006.7112,175206.6621,176427.1249,177282.0683,177735.0061
394939,542,"Oneonta, NY",msa,NY,140262.7274,140365.5086,140775.3642,141386.8451,142068.0908,142702.9584,143096.0391,142864.4186,142747.0957,142900.5878,143802.6806,144827.9961,145830.0214,146126.0344,146079.361,145943.7554,146299.2219,147027.1825,147775.3676,148900.7603,149961.1794,151167.2447,151623.8123,151877.2255,151869.4361,152078.2532,152143.5975,152102.7706,152342.5075,153322.7595,155556.9238,158551.6876,162099.3043,165003.9434,166815.5809,168071.7309,169018.4366,170215.1127,171718.2399,173879.9057,175651.1804,176123.9486,175175.553,174478.2206,174564.9426,175369.4362,177490.0181,180168.613,183725.7398,187051.8915,190238.0874,193209.9372,194884.2374,195485.9704,195047.4877,194836.6199,194664.9835,194395.0763,193849.4885,193536.3001,193717.4994,194531.1648,196015.1246,198154.0337,200352.1195,202002.7808,203053.2301,203696.1309,204323.7565,204544.4528,204533.0446,204497.0514,205143.4146,207126.8174,209556.548,212079.5633
394490,543,"Columbus, MS",msa,MS,128424.1218,129572.2564,130510.1515,131157.2283,131637.9635,132326.2653,133042.6652,133871.9818,135412.4047,136882.6856,137681.4246,137608.9928,137583.934,137834.2738,138333.2705,138633.5871,138958.0758,139023.4572,138969.0401,139159.383,139814.8491,140738.5522,140385.7693,139757.3557,139250.9221,139554.321,139439.2627,138979.5672,139997.568,142336.1362,145446.5202,146481.1743,145768.4584,144260.4949,143886.0555,144571.2604,145569.8409,147074.7731,149054.5634,151583.6286,154038.1672,156276.8853,158173.0769,160857.645,164585.1821,168384.0009,170442.6977,170710.7044,170159.5181,169444.7688,168942.3325,169396.2757,169658.9718,169242.1555,167552.5458,165419.4716,163244.3584,160907.4631,159027.6732,157843.2848,157633.4082,158931.6733,160725.7656,162092.9958,162550.285,162874.4027,163262.0905,163860.5676,164051.8368,164278.6872,164856.3398,165783.9792,167649.0019,169085.4263,170002.428,169902.8117
394923,544,"Norwalk, OH",msa,OH,117752.1559,117535.4055,118097.1623,118415.6007,118474.863,118630.7459,119375.6117,120306.5603,121122.0833,121692.1204,122323.115,123396.9703,124697.8439,125418.7682,125331.4349,124966.095,125085.466,125476.9264,125831.3644,126143.8332,126700.3276,127147.9188,127687.9093,128206.8428,128962.3449,129692.4429,130236.5615,130270.7565,130169.5743,130651.2725,132456.0976,135055.6029,137771.0821,139989.3082,141624.8214,142921.5482,144160.3886,145569.3577,147393.2827,149450.7697,150881.1013,151142.8314,150638.6634,150617.2227,151339.6072,152037.5318,153537.7562,155343.7991,157465.159,159044.4757,160164.7253,161852.0154,163059.8779,163718.5409,163464.4288,163238.4146,163008.4545,162575.9698,161525.2896,160789.083,160725.3296,161580.2442,162831.2939,164080.9341,165062.4349,166012.299,166840.4776,167629.4539,168392.4995,169118.7046,169442.7411,169981.4081,171367.9738,173476.3568,175300.27,176442.1339
394365,545,"Batavia, NY",msa,NY,127574.59,127828.0933,128070.3165,128594.472,129479.6769,130434.3116,131210.0826,131394.765,131546.9168,131477.4059,131586.8682,131805.1132,132445.2274,133107.4745,133696.6965,134282.0806,134930.301,135700.4013,136468.012,137502.4878,138485.8977,139141.8065,139567.1843,139879.2282,140401.9906,141353.1929,142572.5116,143909.7949,145260.1443,146890.653,149238.0848,152001.8252,154969.6777,157624.7955,159628.952,161654.2783,163790.2463,166475.895,169550.7712,172717.1641,174920.6902,175440.3227,174283.1092,173299.5376,172885.121,173286.4815,175033.2909,177717.9785,181315.797,184386.6341,187320.1884,190329.4651,192601.2235,193719.7759,193382.8223,192596.7929,191635.9135,190896.6002,189693.7363,188382.7296,187450.843,188167.4265,190079.9234,192476.6362,194523.7421,196316.4087,197958.943,199428.3672,200580.7086,200891.5409,200732.4219,200474.9319,201036.2934,202441.6956,204205.0929,205922.8735
394336,546,"Ardmore, OK",msa,OK,107392.4982,107753.419,107794.4931,107584.9683,107272.5891,107400.3483,107991.0522,108605.6305,109313.4929,109871.9806,110214.6145,110630.1529,111048.4856,111373.2607,111554.5497,111961.7457,112171.2289,112120.3266,111901.8353,112586.4191,113875.1547,115351.2623,116616.2911,117785.1385,118723.8581,119488.8872,119855.6748,120093.4274,120454.3803,121296.7264,122891.8858,124767.381,126910.5423,128838.9142,130527.1626,131928.1131,133445.7567,134948.8115,136411.0635,138212.5051,139552.8704,140756.8614,141364.281,142930.2951,145073.9098,147357.1412,149942.2227,152879.362,156521.7532,159729.2422,162070.0596,163760.5661,165164.0607,166615.0828,167981.2217,169132.7187,169789.7052,169510.1705,168932.2927,168671.1987,169265.3209,170284.5231,171631.8238,172662.6385,173273.0217,173188.1569,173009.2378,173091.7322,173384.2081,173844.1607,173964.3136,174279.0482,174909.7158,176050.4694,177286.9603,178196.8574
394956,547,"Palestine, TX",msa,TX,124428.1269,125016.9633,125331.734,124946.6629,125284.5714,125741.1243,126569.2835,126711.7154,127131.7718,127399.9647,127966.791,128687.9776,129922.413,131166.8477,132246.2562,133164.7261,133874.5822,134565.0577,134968.4723,135607.2484,135967.5701,136347.1608,135926.1265,135761.0608,135758.0449,136454.2649,137166.237,138066.7675,139610.6563,141995.835,144779.2442,147023.6997,148663.5402,149750.2724,150822.2061,152454.9217,154508.1864,156781.8649,158567.3472,160722.3281,162998.0578,165090.031,167043.8556,169312.5104,172461.3069,175326.2362,178248.6461,180725.2544,182898.1762,184946.2845,187094.9836,189950.4427,192087.6355,193099.3301,193138.7036,193686.4046,194362.9972,194604.9149,194866.1781,195366.8493,196902.1049,199005.5389,201312.4447,203202.2716,203875.3799,204619.37,205330.7426,206074.6242,206109.4473,205389.9301,203952.6711,203342.1351,203757.2971,205684.9625,206895.0272,207755.1888
394605,548,"Fort Madison, IA",msa,IA,96919.60315,97496.96607,97660.80271,97056.54849,96568.58591,95648.12107,95238.87207,94738.47248,94821.88597,95014.2516,95171.20324,95354.96248,95611.84333,95878.39004,96493.80481,97208.56349,98108.53873,98586.6645,98633.77223,98798.16992,99041.042,99583.8094,99688.55119,100178.3271,100810.9823,101624.3089,102003.6335,101650.1042,101438.8582,101678.4136,103332.9555,105117.3602,106401.3859,106939.3362,107499.2194,108762.22,109944.5301,110608.3703,110799.2396,110944.1308,110830.5,110460.1837,109560.8586,109469.3334,109804.177,110804.4757,112336.2249,113998.8022,115591.0577,116322.8611,116766.6127,117286.4489,117470.6202,117283.7316,116421.648,116099.293,115854.0331,115795.7418,115542.6056,115309.2651,115662.0851,116375.2477,117053.7626,117269.4675,117060.5086,116818.777,116166.5819,115892.4359,115903.8034,116131.652,116136.8229,116323.3411,117280.0903,118463.2033,119160.9239,119306.4436
394456,549,"Charleston, IL",msa,IL,93115.48575,93381.87533,94233.05021,94638.99781,95109.33028,95103.41203,94965.52063,94366.86102,93892.55272,93853.92461,94448.30412,95970.38409,97654.30689,98921.32441,99468.08859,99797.51962,100310.5339,100641.5742,100872.096,101312.578,102299.9767,103554.868,104534.695,105570.8019,106713.0324,107533.6983,107604.8205,106968.6652,106698.4629,106839.2758,108003.7586,108940.7419,109771.6672,109987.7546,110217.6358,110909.2351,111604.0096,111924.6569,112104.9532,112603.7227,113299.2963,113914.0196,114119.6929,114541.6078,114729.2689,114871.2443,115410.1626,116050.5935,116937.5272,117377.242,117415.7253,117332.0797,117134.3935,116949.2295,116644.1213,116734.8011,116882.0289,117297.9218,117679.179,117535.1117,117505.2015,118146.3043,119961.2944,121946.8576,123320.0191,124258.3455,124661.8457,124727.5429,124772.5438,124975.5488,125035.7153,125609.0563,126778.313,128247.5991,128446.2684,127850.5529
394592,550,"Fernley, NV",msa,NV,252609.6871,255882.9652,259499.1667,262641.9358,265746.209,268258.1146,270309.965,271798.8396,273054.4943,274365.8159,275727.2327,277600.4889,279402.6675,280939.937,281797.9629,282567.6434,283663.0509,285229.6173,286435.454,287208.8667,287713.4032,288780.8874,291152.3512,294444.9538,297788.2892,299573.0825,299665.7819,299125.7216,299367.7693,300819.4975,303944.0925,308171.3467,313424.36,318721.3425,323765.6677,329482.5195,336232.4029,344090.3904,352520.9297,361104.9549,368888.0939,375639.0694,381160.3597,386141.9401,390573.1808,394753.8007,399392.7922,404464.3693,410548.1102,416570.4424,421179.4115,424065.9214,424093.672,421899.78,417273.7034,412340.3612,407086.8843,401860.5842,395986.6736,390942.7875,387027.8885,385043.997,384321.8275,384750.6014,385931.1527,387571.0457,388892.9012,389894.0783,390365.6886,390875.5449,391232.8785,392256.978,393487.6516,395551.8654,397678.0053,399576.0533
394444,551,"Carson City, NV",msa,NV,297796.2744,300925.5764,304215.845,306805.8776,309140.736,311388.4302,313180.1122,315182.9127,316964.7439,318964.2199,320876.5401,323505.9056,326739.7359,329497.805,330961.636,331949.4237,333683.9996,335823.2917,337576.7616,337932.7828,338211.5474,339006.6272,340980.0904,343405.8677,345596.1521,347203.2957,347513.0578,346442.3333,345701.3662,346584.5462,350645.9402,356834.2148,364288.2699,371794.7697,379251.4103,387093.7512,396157.9761,405197.0126,414755.5138,423654.8235,431595.1992,437156.7522,440201.9797,441992.3428,444149.6904,447424.8492,452920.5829,459992.6868,468656.3329,476537.5356,481788.7592,484294.0173,483257.8334,479548.0696,472850.9283,466623.3182,460590.0796,456316.6709,452108.2045,449229.5918,446986.9428,446097.2691,445946.5226,446718.5382,448846.314,453283.4237,458291.2037,462748.1376,465159.3169,466681.4778,467856.2569,469669.8904,471257.4727,472884.7503,474011.5122,475295.5831
394551,552,"Eagle Pass, TX",msa,TX,159812.7473,159930.8448,159691.5523,158981.9355,158276.5509,157386.6776,156240.5533,155086.6176,154532.8497,154877.2473,154020.0951,152273.9427,149843.3706,148797.7979,148476.3557,148875.1737,149390.8412,150006.4475,150294.2084,150531.0829,150965.8189,151689.0577,151844.6945,151616.1452,151112.5396,151208.9383,151725.179,152729.2532,154325.7136,156364.0302,158597.9243,160152.8632,160916.7235,161363.6263,162233.3821,163695.2859,165346.4383,167262.6504,169469.0857,172037.9698,174084.7034,175053.1963,175172.8781,176016.4477,177587.1725,179234.1594,180798.6215,182732.5134,184350.4087,184974.4229,185307.8022,186529.3897,188147.2344,188999.9093,188973.149,188652.9508,187801.3757,185946.2402,183342.5192,182011.2617,181664.7108,183250.3101,185160.3062,188033.8155,190366.5768,192666.071,194586.2458,196401.2499,197379.6658,197646.3495,197905.9726,199316.1013,201908.2262,204629.6809,206094.5217,206574.9347
394432,553,"Calhoun, GA",msa,GA,138492.4288,139771.5182,140934.9306,141712.0889,142573.535,143615.2952,144870.0259,145922.8877,146995.5769,148098.5967,149135.7484,149886.526,150569.2986,151301.4798,152120.7356,153047.1863,154032.9868,155163.7134,156054.0734,157097.0114,158210.8195,159514.7512,160759.9898,162040.6146,163202.9051,164015.6648,164312.1107,164496.9353,165074.6557,166398.9585,168749.7927,171735.3543,175124.4959,178397.8419,181623.2397,185040.5877,188174.7258,191126.1498,194030.5669,197896.7841,201556.2069,204536.6468,206244.767,208365.8574,211069.042,214221.3915,218469.3877,223467.6805,228564.1645,232699.3059,235733.1268,239092.1299,241727.4226,243383.395,243638.6481,243535.2882,243066.6463,241998.2502,240368.0938,239683.5219,240565.6579,242691.2057,245127.4762,247338.7499,249432.9851,251804.2154,254137.8587,256272.1762,257747.2693,259076.1121,260513.1005,262280.9783,264244.408,265917.4654,267117.7233,267609.5889
753877,554,"Cullowhee, NC",msa,NC,230699.6896,232107.0558,234042.73,235901.3785,237354.0514,238020.3057,238213.5802,238464.3237,239202.6946,240195.6321,240646.2939,241077.9744,241545.3322,242356.5917,242609.8387,242475.772,242426.8103,242557.8792,242499.5555,241914.8636,241558.9058,242201.905,243217.6773,244667.6287,245817.2273,247213.9911,247728.1426,248322.2232,249489.1288,252413.9401,256652.1817,262326.4381,268769.7507,275563.6454,281401.2371,287204.8197,293026.5124,300424.21,308820.7168,317806.3162,324631.7549,328441.4183,329913.7241,330528.4476,331688.7963,333026.6393,337553.7529,344190.5261,353396.2544,362873.7957,371661.13,378482.3739,381509.7272,381965.8415,380114.7196,378776.4708,376917.823,375059.6455,371685.1749,369595.4108,369234.3459,371214.8001,374024.5934,377452.0285,380618.7767,383297.9426,386011.2663,388943.9465,391759.8138,392618.5783,391153.3808,389366.4091,390027.1805,392870.7566,396558.701,399254.8379
394737,555,"Kearney, NE",msa,NE,197307.9271,198317.9261,199092.5688,199511.9653,200182.5406,200922.9594,201748.9126,201917.9397,202119.3001,202368.3396,203031.0168,203956.2303,205229.1494,206498.8406,207552.656,208272.9009,208732.1273,209159.1877,209691.1251,210641.9746,211546.001,212470.2323,212271.6889,211705.6072,211102.6321,211432.2902,211929.9401,212635.3691,213948.1918,216161.4836,219139.747,221175.981,222254.1325,222264.3723,222754.2317,223689.9697,224909.4396,226665.3425,229460.4324,232884.0536,235615.8883,236899.9557,236976.1551,238151.7236,241319.6791,246070.2959,250955.8807,254885.8421,257809.9812,260456.4522,262791.136,265328.3538,266540.4655,267080.1076,267046.4352,267737.781,268546.4974,269336.353,269309.7739,269100.5388,269416.1426,270888.5504,272737.0066,274138.8426,274775.4979,275476.2687,276073.4562,276131.5746,275743.5943,275187.4487,275581.5981,276845.9605,278644.3584,280014.3543,280681.2366,280988.8029
394582,556,"Fairmont, WV",msa,WV,117834.9247,119642.7688,121229.5403,121969.5398,122257.0463,122423.8361,122894.4927,122914.7662,122894.1637,122690.5207,122625.3631,122879.3136,123438.414,123986.957,124563.0189,125252.1865,126075.2138,126363.1078,126154.6267,126010.9206,126061.2895,126382.309,126565.1404,127319.6041,128311.1795,129741.2151,130667.0183,131029.9177,130967.9273,131231.9336,132156.7291,133731.6051,135886.6867,138167.073,140853.2708,143546.0432,146162.0502,148040.3984,149085.8392,149775.8206,149092.3477,148115.3883,146517.0633,146230.5014,146846.2239,147978.8527,149772.583,151231.516,152962.2515,154606.6885,156109.8561,157736.2468,158539.8448,158746.1408,158096.7952,157646.9912,157548.1289,157930.2026,158053.6668,157656.418,157310.8127,157414.2833,159011.6111,160990.7495,162391.7849,162517.175,161577.5706,160552.1359,159917.1937,159599.2148,159345.9418,159045.9904,159687.8043,160982.3972,162313.5141,162929.716
394940,557,"Ontario, OR",msa,OR,170002.9299,171588.27,172806.8971,173690.887,174815.3266,176550.1557,178796.1424,180906.107,183040.7254,184899.7347,186694.1229,188246.7414,190018.6543,191817.1793,193750.1148,195414.3462,196975.4125,198673.4831,200320.9268,202553.1472,204930.3987,207600.8418,210000.9412,212332.6305,214705.0695,217189.579,219349.3948,221391.0611,223923.1863,227458.2465,232210.8683,237793.5407,244724.5891,252835.738,261186.8197,269620.3048,277715.1123,286212.9392,294456.4062,303189.4625,311105.7309,318595.8919,324340.4369,329636.3931,333910.1004,338156.5568,342973.3159,349290.5692,357067.045,364901.1311,371857.1526,377099.4117,379050.791,377099.8676,372395.5688,367352.9989,362871.0071,358773.0342,355364.4556,352852.9127,351301.5567,350841.9633,350852.5729,351490.9473,351958.6761,352656.4229,353064.2357,353321.0499,353136.8509,352552.3625,352032.2362,352751.6216,354288.2363,356248.0344,357423.9012,358212.926
394621,558,"Gaffney, SC",msa,SC,126816.4141,127969.645,129198.9106,129705.0994,130293.1775,130761.1389,130731.5007,130218.735,130655.1315,131743.4233,133556.0263,135316.112,137844.3895,140266.8455,141774.6952,142255.7114,141900.64,141171.9341,140724.8488,141343.5315,143329.1466,145444.5018,146786.4004,147031.3997,147307.0474,148397.9017,150483.7714,152192.5697,153255.2303,153998.4594,155869.0117,157969.1828,159364.0928,159743.2701,160106.5922,161427.318,163566.5124,165864.0103,168571.7908,171383.3923,174018.6736,175440.6763,175911.6634,176695.5507,177907.6819,179133.9618,180068.9406,180605.0874,180994.9073,182206.1644,184279.2174,186852.9103,188176.5734,188754.3197,188139.9498,187144.3864,185483.5033,183786.4536,183695.6686,183648.0653,184745.1183,185148.0614,185734.2007,185372.8209,184316.3894,182618.1683,180002.9716,176902.9713,174853.9062,173982.2573,173760.8197,174192.3848,175424.8446,177076.8705,177596.6848,177907.4544
394977,559,"Picayune, MS",msa,MS,157950.713,159886.5321,161817.7547,162298.5757,161956.9043,161315.5234,161076.8983,160800.5986,161235.3615,160839.9728,160547.4174,159996.8855,160451.89,161400.4762,162353.9147,163639.1335,163994.3736,164448.5623,164008.2116,163617.8322,163240.3606,163665.4298,164814.0131,166905.9101,168523.784,169749.0592,170058.8825,170439.5673,171216.7131,172339.7269,173888.7006,174703.3749,174540.0177,173478.2501,173399.2615,174283.9706,176197.1178,178120.1736,179857.2618,181451.957,183052.2977,184604.2511,185404.4078,186097.0781,187463.3445,189270.6888,191456.8369,192811.2755,194380.9306,195761.8308,197776.1503,200386.5025,202980.8255,204854.889,204898.622,203725.3549,202119.932,200800.8172,199609.4152,198884.697,198287.8172,198337.0738,198879.3705,200138.077,202273.9555,204570.1345,207107.1942,209347.6977,211028.0201,212295.1808,213073.668,213990.2944,215526.2265,217113.5637,218080.3144,218059.6873
395131,560,"Sterling, IL",msa,IL,98354.55561,98119.40626,98067.76477,97132.31526,96203.55988,95020.62391,94290.95508,92808.44797,91094.03387,89137.311,88182.96044,88602.95628,90366.28023,92375.08453,94016.64489,95242.73878,96368.27079,97658.14736,98620.39843,99553.66367,100516.4862,101716.5772,102352.1413,102885.4451,103032.9534,103267.109,103098.5303,103147.8534,103589.233,104356.443,105549.7963,106757.1665,108319.1574,109534.506,110439.4939,111125.2151,111462.5022,111485.7183,111574.2266,112001.4447,112444.7547,112377.7466,112026.2353,111961.4907,112359.259,113097.8926,114475.4243,115949.6761,117350.4044,118394.7738,119149.826,119900.3661,120316.4523,120053.765,119414.088,119470.2391,120273.211,122042.1764,123675.8846,124517.375,124852.5272,125147.484,126165.9564,127089.3781,127540.1788,127773.6942,127480.436,127169.227,126883.8957,127083.0186,127405.338,128374.0449,129562.3086,130693.7618,131082.5318,131088.4963
394411,561,"Branson, MO",msa,MO,146376.1602,147051.401,147438.6284,147382.6552,147638.9087,148301.1852,149390.1547,150357.0467,151316.2478,152476.6673,154150.6398,156204.2907,158102.6367,159683.6996,160484.3364,161203.2554,161795.979,161915.5066,161819.8245,161989.4838,163346.9396,164883.5463,166043.2867,166438.1063,166841.7232,167326.3065,168019.9423,168617.1423,169636.2241,171290.336,173717.3937,176696.9519,179874.157,182755.3891,185030.9705,187614.0469,190898.2745,194906.9099,199413.9773,203777.4047,207365.7234,209501.9854,210701.7578,213272.4636,218006.344,223675.0464,228623.5577,233135.7713,238069.2349,243766.7668,248732.1083,253153.9399,255471.1302,255974.9198,255178.3239,254715.0826,254446.2491,253899.0516,253184.9383,252995.7833,253463.1319,254269.7762,254679.7296,255347.9978,255895.6626,257164.6452,258511.4537,259635.5636,259623.223,258529.5103,257644.4927,257482.0715,257916.1691,258257.8616,257656.3566,256255.4486
394446,562,"Cedar City, UT",msa,UT,234479.9132,236914.2134,238512.2375,239292.8225,240969.1571,242682.8097,244431.8286,245235.6732,246795.6116,248808.4204,250724.2406,252189.4852,254023.973,256213.3866,258082.8507,259013.3485,258878.7996,258344.5371,257885.3054,258629.6126,260821.1387,263976.6484,266583.6806,268568.4226,270129.8409,271770.1302,272609.5778,272850.06,273947.1879,276574.9219,280911.1909,285329.0497,290190.5759,295026.9647,299818.7423,305126.227,310970.8701,318217.4285,327346.0209,337726.6037,348630.0125,357654.8365,365242.0312,372318.7036,379172.364,385291.9301,390300.6631,395567.7002,401438.6656,408860.863,415871.2526,422022.6781,423859.9971,422759.605,419367.2453,416044.5228,411957.7598,408237.1108,406071.7875,404026.2302,402944.1072,402493.7441,402888.6929,402946.7506,402472.103,403471.7314,404867.3581,405860.4566,406421.9038,406226.3647,406629.4898,407248.1443,408812.1996,410498.0732,410393.2006,408705.6834
395216,563,"Waycross, GA",msa,GA,81186.60558,81808.39023,82374.46106,82731.03278,83247.70023,83716.11253,84232.54676,84606.48579,85209.78376,85761.55009,86310.66998,86637.49307,87406.94047,88243.45178,89142.30359,89856.5403,90523.24503,91159.96506,91516.96809,91807.70109,92006.35728,92204.0085,92029.74701,92075.05863,92387.36473,93394.55886,94241.05914,94943.57916,95647.59962,97043.85287,99239.70673,101344.0866,102731.6504,103109.8214,103437.6917,104212.876,105838.6103,107886.9739,110088.3971,112275.4181,113883.7251,115078.9202,115676.3573,116777.6081,118530.7571,120720.6461,123286.8254,125616.9902,127798.2726,129682.1964,131283.3058,132796.5689,133629.1266,133882.782,133505.3623,133415.7978,133604.0154,133904.4511,133719.0091,133580.0042,134108.9438,135422.6972,137090.3743,138207.0323,138770.1569,139056.8131,139627.3404,140053.1244,140693.4971,141055.43,141154.9418,140888.8811,141186.8542,142475.8304,143898.0772,144953.5002
394951,564,"Oxford, MS",msa,MS,227073.5434,228051.6205,228788.3923,229188.7,230065.0583,230875.512,231674.362,232021.176,232035.1563,231539.2386,230601.8342,229835.0397,229752.3349,229982.4217,230178.1245,230092.1359,229690.5584,229490.6938,229365.9411,229789.9997,230283.9378,230601.6039,230625.5265,230383.5728,230783.5471,231805.6604,232602.2129,232633.7425,232846.4918,233555.5248,235349.8264,236841.8622,238446.96,239498.8529,240634.1336,241921.7773,243327.55,245746.4081,249330.954,253879.9573,258025.7613,260898.3868,262444.1061,264180.7719,266831.5091,270051.9575,272729.7984,274199.4585,275643.2263,277639.8063,279943.5075,282369.1275,284075.8865,284816.9421,284815.9254,284580.0207,284827.2456,285145.5886,285190.2151,285882.6314,288480.1841,293902.9476,301122.0265,307849.8981,312622.8646,315724.1663,318575.2751,321037.7337,323398.2262,325117.4457,327255.8936,329115.8338,331391.8015,333411.2743,335930.3566,338460.9813
394721,565,"Jasper, IN",msa,IN,148590.9547,149424.1007,150247.4999,150742.524,151434.5357,152122.1614,152940.6005,153418.3746,154096.1654,154429.2704,154840.9415,155288.3446,156013.2719,156614.8193,156903.4951,157303.3772,157956.4913,158851.4586,159528.1077,160264.2403,161141.2884,162209.002,163509.2401,164721.6109,166001.5777,167247.2928,168312.0234,169066.8837,169646.7378,170501.0692,172007.5205,173798.7324,176024.4721,178131.1388,179880.2663,181328.3162,182839.4743,184655.7161,186737.2725,188766.6778,190788.7242,192272.178,193119.8106,193757.7708,194941.9789,196440.3966,198787.1063,201822.5905,205360.5624,208719.6888,211031.8722,213165.5035,213972.4868,213784.0246,212492.7423,211638.1029,211186.6223,210941.9548,210020.0416,209470.4208,209556.0467,211015.0473,212970.4381,215092.0609,216751.1607,218212.7006,219294.2976,219946.7255,219992.0787,220081.1212,220662.4013,221994.6431,224164.0735,226434.1937,228350.2821,229283.0281
394556,566,"Edwards, CO",msa,CO,671349.7342,673876.603,677631.1484,683194.1902,689220.6133,695341.4677,700208.4552,704479.197,707492.1056,709323.5942,709733.3838,709051.0956,708843.7655,709037.7639,709630.0622,710591.3888,712702.4948,715876.6367,719316.0521,722224.415,724889.4384,727323.5292,727108.0191,726374.0795,725812.8394,728213.4832,728829.8589,727527.6892,727201.4679,730378.5845,738566.499,753596.5088,775170.5948,800769.059,825727.8123,848335.0354,869892.1766,891618.0605,915285.6507,937193.4687,953763.615,966786.3564,980346.0466,997279.3136,1016254.867,1036572.202,1057883.389,1083017.372,1111463.958,1141456.675,1170064.457,1193201.941,1205004.136,1203968.455,1196132.05,1192651.329,1192674.488,1192798.986,1192890.2,1195122.855,1196990.007,1198110.82,1198176.621,1202845.129,1211235.209,1222647.396,1235590.866,1245572.433,1252972.925,1258307.842,1263091.885,1269400.792,1279656.214,1292891.79,1305882.654,1313854
394547,567,"Durango, CO",msa,CO,408665.4999,409930.2761,411270.3672,412456.7813,413850.3693,415334.9443,416239.0266,416655.0702,417219.6967,418317.4915,419487.2767,420511.3159,422254.9777,424079.1771,425121.61,424835.78,424453.0103,425055.0745,426180.4259,426778.215,427594.2112,428269.9974,429705.1632,431176.8418,433088.5599,434435.9977,434633.7845,433844.6628,433755.9904,435665.5475,440241.3259,446081.4953,452548.5736,458544.1121,463424.8302,468275.3283,473460.2334,481049.8032,490633.4752,500843.7377,510371.821,517920.8442,524830.9119,532762.6401,541768.6476,552173.0215,563447.2484,575734.715,589200.5327,602609.2216,615938.5873,627196.5892,632981.4738,632363.8617,628869.3603,627203.3247,627091.0693,626889.7835,624703.4791,622977.2235,621260.1536,621878.4371,624507.8955,628969.048,634057.3887,639453.6633,645696.1926,651182.2763,654831.6776,655731.8865,655507.3463,654888.0186,654952.1222,655883.3393,657791.5539,659587.9447
394750,568,"Kinston, NC",msa,NC,79105.49207,79527.15939,80143.89537,80284.39269,80102.36264,79786.23022,79822.34889,80039.87907,80506.77738,81016.75417,81730.25988,82125.77155,82426.65277,82485.67554,82715.10206,82992.26556,83405.37315,83870.936,84133.4826,84518.38387,84775.74675,85259.30403,85505.31498,85914.03007,86244.71395,86804.97725,87253.53058,87425.61928,87600.12396,88294.67733,89827.2791,91819.21735,93852.74183,95759.7595,97349.87415,98855.97015,100856.1999,103094.6213,105378.4936,107544.2299,108897.1846,109292.2528,108762.4895,108776.683,110014.5361,111323.1976,113575.7511,116315.2776,120001.9773,123356.3644,126189.2558,129004.7875,131639.6515,133698.6686,135224.7504,136381.5566,137395.7226,137602.5905,137910.7034,138151.3127,139373.6401,140357.697,141345.1522,141568.4345,141472.519,141135.9944,141178.0896,140903.0654,141299.5628,141198.0105,140884.0649,140248.5239,140477.322,141962.9449,143881.2229,145953.1157
753920,569,"Sonora, CA",msa,CA,307071.7976,308342.4755,309830.4964,310631.273,311733.0104,313166.5803,314855.6385,316077.8145,316407.1318,316318.0911,316564.3823,317403.0256,318749.8601,319505.8941,320099.7712,320198.5176,320147.9286,320183.6418,320935.7717,321567.34,321664.6061,320634.8623,319598.1639,318250.5408,317040.6465,316052.4013,314779.735,314002.702,313670.8789,315637.7716,319379.2259,324667.8409,329882.4678,334877.9513,339164.9613,343565.7589,348291.7603,354491.9264,362429.4518,370642.4671,378419.4603,384396.3906,388890.7522,392238.4293,395747.8854,399160.9352,403253.8584,406956.0552,412696.2147,418808.9253,424899.1901,428567.4176,429167.1657,426831.727,422992.7664,419783.0313,416723.1911,412653.2135,408482.8301,405620.3042,405257.4797,405618.9419,406057.2076,405987.9842,405708.5043,405370.1568,405351.9999,404836.4246,403044.081,400563.8371,398582.4965,398976.7446,400414.9964,401861.0641,402637.7155,402391.9676
395157,570,"Tiffin, OH",msa,OH,105755.5784,106108.7803,106468.6497,106703.8898,107024.4782,107444.2006,108170.0462,108597.6068,109050.0772,109323.7976,109640.5706,109979.9746,110209.0028,110356.6772,110215.9515,110117.3884,110346.7518,110539.7495,110632.7616,110731.1309,111219.9892,111909.2454,112573.8806,113258.521,113925.2246,114572.4761,114914.0441,115172.8214,115693.0906,116887.8254,118925.455,121540.3473,124675.1078,127485.5131,129702.5741,131402.5023,132901.0076,134310.2384,135894.7383,138153.5817,140011.182,140845.9141,140290.7893,140132.5102,140556.5316,141364.2071,142999.7987,145269.4629,148093.8792,150078.4278,151083.009,152111.87,152635.6708,152939.7148,152353.965,152034.5901,151437.9594,150462.1529,148849.0341,147456.814,147155.0681,148006.7119,149712.6234,151388.0866,152730.1005,153624.5437,154257.7212,154897.4608,155890.4957,156596.0225,157170.1095,157908.2869,159576.5978,161666.2166,163311.7152,163819.1469
394366,571,"Batesville, AR",msa,AR,114248.0778,114759.6496,115325.7034,115423.7668,115673.4158,115569.9406,115672.2219,115420.2236,115478.333,115515.924,115790.2019,116241.7273,117012.26,117627.3139,117884.0375,118012.8746,118292.215,118846.5681,119563.7308,120450.1984,121217.6733,121651.3986,121635.6662,121849.1169,122423.7055,123482.6025,124571.5257,125381.7766,126208.4986,127202.7987,128596.2754,129902.3775,130747.7519,130854.533,130486.8834,130438.3619,130983.3906,132018.6084,133389.6675,134996.3854,136600.4853,138473.2894,140099.8785,142017.1497,143943.7587,146247.0587,148167.7544,148941.6578,148968.994,149122.1239,150014.3804,151579.4631,152676.6457,152962.95,151755.1891,150252.4502,148786.672,147730.6253,146973.627,146474.4668,146590.2637,147507.3939,148990.5559,149859.8526,149820.7865,148899.1162,148401.9842,147989.2352,147583.3346,146778.8764,145156.3676,143833.4403,143851.2465,145341.2382,147321.037,148868.1043
394989,572,"Point Pleasant, WV",msa,OH,98203.02406,98860.58293,99524.9761,99669.10161,99698.30126,99798.09232,100332.1307,100773.8312,101272.5665,101563.6923,101800.3498,101950.8031,102175.6743,102374.7908,102355.1469,102579.463,103139.3377,103768.8481,104207.6263,104521.0121,105125.8237,105852.3902,106234.8324,106599.5825,107039.0358,107670.201,108247.7777,108672.4415,109538.532,110969.9628,113052.7035,115394.2718,117849.8403,119763.4675,121276.5448,122489.3247,124042.7997,125336.3596,126565.4642,127631.4211,127898.1834,127305.8944,126185.6901,126273.3276,127293.0293,128607.1836,130854.5874,133314.1625,136010.8512,138018.1297,139677.7466,141215.5513,141831.71,141728.8313,141318.1072,141352.3001,141231.3426,140974.1433,139797.3358,138583.4404,137907.493,138107.9427,139176.6928,140359.0228,141590.7655,142327.614,142511.3754,142470.4253,142589.8146,142832.452,142779.816,143228.2958,144567.0446,146736.7121,148914.2539,150568.9544
394566,573,"Elko, NV",msa,NV,247226.6946,248118.0354,249471.1279,250246.8465,251185.4062,251760.0716,252332.259,252889.4986,253677.173,254830.6885,255836.6203,257258.1279,258198.9691,259521.0713,260217.6474,261279.732,262307.3345,263395.683,264129.1647,264709.8544,265480.9226,266493.581,267622.8732,268948.0544,270394.8329,271422.435,271648.6531,271820.868,272812.4027,275118.4916,278295.3309,280511.3576,282084.7356,283098.8939,284801.4701,287221.3318,290257.71,293822.2253,297428.7074,300775.4867,303736.6681,306245.5842,308273.8251,310515.7549,313170.5069,316390.9304,319541.2608,322602.7304,325089.9472,327838.2305,330500.2099,333273.9922,334260.2657,333863.991,332683.4885,332893.8317,332909.9295,332759.6623,331334.4899,330192.5213,329239.8095,329468.2192,330430.0426,332068.4275,333444.0487,335100.9395,337086.814,339283.6395,341171.2364,342187.883,342450.8312,342289.9612,342068.6781,342411.051,343419.5549,344984.2846
394517,574,"Danville, KY",msa,KY,119881.2514,120585.1123,121274.1982,121857.6138,122831.4534,123819.8025,124852.5675,125271.9855,125800.8792,126569.6416,127486.0142,128285.3467,129011.7576,129688.7014,130137.8819,130407.7973,130514.7722,130741.1829,130652.8138,130927.837,131322.068,132080.3966,132805.8499,133638.2799,134587.36,135612.0359,136633.0287,137361.6721,138244.712,139449.2501,141453.6844,143913.2863,146641.1639,149336.4472,151681.8162,154009.4829,156031.0789,157835.9433,159473.0026,161463.8297,163357.6263,164713.7964,165293.6647,166115.809,167353.7965,168733.9109,170746.377,173464.0545,176632.0451,179560.7241,182046.783,184690.719,186619.9068,187403.9094,187431.9753,187863.2866,188814.4336,189895.747,190418.2048,190776.8605,191112.4742,191808.7416,192761.2554,193472.0478,194127.903,194724.7157,195966.2604,196986.4338,197653.4821,198090.8501,198116.311,198670.8508,199782.243,202011.8673,203918.3528,204929.1958
394632,575,"Glasgow, KY",msa,KY,110955.2639,112202.2917,113378.7012,114179.4354,115111.3594,115974.1019,117016.2543,117281.41,117658.4342,117869.6278,117644.1911,117213.8768,116917.285,117301.2697,117712.2336,118024.2467,118536.3831,119146.1974,119933.6832,121149.311,122955.7869,124670.9049,125873.8153,126488.2203,127381.6771,128542.759,129940.313,130903.6645,132194.332,133897.2151,136674.6722,139554.4233,142246.1466,144098.6003,145349.1971,146746.9614,148184.9966,149560.649,150421.9668,151820.5916,153344.7441,154648.9688,155079.4192,155790.2941,157092.8895,159009.0482,161841.6442,165172.7937,168175.8389,170155.9913,171164.586,172320.3167,173323.7295,173742.8368,173131.2108,172269.0358,172088.7651,172680.6033,173386.5314,174396.3731,175764.0442,177556.1893,179195.6785,180220.0463,180187.212,179459.1136,178752.6148,178538.1239,178811.8958,179479.6954,179974.0452,181008.8413,182748.3577,185486.3568,187610.5701,188575.757
395122,576,"St. Marys, GA",msa,GA,166619.5697,167009.1802,167271.0734,167315.0881,167762.8004,168563.8465,169772.5205,170632.4003,171486.5451,172390.9654,173249.3472,174040.4317,174524.9644,174905.8936,174981.672,175038.3801,175354.9259,175830.0728,176288.5901,177037.3892,178183.054,179595.3496,181058.9723,182319.9558,183538.6491,184404.7741,184782.2424,185062.3846,185773.1379,187585.7791,190281.1688,193592.0648,197193.7109,200699.8309,203915.3229,206820.6251,209555.0343,212201.9925,215089.335,218295.1933,221525.6183,224286.6636,226754.447,229381.9913,232385.129,235438.0997,239177.069,243360.8276,247897.9968,252501.1097,256730.0658,260885.3642,263711.8391,265512.8572,266316.3166,267137.5017,267798.0991,268444.4529,269285.0824,270660.8966,272513.6319,274703.1161,277379.3695,280209.558,282596.5679,284508.353,285999.8183,287280.6395,288324.6766,288933.0734,289235.6994,289688.3083,290747.0427,292177.8488,293623.9886,294584.4612
394402,577,"Boone, NC",msa,NC,269066.4027,269598.9752,270430.8459,271131.2413,272360.5884,273443.542,274453.1237,275283.5435,276367.9985,277499.2462,278531.1399,279543.9302,281114.3508,282783.7852,284210.2277,285474.1496,286834.208,288129.831,289223.0885,290601.4254,292487.8646,294744.7854,296775.803,298595.0991,300090.9277,301628.5538,302776.3024,304028.5418,305172.7671,307436.0962,311598.0733,,,334174.2643,342134.7336,349432.4456,356389.2807,364084.6262,373130.657,382863.1839,391205.8894,396446.7667,399378.0619,402253.0907,406730.0603,411630.4934,419019.2698,428492.6952,441277.8927,455003.2786,467463.6967,476648.5239,480495.8859,480381.3665,477251.0534,474556.5076,471425.6094,468558.0622,465362.4232,464416.0596,466291.4684,469761.7595,473722.4048,478283.7752,482637.3873,485950.3436,488304.0273,490205.6273,492299.4423,493498.2077,493432.9797,493543.765,495677.0993,499968.0083,504803.9209,507710.8085
395204,578,"Warrensburg, MO",msa,MO,176487.3912,177023.032,177329.8881,177124.9141,177077.1771,177107.0819,177584.2276,178191.9773,179067.7762,179756.1219,180765.0562,182084.8483,183724.344,185175.8869,186162.9771,187106.9292,187842.3151,188579.5015,189135.2671,190465.5762,192342.2451,194450.3567,195774.435,196696.1034,197803.5912,199187.8814,200500.7345,201576.3908,203222.143,205515.1105,208558.9956,211749.7159,215125.3174,218002.7412,220138.3267,221897.5816,223939.2013,226582.6013,229663.1024,233237.946,236885.2518,239966.5496,241879.6184,243553.6228,245518.1005,247847.0784,250336.2456,252798.8622,255636.7365,258452.5692,260885.2388,263075.5955,263752.498,263524.3374,261771.3854,260418.9193,259016.641,258323.345,257546.6866,257204.8607,257663.9369,259862.3164,262780.5996,265778.2678,267350.2323,268140.0684,267922.2381,267229.7063,266402.812,265797.1956,266141.0269,267106.9841,268737.9088,270381.3137,271589.4744,271932.5506
394634,579,"Gloversville, NY",msa,NY,130639.2758,130565.4015,130444.8409,130695.0782,131518.465,132293.5078,133166.5996,133488.4852,133738.2378,133607.9312,133612.989,133957.8247,134489.6713,134906.2243,135036.3554,135167.4139,135471.5767,135720.5906,136112.6793,136837.973,137971.4233,139161.5829,140368.4884,141451.9457,142360.7603,143165.1275,143746.5737,144009.5387,144216.092,144919.6822,146823.7684,149716.9857,153642.9664,157396.4433,160423.6385,162884.1861,165126.8689,167441.1853,170007.2254,172795.5378,175211.4959,176514.2944,176557.5992,176571.2467,176976.1713,177344.048,178626.0342,180571.7224,183102.4969,185468.5372,187642.3307,190763.3953,192907.6474,193807.8683,193296.141,193371.7556,193590.1755,193713.6416,192901.5,192143.267,191480.2629,191080.836,191054.287,191883.3583,193267.2641,194553.3183,195621.071,197014.3033,198525.3918,199712.4762,200116.4488,200494.4912,201527.47,203566.7242,205917.8837,208464.6001
394604,580,"Fort Leonard Wood, MO",msa,MO,135567.3094,136430.2551,137599.9138,137819.1867,137432.1748,137425.8145,138290.7469,139363.6178,140248.5243,140269.0257,139575.9589,138446.3328,137682.3636,137837.6159,138153.8269,138589.0572,138745.7242,138876.4899,138645.2031,138437.3528,138554.1182,139157.9547,140040.9679,141072.7369,141598.7648,141800.2066,141723.2019,141979.521,143047.9709,144489.787,146494.7832,147984.0966,149619.3729,150880.8108,152225.518,154202.5167,156787.4322,159686.8941,162056.9645,163948.8905,165877.2198,168021.5872,170283.051,172785.0816,174938.5283,176922.0402,178143.3966,179333.7413,181042.4868,183105.603,184711.9247,185848.9376,186534.1679,187023.8997,187576.3946,188279.7401,189422.5771,190506.5244,191300.0107,192086.1037,193117.8328,194921.6346,196514.9117,197729.5615,198852.4267,200339.1451,202205.1652,203781.5372,205064.8429,205685.4496,206488.7476,207572.9257,209344.3507,210567.3812,210961.9306,210881.0841
394993,581,"Poplar Bluff, MO",msa,MO,119408.3626,119794.2225,120133.3774,120014.1957,119924.5479,119783.9988,119985.9956,120343.0636,121091.9493,121611.6947,121727.9473,121772.8751,122144.0707,122702.7973,122876.4853,122951.7168,122877.8498,122880.7221,122542.7471,122719.8002,122898.2106,123418.6969,123277.9524,123124.1393,123048.0087,123343.5478,123573.7184,123500.8701,123854.8198,125198.083,127349.3719,129033.4232,130092.5847,130521.6403,130808.4872,131249.7618,132280.1569,134021.7719,135803.2279,137373.3478,138608.6435,139388.3702,139820.8398,140491.1361,141856.3674,143277.3162,144979.5954,146335.6769,147432.904,147949.3114,148450.4339,149689.5205,150972.7873,152004.612,152558.0479,153061.697,153747.9198,154273.3594,154884.5642,154922.2117,155191.4525,155638.4243,156430.965,157077.8282,157735.5174,158504.9045,159273.3098,159412.4961,159034.7634,158533.0604,158045.0301,158305.4766,159059.1986,160109.4454,160092.0994,159742.4084
394562,582,"Elizabeth City, NC",msa,NC,157433.9932,158586.415,159248.8161,159493.2239,159819.1491,160023.4858,160097.3048,159930.2525,160392.605,161599.0084,162791.1752,163280.5359,162883.106,162218.5939,161599.8409,161132.4594,160853.5864,160673.9473,160315.4944,160486.2213,161109.0265,162171.7954,162788.7852,163464.1979,164273.566,165192.6432,165723.4981,166236.2762,167177.4717,168959.8225,171658.3164,174887.0006,178263.7952,181475.1566,184376.6548,187092.8034,189411.9629,191582.1847,194127.6609,196902.5812,199475.6569,200947.0297,201629.0379,202442.4076,203382.4971,204387.2462,206555.6686,209714.0768,214108.0251,218182.2326,222040.254,225245.584,227405.2964,228616.8213,229059.9915,229476.4115,229573.682,229360.0023,228359.1921,227875.096,228327.2546,229909.5181,232159.0704,233895.1227,235595.4782,236794.4232,238678.5032,240219.3766,241795.8818,242640.4024,242666.0131,242577.0974,243628.291,245768.6777,248069.8026,249659.6626
394967,583,"Payson, AZ",msa,AZ,213927.8195,215111.7512,215855.8124,216805.5852,218249.1098,220068.0556,221657.2382,222712.6817,223297.8308,223894.5812,225574.544,228034.4282,230859.878,233327.1236,235471.3907,237366.4136,238834.6686,240145.1872,241239.9025,242549.6058,243698.7042,245087.4781,246096.6133,246897.0201,247698.3941,249143.0516,250487.787,251680.4308,253033.5567,255534.8362,259461.2153,263874.8134,268377.2436,272740.6814,277716.329,283693.9099,290262.4485,297236.9266,304309.6469,311714.034,318588.3264,324119.6562,328800.2739,333086.0491,338318.536,343111.4112,347908.5494,353326.5943,360187.2918,368145.449,375299.4453,381302.1477,384576.0304,384719.1108,381543.5932,377452.3164,372791.7252,368862.1819,365309.1986,362775.3928,361386.704,361528.4593,362647.0921,363826.8405,364905.3165,366893.134,369411.4742,371538.1749,372926.9494,373807.2343,376173.1241,379571.9622,383262.958,385651.0669,386779.9213,387268.9723
394344,584,"Athens, TN",msa,TN,137350.7426,137934.1654,138811.0929,139519.608,140252.5419,140906.8589,141662.6127,142131.4982,142673.2356,143445.9618,145595.0603,148769.9978,152268.3824,154818.7705,156475.1144,157865.2359,158952.2311,160007.0459,160827.9727,162081.741,163616.8855,165040.595,166138.8057,167125.7967,168450.0812,169861.0337,170794.5957,171439.9726,171387.4869,171582.5345,172204.7313,173582.7179,175107.8712,176475.5876,178276.1642,180355.8676,182334.8483,184324.9698,186924.9928,190952.3268,195439.2801,199352.8245,201692.4237,203365.6617,205484.9923,207592.2965,210566.1834,213557.6339,216489.8165,219366.2705,221885.6705,225255.2287,227348.1237,228493.4536,228187.2655,227861.1558,227382.349,226575.4006,225645.163,225446.4046,226067.923,227809.5303,229339.1033,230983.0085,232333.1234,234283.8547,236503.7746,238170.6471,239174.8378,239605.4252,239116.9822,238886.3066,239547.2293,241731.4004,244672.165,247484.0171
394571,585,"Enterprise, AL",msa,AL,137571.0347,137606.4596,137714.2951,137402.8082,137586.1871,137746.2697,138136.9749,138093.9824,138305.4459,138482.2158,138791.0713,139186.0692,139784.5867,140269.5485,140289.487,140168.9993,140280.9231,140723.7571,141259.6469,142189.3175,143208.3364,144224.8627,145181.4645,145824.7673,146548.6245,147022.8394,147662.9973,148322.3542,149021.7021,150079.2671,151754.4407,153389.2489,154813.9661,155384.5165,155823.5479,156357.829,157484.3022,159205.2794,161458.3251,163823.4949,165977.6389,167810.5561,168999.6695,169965.9437,171016.7082,172369.3404,173887.3468,175045.136,176039.5465,177388.2101,179057.9874,181088.9187,182587.8058,183553.9629,183725.5955,183625.196,183445.1363,183705.8894,183873.4637,184274.9386,185262.6909,187168.3912,189629.1018,191246.0975,191845.5855,191550.7768,191514.9297,192044.5963,192869.3598,193524.6771,193577.3969,193929.8416,194702.1628,196129.8804,197363.5929,198109.2707
394339,586,"Ashland, OH",msa,OH,135006.9551,136257.2345,137329.7311,137767.7517,137985.2061,138161.3816,138765.4094,139407.324,140251.2939,140975.5362,141558.0655,142130.6273,142548.853,142949.0193,143331.2027,143936.6855,144590.4067,144987.5833,145111.9283,145498.327,146304.1302,147241.5905,148045.1614,148853.2547,149867.0748,151143.4724,152270.813,153146.2866,154158.4763,155943.3053,158449.0232,161621.5269,165023.5532,168342.2344,170789.5913,172721.4003,174586.5456,177021.2368,179686.8576,182373.4749,184162.8373,185061.0929,185241.4115,185623.4182,186458.7957,187343.2531,188826.0252,190967.1107,193785.1968,197086.8437,199533.8699,202086.6797,203494.4735,204585.9475,204907.3812,205282.5577,205660.6524,205771.9615,205349.4067,204770.5686,204588.9231,205318.8461,206620.4483,208408.2372,210167.6857,212027.1573,213564.8423,214744.7422,215681.8473,216373.886,216740.1019,217717.1948,219549.2733,222210.3152,224296.8088,225502.5172
395073,587,"Scottsboro, AL",msa,AL,121392.925,121321.6255,121065.0782,120771.8055,121010.5815,121348.7938,121345.9697,120669.9351,119836.474,119215.9355,119265.3221,120054.1922,121376.1994,122453.3835,123020.1479,123068.4337,122962.6027,122828.908,122551.2604,122581.9256,123079.2445,124264.8228,125583.6717,126770.0673,128029.033,129376.9211,130663.4223,131667.0006,132793.3411,134177.3697,136300.8548,138562.6482,140819.7405,142350.885,143674.7977,144512.8435,145530.321,146456.5326,147722.0027,149534.049,151645.2159,153573.7335,154893.6429,156150.4255,158169.3473,160039.291,162189.7501,164247.0974,166888.7223,169587.801,172207.1863,174812.3483,176970.1472,178723.3757,179088.2145,178618.7014,177121.9103,176112.2843,174897.5493,174288.458,174357.9537,175856.1297,178364.4624,180810.978,182583.4675,182989.5848,182793.8163,182395.371,182497.4358,182469.6892,181792.2073,181126.1319,181556.1467,183381.3955,185508.926,186698.4991
394861,588,"Milledgeville, GA",msa,GA,114121.9447,115165.1903,115959.4621,116204.2288,116587.2904,117094.9541,117746.9365,118229.3751,118795.7726,119567.3551,120450.2339,121570.9548,122572.781,123060.0328,123137.9883,123082.9206,123155.2661,123287.0111,123381.2408,124281.2677,125446.8325,126937.0005,128171.8339,129408.9364,130786.28,131799.1685,132670.7865,132883.3447,133395.2036,134796.5873,137426.0712,140386.5333,143084.2328,145460.9425,147776.263,150098.7505,152223.2977,154068.8053,155987.2543,157794.4001,159497.8111,160841.2815,162252.165,164299.7778,166791.8921,169095.5407,171420.9956,173481.335,175015.4459,176008.4691,176651.0865,178394.9134,179626.6856,180543.5926,180714.4072,180985.0088,180801.283,180082.5657,178989.0315,178026.2131,177166.2915,177518.7085,178575.7302,179879.4887,180475.5233,180641.5652,180964.9074,181429.0748,182312.6162,182950.782,182857.8801,182679.8343,183658.9058,185715.6928,187839.5586,189003.3497
394742,589,"Kerrville, TX",msa,TX,238316.8965,240500.0928,242493.2849,244034.9832,245520.0888,246646.4385,247600.4424,248344.2706,249208.3495,250011.4365,250711.1486,251683.4686,252804.0222,253797.7406,254712.0856,255544.825,256441.8535,257445.7806,258761.4209,260525.0761,262319.6555,263733.9711,265205.6208,266750.2993,268671.4806,269990.72,270501.1053,270670.3737,271634.1335,273782.9025,277240.3499,280855.5946,284428.1205,287371.0538,290192.315,293835.8282,297795.2177,303173.7985,309897.0824,317121.7459,323735.9113,328968.1419,333823.6064,338594.1959,343502.9772,348231.6396,352904.3053,357047.9327,362109.5061,367863.4199,374118.3068,379347.078,382537.2373,383066.1909,381591.0088,379279.2829,377365.2147,375269.6365,372792.8751,370054.1913,368955.2573,369584.2481,371069.1765,373022.1976,374421.3123,375189.7638,374636.706,373381.6065,372475.6504,371087.3552,370137.374,370015.1841,371188.3387,372899.6405,373450.4482,372887.0627
394363,590,"Bartlesville, OK",msa,OK,114631.5048,114781.699,114435.0458,113611.742,113081.5692,112738.5049,112656.9327,112304.2722,112405.6908,112852.1869,113865.2329,115383.3159,117078.7336,118429.074,118945.4024,119160.7175,119221.182,119092.2015,118688.0333,118382.3733,118797.039,119666.0803,120608.0636,121335.1409,121705.3731,121949.0406,121741.9344,121581.9257,121610.8684,122176.766,123230.7008,124583.4263,126457.3415,128315.6826,130209.0319,131815.117,133438.8001,134767.1452,136140.6279,138015.8636,140599.2985,143260.2816,145506.5743,147554.8036,149635.8592,151611.4157,153463.2244,154699.3983,155544.8516,156261.7086,157416.0692,159037.9244,160397.0225,161113.8398,161479.2962,162036.2119,162930.7257,163864.787,164391.1622,164622.6743,164754.6361,164649.6001,164890.4369,165166.5935,165842.5979,166220.215,166243.7107,166382.4339,166779.3794,167298.8343,167530.7465,167826.2346,168695.5966,169740.225,170725.1071,171362.2371
394985,591,"Platteville, WI",msa,WI,139337.8264,140053.7544,140527.1408,140550.312,141337.4233,142063.633,142908.9981,143083.3568,143547.5226,144127.9533,144922.1541,146062.405,147540.3641,148816.1381,149662.59,150133.6911,150761.1882,151383.4497,152071.0306,152649.149,153132.4217,153417.3515,153816.1818,154188.48,154479.7272,154631.603,154926.972,155379.8758,156073.0212,157179.9939,159149.6218,161064.8263,162774.5635,164167.7577,165661.0372,167188.6135,168625.8546,170591.0899,173208.7895,176318.92,178820.3573,180284.2221,180802.7642,180901.6372,181500.2889,182663.8277,184709.1328,186707.6808,188016.5996,189886.1734,191604.7769,193652.6759,194164.1404,194435.2596,194223.135,194524.796,195055.3709,196040.963,197968.6007,198988.2665,200546.7908,202084.2207,204346.3211,204888.5156,204386.9558,204352.4647,205101.5673,204990.8263,204259.3731,202884.3162,202489.0353,203224.5553,205359.0996,207914.7911,208499.7275,208874.1634
394503,592,"Corsicana, TX",msa,TX,125633.7724,127188.3003,129123.6333,130345.3004,131545.8896,132366.7522,133121.3619,133436.4418,134364.2965,135239.8664,135935.3854,136212.2038,136615.7822,136946.9576,137178.9881,137277.4408,137858.3806,138678.2321,139923.1949,141587.189,143166.2215,144429.2469,145055.6223,145786.6022,146738.5769,147826.3247,148574.8759,148769.1129,149179.1834,150217.3674,152069.2626,154091.7654,156144.5042,158350.4457,160439.1685,163250.8232,166288.2809,169597.217,172319.3436,175486.6956,178794.1722,181769.9671,183419.6147,184824.0007,187105.8008,190022.3637,192817.5279,195336.3159,197771.4842,200420.0871,203187.5139,206566.2338,209523.5975,211024.1038,211051.9675,211046.296,211565.1419,211954.5544,211966.0932,212025.0237,212352.1195,213221.9444,213860.8528,214525.7793,214983.1698,215592.7012,216280.903,216573.0093,215778.0627,214364.2535,213099.9335,213785.751,216129.8899,219195.8777,221274.0028,222694.5331
394652,593,"Greenville, OH",msa,OH,120197.217,120352.9266,121019.962,122034.1969,123188.6423,124299.4317,125397.7816,126340.4053,127361.0683,128448.227,129513.2019,130716.015,131771.0547,132913.7297,133697.8966,134267.7492,134886.2715,135391.2296,135915.9419,136404.607,136893.8158,137290.8307,137343.6848,137783.3901,138532.1511,139555.6929,140394.4137,141320.8537,142585.9256,144171.478,145971.5818,147888.1666,150068.1406,152293.6149,154459.6716,156396.7892,158039.1165,159538.7791,161101.7285,163160.8888,165241.062,167264.9642,168526.0113,169845.0191,171029.5943,172312.5233,174064.1817,175560.7274,177194.7608,178956.0053,180467.847,182322.5498,183311.0926,184199.0846,184628.7867,185360.249,186236.4118,186679.7609,186034.0313,185450.5014,185299.3025,186303.5665,187919.2457,189784.5642,191465.5433,192740.8622,193819.5008,194729.1264,195448.2579,195805.9178,196216.5446,197171.9874,198963.8678,201158.2107,202964.2548,203973.1691
395029,594,"Rochelle, IL",msa,IL,143569.9323,144253.5637,144448.7014,143997.5558,143435.7267,143240.7704,143423.0332,143902.4683,144999.9664,146450.8596,147988.1982,149469.494,150578.8484,151005.3661,150568.1331,149376.3263,148427.0288,147840.2434,148132.4717,149000.3266,150247.1015,151493.8892,152468.9031,153377.6663,153732.6199,153746.5084,152907.297,152119.6573,151854.7974,153052.6423,155472.2582,158226.9393,161009.141,163053.964,164889.0754,166674.6339,168507.9392,169706.893,170515.9582,171681.8797,173282.7846,174604.6637,175194.2996,176488.0026,178635.2624,181394.6628,184163.498,186911.5475,189640.7637,191947.6294,193385.6685,194543.0123,194402.9973,193960.6467,193061.5246,193233.7854,193387.1631,193823.1987,194374.1287,194768.784,194983.8613,195180.8171,195738.7644,196296.1143,196126.5477,196188.9267,196502.0224,197531.005,198691.3648,200062.5242,200930.6033,202372.8286,204302.6824,206259.4089,206588.0549,205494.1859
394538,596,"Douglas, GA",msa,GA,93641.67558,93733.75294,93918.95936,93973.7944,94176.66726,94410.03826,94922.90507,94970.63437,95166.19865,95125.40253,95520.24466,95763.04672,96496.74524,97226.44363,97999.41262,98462.15748,98692.02818,99096.95017,99553.36167,100475.3533,101119.0577,102035.6163,102366.3101,102967.0328,103590.3258,104825.8733,105965.0556,106776.1803,107563.4244,109195.4586,111590.6467,113394.091,114063.0225,113841.1624,114029.0988,114602.6332,115534.7692,116963.8006,119025.0406,121948.5508,124620.9127,126849.0231,128480.3699,130457.0124,132714.0271,134877.5778,137675.677,140427.514,141887.6488,142217.6892,142463.2997,144333.4489,146460.1936,147842.2569,148016.6309,147740.5671,146911.639,145738.3545,144422.6706,143823.3008,144025.4359,145001.2754,146530.26,148325.8438,149374.485,149615.0213,149526.7424,149365.3514,149439.857,148821.6576,147527.49,146355.8173,146584.3469,147913.3701,149793.2997,151031.3441
394933,597,"Oil City, PA",msa,PA,87861.57697,87806.84832,88032.62815,88031.64498,88087.56654,88065.15894,88066.26616,88048.64138,88113.33313,88120.92362,87707.56841,87490.39794,87664.36169,88095.83074,88536.18884,88792.78219,89336.86025,89845.87062,90372.84493,91166.07377,91787.4299,92489.13117,92699.79134,93139.07081,93484.12433,94231.91382,94664.5953,94771.55971,94829.45346,95516.65829,97520.81023,100007.1222,103013.1423,105537.2783,107846.267,109614.6913,111213.3205,112643.3754,114077.0085,115990.0461,117092.4048,117589.7776,116834.193,116543.3212,116807.956,117351.0755,119018.5022,121168.416,123838.2761,125572.8307,126766.9239,128197.0435,129302.3456,129582.4234,128764.4454,128232.7493,128169.9727,127956.2513,127116.9224,126281.9109,125983.3866,126272.1532,126876.7077,127253.9601,127058.4287,126115.6304,125404.9398,124993.0482,125126.6827,125297.8512,125426.0161,125914.6324,127024.1119,128667.826,130269.3959,131687.197
394838,598,"Mason City, IA",msa,IA,128413.8079,129133.6093,129608.8201,130241.0644,131229.4346,131985.1256,132915.6091,133954.024,135159.7638,136094.46,136918.9686,137933.3841,138755.8315,139328.8785,139723.182,139980.9217,139919.1581,139426.3111,139259.3081,140126.4759,141247.5825,142279.8667,142224.7553,142340.6229,142668.3112,143480.7099,144065.6164,144235.8982,144581.7663,145405.5434,147220.6601,149341.8623,151559.6941,153239.2987,154248.6554,155153.5381,156035.9735,157409.2522,159155.1929,161203.3694,163345.9132,164993.0944,166501.5121,168328.2233,170246.3335,172204.6206,174014.7719,175926.7179,178137.7378,180689.5224,183440.6207,185957.3047,187332.4987,187584.719,187288.2126,187813.5456,188893.2257,189732.9756,188970.8221,187559.7178,186586.6348,187021.7727,188536.2752,189755.9471,190101.7588,189632.1615,189045.1815,188834.514,188702.2318,188847.5818,188805.2617,189328.888,190529.5456,192557.8586,194589.8087,196022.1517
394717,599,"Jacksonville, TX",msa,TX,124423.2287,125156.8898,126068.5961,126236.3825,126577.4802,127152.8415,128193.6058,129163.7751,130250.7349,130900.142,131097.6174,131044.1034,131443.7896,132261.0317,133473.8495,134872.7006,136105.6584,137183.0305,138247.6351,139965.266,141853.9622,143795.4458,145132.19,146280.4893,147643.2689,149183.7815,150722.1331,151700.8413,153029.4921,154868.5381,157541.8265,160165.738,162678.5935,165286.6381,168262.5109,171213.521,173961.8574,177087.4649,180612.3616,183568.5098,185355.3756,186328.7296,187554.9595,189495.157,192471.9427,195511.1378,198458.5723,200703.9394,202438.136,204852.6947,208192.2661,212762.5797,215963.0567,216909.0061,215480.538,214365.9838,213693.6096,213479.1845,213798.7291,214635.4769,216778.3553,218472.213,218747.4084,218791.4645,218697.743,219853.9094,220901.3413,221488.8252,221699.3258,221601.1671,220717.0417,220224.3799,219684.4341,220956.1629,222433.0702,224248.7601
394625,600,"Galesburg, IL",msa,IL,81891.49169,81787.46944,82057.77357,82133.15551,82521.57277,82817.87367,83278.17274,83155.99685,82521.88129,81718.0077,81964.04194,83688.83754,86050.69861,87896.25452,88941.45917,89588.72026,89836.12728,90021.29429,89651.23757,89528.64359,89552.09768,89929.06904,90152.50382,90341.02177,90562.16559,91014.17584,91183.94692,92051.0774,92793.53684,94602.89451,96391.1437,97585.48264,97556.76311,96381.01637,95421.47712,95133.26484,95465.60944,96204.48765,96597.30984,96735.85854,96987.07513,97677.45859,98419.99703,98466.23022,97942.54366,97118.46836,97336.02078,97955.27665,98246.91006,97919.41208,97513.24314,97681.60489,97502.27784,96262.53317,95120.97227,94775.11073,95196.44994,95298.2961,94199.07232,92807.79045,92065.45355,91882.06145,91887.03016,91611.06289,91891.82441,92960.00339,94181.90651,95571.51104,96774.53095,97835.74749,98595.13881,99116.88896,100197.1294,101220.9854,101807.6144,101588.2034
394954,601,"Pahrump, NV",msa,NV,178570.8866,181232.0126,183854.2877,186543.4349,190140.1055,193802.7986,197389.5168,199788.9345,201920.9352,204118.6006,206476.9125,209222.4251,211933.9386,214824.6824,217130.6332,219215.9629,221078.5892,223265.1782,224954.602,226736.8719,228817.5254,231238.8464,233885.684,236186.2919,238261.4371,239597.7675,240364.3589,241066.2734,242466.6595,244754.4638,247258.4636,249033.5528,250468.0472,252206.8471,254925.1798,258892.1731,263556.8199,268481.6412,274043.1709,280758.5453,288521.4284,296005.6868,302837.8866,309143.7877,315363.8665,321813.0047,327631.7602,332980.7864,337576.1633,342449.2831,346697.1083,350450.8944,352442.9824,352400.9083,350212.5864,347425.4816,344214.5461,340903.4824,338020.0429,335469.0851,333582.5222,331898.8621,330601.072,330281.8764,329942.0124,329982.0774,329649.1897,329758.5405,330199.9555,330422.51,330086.5398,330473.7467,331610.253,333198.564,334307.7659,334982.6615
394963,602,"Paris, TX",msa,TX,132448.5413,133349.2272,134917.2007,136147.1151,137341.795,138100.273,138783.2237,139580.1626,140497.3784,140908.1308,139547.6928,137302.4106,134965.7128,133987.3514,133929.6719,134166.869,134763.4285,135595.0116,136614.289,137772.3054,138603.8557,139408.5553,139726.9041,140625.2303,141590.2681,142784.8182,143411.0788,143880.04,145235.6627,147390.3373,150272.1077,152479.7816,154518.2585,156267.3753,158239.1414,160455.5151,162831.0574,165341.4928,168612.8002,172520.3393,177148.0285,181326.0765,184725.8511,188046.0975,191140.2485,193612.6278,195735.0845,197227.1189,198757.6652,199950.8137,202243.2206,205696.2777,208724.3838,209895.5802,209396.6125,208257.0247,206794.2135,204581.8974,202264.9356,200282.4557,199183.9721,198299.6881,197956.696,198330.8214,198775.7903,199172.5894,198623.9718,197936.296,196664.9063,195696.2497,195165.6932,195435.7665,196302.9057,197472.3367,198335.8731,198726.356
395234,603,"Winona, MN",msa,MN,177946.4355,178506.5399,178808.1096,178810.0558,179158.0289,179660.967,180096.287,180308.7907,180648.6585,181212.7681,181997.3643,182780.5667,183888.8197,184804.0086,185630.509,186309.4718,186867.5198,187240.2262,187348.4022,187875.8727,188584.8191,189496.7308,190349.2532,191385.6367,192441.1711,193254.534,193547.8076,193767.3196,194083.5543,195154.145,196951.0418,199324.019,201880.8169,204094.5439,205700.6872,207149.5555,208764.5781,210903.0837,213641.7766,216634.3274,219576.8283,221328.1378,222317.5561,223063.5512,224348.0836,225693.6878,227645.0471,230049.9792,233188.4088,236503.2731,239440.6925,241923.4283,243102.6571,243349.293,243093.8028,242782.5124,242905.9283,243142.2201,244228.7062,245446.7785,247274.5125,249051.3014,250879.5991,252497.1597,253786.7285,254733.3024,255345.0264,255948.5425,256810.5152,257440.6825,257648.531,258435.4728,259958.3392,262042.1115,263685.3027,264695.395
753905,604,"Newport, OR",msa,OR,274148.7056,276924.4598,279293.6554,280976.4262,282648.7163,284624.8183,286598.4017,287784.3767,288562.5367,289532.3963,290700.1434,292065.0086,293358.9737,294868.6085,296602.7367,298743.2253,300721.5046,302511.8205,303722.2102,304966.4035,306359.5256,307892.2842,309371.6002,310907.9785,312786.1551,315031.2652,316785.8272,317995.9525,319470.1276,322429.6049,327078.8078,333046.5762,340279.8143,348084.2181,356339.7736,364630.3869,373500.6473,382352.9516,391448.0765,399628.8143,408005.103,415062.5707,421960.5114,428141.4852,434400.1804,440527.3918,446979.8777,453900.1517,460893.326,467833.9855,474324.5586,479920.9313,482444.0412,481458.1977,478833.012,476675.2018,475843.7725,475088.2847,474194.9763,473625.2015,473985.3958,475822.5685,478460.283,481493.0779,483136.0409,484020.2363,484053.303,484209.9126,483998.0801,483421.4246,482710.147,481956.2491,482701.3782,484270.4338,486356.5847,487048.3174
394878,605,"Morgan City, LA",msa,LA,111674.6528,111296.1592,111842.498,111775.4101,111517.5143,111246.6515,111468.9078,110949.534,110989.5653,111389.7923,111083.4529,110177.978,109160.8727,109206.9744,109829.9431,111342.9855,113278.2269,115016.2933,115807.301,114794.5384,112606.9606,110259.5974,109561.739,109850.1493,110023.6987,110861.3611,111734.4262,112711.6295,113336.788,114807.1852,117355.1327,119462.0663,120609.1107,119939.1414,119540.667,119187.3528,119343.7826,119018.9266,118396.9071,118238.6011,117374.6983,116207.6412,114756.9769,114447.7878,115075.3878,115763.1818,116899.3918,117577.9486,118367.9265,118299.2321,118434.5526,118910.1899,118937.062,118468.0389,117398.1086,117276.0659,117233.0522,117154.2201,117713.8608,117928.2264,118918.1477,119221.4496,120442.7012,121066.891,120994.4159,119682.1624,117617.1501,115965.2935,115668.1971,116520.1085,117710.345,118556.0145,118820.3122,118703.0733,117923.7011,116575.7751
395091,606,"Shelbyville, TN",msa,TN,169476.6231,170459.6775,171902.329,173277.3317,175079.4307,176729.6549,178402.2915,179576.7229,180843.8365,182293.2473,184648.3882,187554.1361,190720.5918,193293.3459,194960.2545,196292.1929,197549.914,199011.4225,199964.9322,200905.3268,201954.7756,203433.18,204925.0654,206440.5545,207944.0148,209667.2126,211123.0302,211644.7148,211537.0205,211393.8021,212314.6809,214136.0761,216591.648,219687.439,222628.7365,225984.1601,228773.6222,232080.8529,236090.0965,241807.876,247790.442,252356.4227,255376.0059,258414.2525,262206.9188,266675.7367,271967.7832,278808.3102,285263.0877,291418.4955,296381.6452,301283.7919,304513.0072,305487.3669,304564.4665,302383.412,299760.8438,297526.905,295851.6195,295491.7307,296148.7748,297947.7839,299783.6063,301942.9591,303938.0167,305835.006,307504.8644,308853.9993,310394.4307,311368.5109,312174.1885,313282.4917,315052.2167,317265.4725,319070.9035,320047.9911
394326,607,"Amsterdam, NY",msa,NY,117742.2594,117955.0225,118194.3846,118413.0528,119212.7826,120139.9689,121198.8234,121394.766,121432.2981,121294.721,121646.7721,122264.4354,123137.5359,123599.9122,123779.5139,124029.0441,124675.4393,125509.1021,126071.3716,126926.7947,127963.3544,129176.6517,129871.4928,130609.3597,131368.7244,132294.6735,132744.4079,132944.2704,133353.0086,134268.2248,136173.2476,138787.6847,142193.2141,145434.1209,148360.9512,150985.5499,153448.0203,155564.8379,157351.0524,159283.7325,161049.1318,162149.258,162132.3482,162033.1054,162378.6687,162824.0231,164106.1172,166007.0322,168760.7917,171733.5939,174950.2563,178493.3417,181138.5189,182149.7703,182051.059,181575.3138,181228.5424,180781.4092,180158.086,179743.6515,179274.5307,179156.3875,179246.8089,180362.711,182152.6508,183955.3356,185324.6543,186683.8927,188390.0991,189875.102,190501.4052,190977.6877,191856.5279,193536.1147,195435.083,197319.6017
753911,608,"Ozark, AL",msa,AL,105037.7383,105629.4293,106331.6446,106688.9351,107197.7827,107343.7986,107349.4247,106960.0232,106719.0939,106513.6941,106768.3638,107438.3599,108902.5572,110356.6073,111288.0313,111756.118,111994.0312,112381.7736,112524.4183,112570.2768,112798.786,113462.6022,113841.4885,114129.4699,114604.8606,115898.0903,117192.8392,118487.6386,119779.2187,121438.1345,122908.0122,123939.3649,124403.1903,124265.1078,124229.9289,124692.6705,126055.4218,127727.4732,129472.4604,131112.793,132004.4514,131862.8488,131053.8609,131181.3606,132432.7117,133915.5479,135651.2084,137385.3316,139088.6575,140301.887,141258.5383,142755.5298,144126.8843,144976.6664,144867.1289,144398.0292,144213.5515,144810.7959,145741.2736,147060.1799,148373.9468,149875.1948,151184.108,152355.2154,153215.7324,153585.6599,153582.7022,153543.7148,153799.8172,154255.9281,154510.1926,154910.2667,155828.7126,157226.5869,158660.8162,159398.4326
394316,609,"Alice, TX",msa,TX,120292.1968,120147.1761,120350.9443,119606.5084,119449.6717,118890.9124,119268.2899,120328.4543,122266.3453,123795.0369,123991.0523,123930.4694,124284.5714,125143.8925,125852.4161,126255.1289,126375.5479,126083.2481,125600.5286,125938.8462,127189.6996,128592.4239,128457.4901,127300.1909,126444.0487,127011.243,128013.1839,128248.8521,128616.3643,129424.2052,131593.2467,133440.1288,134672.3922,134883.8142,134958.77,134958.9769,135010.4816,134592.8185,133553.8426,131248.7145,127933.5631,125102.3074,123638.7764,124277.1206,125755.0156,126994.8538,126869.7444,125622.3702,123916.8902,123042.0203,123417.7294,124750.065,126188.675,126357.3431,125242.5473,123674.5265,122307.0536,121407.1933,120270.233,119082.4381,118971.3276,119175.3601,118922.0049,118417.5345,118431.2797,119109.3285,118290.4141,116469.4994,115033.4854,113588.4225,112120.8391,110141.3132,109615.268,110894.0831,113175.8507,114580.1813
394628,610,"Gardnerville Ranchos, NV",msa,NV,428084.9969,431900.9066,436334.0947,440484.0931,444546.527,447841.9276,450437.4826,452623.0759,454849.4799,458001.1899,461781.8018,465559.9708,469391.7879,472876.1709,475605.9926,478086.4897,480464.1712,483360.0719,485646.269,487936.0028,490791.7423,493817.8665,496194.6585,498823.1188,503793.503,510174.7047,514718.4501,515782.6216,514863.665,515326.4676,519109.1534,526733.3112,537158.4707,549077.7486,561984.4901,576189.8824,589228.3737,602698.5896,616897.1454,631663.3593,644614.3948,653479.8268,660281.8717,664900.4178,669165.3098,674451.2776,683336.9803,695988.3701,709699.7834,721472.1432,729721.5471,733795.6139,731404.0466,723953.3568,711675.9938,701813.5932,691620.3936,683808.2115,674506.9359,667360.2282,661488.3164,658589.8886,656853.6715,658239.9929,660975.3835,664372.7459,666505.6441,668341.5614,669566.4114,669659.9882,667948.6997,667095.2042,668313.5292,670189.4331,670826.0648,669841.899
394608,611,"Fort Polk South, LA",msa,LA,133408.8458,132527.1484,131996.4062,131354.5604,131223.5957,131462.5405,131611.5278,130878.8419,130388.7241,130615.9067,131257.5505,132388.7483,134124.5812,135950.6961,137111.5196,137954.0948,139490.8332,141072.978,142138.0964,142967.556,144769.3957,147330.4118,148994.6771,148520.0275,146601.8417,146116.2384,146419.8493,147666.7179,148909.5552,152167.1338,156793.9354,159602.3621,159825.8836,157213.0383,155443.1518,154759.0916,153635.8888,151933.8504,149685.6673,148763.559,148337.5242,148121.2339,148463.828,149481.7655,151216.7739,152985.5734,155286.3508,156660.1065,158096.3138,159063.8623,160617.245,162057.264,162116.0821,160635.8866,158065.7329,156334.9655,155839.6088,156216.4261,157160.6905,157578.321,158471.1739,158781.3961,159217.0092,158402.0417,157258.1987,155723.6362,154553.1001,154000.7735,153736.4506,153885.3558,153438.931,153739.514,153876.6632,154697.6243,155338.8672,155708.5178
394437,612,"Ca-¦on City, CO",msa,CO,202718.7403,204876.8447,206518.1111,207734.2174,208912.3829,210110.9917,211595.4127,213042.3661,214293.1285,214891.7321,216057.4108,218149.6684,221302.0747,223709.067,224929.1094,225468.7354,226011.9653,227063.2486,228289.2006,229723.216,231427.574,233032.8415,235136.3141,237679.6252,240704.5234,243278.5654,244533.948,245149.0339,245952.2604,247779.3896,250768.8874,254145.8796,257997.6647,261249.1529,264753.5591,268535.2827,273595.0035,279277.1924,285281.8841,291194.9555,295968.2977,299895.031,302768.9368,305891.8983,309535.3222,313342.4372,318082.9005,323697.2713,329987.1349,335669.7691,339756.0128,342562.2461,343368.4671,342206.364,339600.9622,337086.4106,334702.4068,332038.5717,329957.267,329089.0448,330745.2387,333379.7212,336316.7527,338822.1956,340305.204,340975.6939,340405.9961,339114.3061,337850.7187,336749.3119,336487.5835,337066.3696,338639.4488,340906.6404,343063.9753,344583.8605
394903,613,"Natchez, MS",msa,LA,104148.8426,104690.5701,104744.9183,104210.7276,103661.5683,103163.0223,103022.6572,102809.697,103373.8492,103830.0519,104481.5643,105171.9608,106247.7143,107423.5758,108739.9045,109827.2317,110415.1832,110278.1982,110100.3176,110114.0712,110441.9693,110889.1891,110881.775,110430.4527,109646.7761,109460.9727,109323.6889,109140.5117,109298.1411,110351.3577,112689.6693,114597.0797,115320.0137,114362.6139,113558.481,113768.2514,114432.5858,115552.8315,117306.2028,120441.4064,123968.94,127008.4483,128706.1907,130237.114,132436.5783,135093.9987,137371.4836,139091.4952,140414.9462,141023.9161,141379.9285,142587.5148,144108.7048,144494.6205,143436.1656,140708.477,136929.5879,132403.3775,128943.9801,126361.9231,124467.9621,123364.1371,123832.0732,124667.2994,124389.8708,122161.2098,119388.5259,117359.4095,115775.5962,114900.3314,113666.4557,112967.052,112545.2326,113067.4343,113568.1268,113353.7906
394906,614,"New Castle, IN",msa,IN,96975.7638,97764.75146,98430.86731,98848.79088,99399.69228,99806.3444,100139.1057,100301.8211,100679.1486,101168.1874,101779.7164,102765.9028,104125.9667,105586.5707,106585.0521,107289.3974,107832.5091,108413.6801,108837.7386,109238.843,109945.0817,110703.6162,111754.4215,112744.9561,113867.7468,114881.696,115365.1797,115482.8012,115652.9947,116409.846,117808.5771,119568.7083,121742.2266,123988.8713,125799.5726,127715.77,129912.0218,132172.6705,134137.7812,136017.1232,137805.1454,139041.2238,139646.6582,140398.078,141586.6521,142904.5336,144866.8779,147613.3321,150849.483,153800.093,155720.1666,157568.7198,158748.0349,159260.2691,159035.5585,158443.1074,158122.1209,157493.2606,157024.8757,157254.3222,158006.9022,159383.5891,160452.4443,161596.473,162634.0072,163404.4199,164176.294,164724.2396,165172.8096,165076.5403,164792.179,164873.8011,166194.6602,168117.7935,170130.2019,171256.7214
394478,615,"Clovis, NM",msa,NM,131337.7048,131063.9501,130607.1849,129920.5576,129893.6827,130119.4245,130446.0686,130767.3468,132171.3645,133994.1666,135546.1793,136995.9195,138667.6774,140595.151,142047.4234,142469.3948,142302.0621,141833.9249,141327.8817,141259.5411,141900.7378,142958.477,143701.6217,143809.3595,143892.8348,144536.933,145339.8189,146208.3689,147450.6663,148884.2796,151079.7978,153183.7941,154201.2896,153540.1574,152013.5571,151077.7547,150774.5159,150748.8499,151039.9569,151643.7943,151785.4818,151197.2619,149765.0731,148859.8942,148746.4635,149335.2461,150272.4274,151470.3896,153231.7258,155071.1893,157056.496,158837.9179,160411.7223,161381.7947,161731.4178,161910.3947,161940.3287,162397.2551,162502.2985,161444.1415,160684.1111,160872.0679,162515.1724,163438.6127,163082.4552,162087.6682,160462.4243,158652.2192,156685.0046,155020.0587,154178.503,154403.1477,155775.5262,156930.0627,157907.1547,157549.0345
394919,616,"Norfolk, NE",msa,NE,159108.9873,159995.1437,160911.4668,161700.0047,162694.1965,163375.2655,164003.3285,164126.8391,164401.9873,164466.1343,165012.8484,165790.6788,166979.0525,168010.4073,169032.4137,169974.089,170776.9475,171247.5406,171432.1677,171936.805,172848.7366,174018.2734,174470.5342,174462.2996,174241.485,174530.2602,174945.1795,175529.7089,176468.059,177886.5098,179871.7133,181475.7926,182793.1309,183646.7924,184740.716,186232.9879,188067.2125,190260.497,192721.5364,195546.5103,197730.8646,198981.1374,199234.1795,200134.7958,201596.8417,203496.6012,205575.8326,208482.4787,211831.2806,215393.2084,218038.7317,220269.7982,221250.4045,221439.0796,220710.7852,220096.412,219655.869,219629.9558,219328.4314,219580.5871,220043.1084,221321.7309,222683.9066,224640.3849,226244.059,227224.7607,227335.7639,227204.6821,227453.0662,227784.1305,228596.1459,229871.441,231753.4845,233822.4957,235238.4682,235955.8309
394431,617,"Cadillac, MI",msa,MI,106258.9059,,,,124199.9415,127037.8823,129471.8489,131860.6027,135431.6813,140191.1634,143688.7212,145744.4837,146537.9083,148094.204,150344.6044,151870.5581,152384.4147,151754.2204,150861.509,150669.0442,150808.0008,151174.0231,152001.0953,154590.7373,158089.0052,161657.7538,163662.4913,163363.7704,161906.8546,161093.0872,163121.5426,165514.6135,167515.4268,168044.3265,169190.3941,171311.0757,174223.4091,176945.7411,180075.8737,183747.8233,186834.21,187551.3802,186863.3948,186281.7138,187406.4443,189228.5194,192149.1657,195733.1721,199611.2642,202729.467,203718.7534,203830.5273,203388.5686,202639.9494,201862.6002,201086.6815,200608.9997,199814.5903,199440.7108,199512.0273,200881.3621,202555.8533,203625.1467,203921.6816,204453.0019,206968.128,209444.3945,210546.3097,210220.6853,209116.0847,208283.9765,207962.2823,209704.6067,212369.851,213716.4229,214478.1343
395043,618,"Ruston, LA",msa,LA,174607.4523,174266.0454,174020.1672,173691.1948,174207.796,174671.1784,175027.6733,174796.8042,174684.7296,175232.2923,176114.3785,176802.3857,176942.2421,176757.3825,176615.2364,176990.8181,177662.3189,178418.3939,178651.6174,178902.644,179378.4817,180207.6976,181117.4446,181912.4399,182639.0879,183158.9008,183229.7942,183020.0869,182952.2054,183493.8599,184860.6258,186537.0721,188476.6083,189945.5701,191095.5196,192347.4096,193451.7674,194749.7367,195952.9619,197418.5176,198291.2698,198280.5646,197757.6333,198071.0721,199499.3155,201357.2763,203150.0054,204202.0143,205066.6609,205878.4297,206875.8596,208478.4062,209509.2204,210193.9202,209487.92,208728.5952,207933.9162,207915.2467,207498.7988,207071.5361,206469.3901,206867.1266,208016.1659,209105.2827,209221.7974,208452.848,207779.1392,207537.0866,207841.3201,208045.6996,207988.7088,207762.75,208216.1286,209298.3006,210547.5014,211045.6532
395097,619,"Sidney, OH",msa,OH,142401.8499,143656.5943,144586.8776,145133.4906,145687.5383,146464.8632,147418.4716,148178.0916,148949.4254,149738.0286,150671.8819,151602.5563,152323.6485,152768.0446,153165.4964,153774.5828,154405.6366,154621.6811,154495.7945,154779.5292,155735.8981,156835.5392,157782.8503,158724.7202,159797.6223,160728.9031,161319.4442,161862.1817,162684.2276,164014.3247,165763.3313,168101.411,170440.5963,172541.4026,174436.7841,176505.1414,178998.3168,181513.6296,184280.3041,187235.0987,189649.4098,190941.7303,191143.3207,191142.3196,191247.6715,191128.5531,192409.2288,194717.1714,197936.5838,200846.3876,203165.2898,205572.7354,206948.4845,207636.7013,207405.8489,207378.605,207451.2051,207087.46,205664.0285,204331.5121,203723.9192,204340.9221,205648.2529,207798.4048,209741.7763,211233.4992,212266.2073,213237.543,214339.072,215054.0995,215867.4552,216827.1521,218668.0181,220579.0456,222182.3934,223243.166
395008,620,"Pullman, WA",msa,WA,234031.0039,235201.4624,237064.8129,238710.9729,241045.1495,243125.6724,245157.1503,246333.013,247416.8742,248431.9536,249366.9465,249901.3619,251064.1082,252556.0632,254401.694,256299.2929,257872.0288,259397.7369,260175.1705,261230.8044,262697.767,265012.5788,268508.3688,272053.5983,275496.4383,278657.9838,280557.6002,281272.9741,281458.3359,283359.5976,287108.2865,291120.0555,294803.79,298197.1165,301549.4016,305137.1766,308808.9285,312195.8005,315833.8413,319791.0441,324973.1351,329957.3945,333907.1339,337118.312,340533.5702,344810.1306,349580.9585,354626.7286,359803.0074,364090.8357,367469.4836,369914.8671,370980.1782,371024.6415,370337.1421,370795.1211,370908.2323,369894.8679,367543.4189,366319.3864,366785.2315,368592.0905,370225.6598,372243.0887,374148.6022,376262.2457,378019.6283,379854.4321,381097.4182,381012.5426,379758.2415,378860.6673,379189.6034,380602.5498,381906.2708,382407.0775
394819,621,"Malone, NY",msa,NY,115059.7739,115325.0577,115758.6975,116316.5284,116905.0718,117654.5505,118350.3512,118582.6691,118661.2636,118388.0195,118380.4367,118487.038,119383.4542,120249.4492,120568.4652,120336.4671,120131.4808,120530.6176,120919.8798,121569.3233,122206.2237,122921.0818,122937.8081,123101.5794,123511.7578,124455.3037,125126.1513,125528.2348,126051.1291,126933.3014,128865.5025,131621.3645,134852.2505,137656.09,139820.4772,141934.1517,144269.0568,146956.0101,149690.2922,152499.4178,153997.1523,153801.7927,151899.2508,150588.2785,150760.1585,151769.2933,154207.3257,157431.2706,161495.5783,164939.4429,167704.1234,170456.219,172288.8911,173009.5538,172793.8689,172796.16,172774.2421,172731.7214,171734.5157,170670.6904,169629.9695,169947.551,171474.7982,173585.6493,175418.8329,175844.8553,175396.7302,174305.0521,173741.0717,173200.5161,171946.4133,170375.7033,169733.9039,170499.4394,172009.3942,173475.6255
394527,622,"Del Rio, TX",msa,TX,133266.1986,134098.8692,134832.3775,134869.3335,135182.1261,135222.8196,135439.7648,135337.8206,135647.8482,136042.7869,136526.2173,137426.1111,138659.1568,139896.235,140836.8941,141686.4694,142912.8224,144334.8536,146411.3142,148816.3776,151166.5962,152761.0093,153674.3716,154102.33,154472.4249,154758.7139,155028.9836,155287.1557,156381.2443,158260.0508,160686.1015,162014.4745,162594.1197,162594.9314,163179.2946,164336.1464,166028.6812,167890.2227,170136.3516,172659.2271,175197.5875,177058.0722,178607.2954,180366.8558,182942.0638,185422.9462,187126.5122,188099.8814,188513.7743,189489.1774,191391.9359,194259.1591,196835.0463,197804.6825,197557.0904,196556.0476,195225.0025,193381.7227,191435.6369,189962.6234,189434.438,190103.9732,191206.8836,192806.0472,193556.2711,193607.6346,193264.6281,193582.4161,194577.6429,195361.0078,195944.9313,197042.329,198732.678,200843.7188,202241.0953,202954.1451
394391,623,"Blackfoot, ID",msa,ID,184325.509,186141.5267,187724.1213,188835.9693,190621.4853,192582.6784,194352.4471,195545.5653,197099.4624,198661.495,200187.5216,201490.4671,203198.0559,204911.4591,206613.7134,208658.2461,211098.8964,213690.8106,215832.2272,218350.7521,220946.012,223696.8305,225908.7201,227821.8138,229843.3406,232243.6336,235005.8135,237502.8384,240436.1355,244293.8049,249918.3423,256212.6044,262875.2186,269540.8282,275420.4815,281381.9996,287292.3658,294496.8469,303756.8911,313983.5846,323777.1358,330498.4062,334818.8399,338638.3688,342905.2365,347638.9444,353241.1835,359833.414,367548.8288,374953.4795,381040.642,385495.3119,386177.0499,383873.5347,378820.6811,373778.4385,368201.1939,362584.2356,357251.5784,353295.6168,350883.4844,350180.0427,350726.7201,351489.869,351662.0898,351647.2042,352170.2482,353238.7331,353664.1335,353231.7498,352168.2481,352157.6356,352954.5504,354185.3321,354191.4782,353863.1493
395017,624,"Red Wing, MN",msa,MN,219506.9621,220994.015,222086.3853,222431.8509,223400.1843,224610.8326,225842.4593,226500.5215,227054.9813,227632.0335,229067.5461,231300.8115,234259.0056,236528.0907,237714.714,238341.8332,238694.3394,239232.8558,239702.345,240486.8125,241825.9124,243298.5599,245041.085,246895.6635,249050.4745,251275.188,252498.5401,252770.5397,252671.0799,252776.6995,253563.868,254834.0018,256891.7204,259372.6501,261700.5682,264363.8507,266872.0673,269643.9636,272626.5248,276764.1177,281118.7742,284483.906,286316.7639,287473.2378,289002.1948,290904.9903,294063.1496,298108.8391,302783.5895,307644.2316,312009.9461,315434.9197,316142.9028,314937.6041,312807.2948,311574.4356,311414.7749,311580.8986,312328.524,313050.6432,314067.462,314943.6717,316061.5401,317401.695,318189.661,318710.6363,319226.1417,319458.0105,319559.349,319166.03,318965.6756,319268.2697,320637.0187,322258.2932,323062.8391,322981.1078
394918,625,"Nogales, AZ",msa,AZ,152266.5546,153411.8164,154244.6952,154638.9559,155062.6479,155734.5156,156573.5568,157233.4196,157882.4435,158648.4193,160264.2141,162138.9824,164155.1035,165358.6145,165973.5369,166671.0439,167626.7814,169028.1875,170012.716,170770.5864,171372.1651,172325.0676,173761.5213,175380.7123,176868.666,178105.3891,179122.847,180394.1384,182359.5321,185198.7115,188592.2655,192282.6624,196078.8355,200041.3126,203825.5056,207552.3473,211158.745,214921.8979,219055.1594,224161.1487,228863.8766,232714.5991,235122.9597,237037.545,238779.0403,240166.0686,242607.4064,245846.2799,250056.3775,254745.6726,259375.4826,264127.9971,267177.9277,268632.5541,267950.4485,266392.0054,264135.5996,262175.3609,260324.3017,259011.7174,258290.8625,258927.1578,260429.1667,262321.7014,264105.8127,266264.6053,267970.9931,268947.4433,269675.7621,270218.1931,270491.8775,270283.476,270331.8098,270919.9738,271631.9931,272239.0518
395144,626,"Tahlequah, OK",msa,OK,117967.9284,118167.4482,118621.2474,118825.2462,118535.7587,118048.7244,118351.3216,118968.8868,120103.0507,120944.1858,120727.2513,119672.8674,118226.9565,117548.0401,117654.4831,118614.2834,120292.7536,122058.1688,123189.3681,124262.7203,125425.4571,126748.8053,128186.1775,129461.7927,130547.4896,131392.7655,131830.4874,132568.2306,133443.4802,135047.5617,137137.7472,139564.2592,142284.8725,144860.5465,147065.1562,149689.6327,152502.0133,155653.965,158697.3468,161963.2279,164544.3188,166268.6528,167106.9509,168474.8057,170233.8923,172128.3095,174616.4466,177560.3569,181348.7882,184483.9042,186908.4714,188602.5162,189739.6682,190190.1383,190021.5707,189681.1555,189686.1516,189551.933,189868.7556,190350.6564,192055.4298,193673.3416,195432.9807,196596.42,197379.4372,197406.4615,197143.063,196800.8731,196703.4798,196447.895,195948.0438,195766.2187,196469.4392,198063.6529,199127.3223,199694.5412
394739,627,"Kendallville, IN",msa,IN,140724.3076,141649.8374,142300.0435,142558.0989,142991.733,143680.1704,144618.0294,145558.3009,146811.5192,148081.2016,149211.1164,150012.9717,150848.4453,151589.5854,152063.626,152505.2927,152898.5779,153508.3279,153903.895,154808.9899,155983.6,157016.7289,157810.4014,158447.9737,159465.9426,160370.9381,160876.5698,161039.9129,161348.004,162126.3668,163668.9482,165881.4879,168621.6086,171342.9338,173695.2461,176289.5881,179225.0629,182197.8174,184996.0452,187551.6681,189832.7907,191418.2736,192306.5235,193188.2611,194571.1816,196099.6128,198664.262,202190.4202,206523.3133,210480.4389,213325.4918,215753.6182,216862.9209,216707.0756,215356.2669,214074.2196,213619.17,213539.1453,213550.2249,213766.7577,214866.8767,217277.2503,220095.1428,222483.9862,224103.3934,225314.5165,226401.6308,226763.1174,226642.2404,226229.9596,226410.8001,227307.4466,229232.3002,231543.2397,233498.5756,234778.9569
394876,628,"Montrose, CO",msa,CO,271416.6848,273485.9535,275365.2295,277517.3302,280304.901,283212.8044,285275.5667,286600.0236,287951.6229,289623.1334,290930.1548,292181.3198,293454.8649,295019.1604,295847.2643,296672.5565,298226.382,301129.1386,303717.0556,305832.4961,307530.3029,309533.858,311376.1739,313214.4476,315077.0882,317009.5866,318055.8043,318744.945,319619.0486,321722.9981,325027.7995,329274.2883,333955.8694,338677.5707,342546.791,347287.2329,353095.5717,360723.4557,369573.4705,378915.8988,387477.9042,393744.8309,397663.3502,400784.5885,404736.788,409600.356,416251.9623,423434.1381,431550.8553,439358.8643,446716.751,452779.4801,455998.2917,456282.1677,454594.2115,453351.3224,452037.4548,450492.0341,448023.7677,445870.2936,444608.9533,445327.28,447835.838,451278.3738,454175.8082,456346.8212,458426.3702,460119.8849,461254.4685,461403.0937,461162.5569,461359.4946,462531.7135,464399.6512,466738.1519,468526.0612
394504,629,"Cortland, NY",msa,NY,126940.1001,127380.2192,128355.4022,129354.2662,130463.0063,131399.5981,132379.6139,132761.6238,132869.1813,132376.6768,132422.7226,132601.0016,132970.1792,132939.7827,132832.2151,132900.395,133041.1239,133297.0246,133543.1197,133994.5157,134677.7924,135417.1609,136070.5651,136705.3044,137378.6955,138179.6278,138811.724,139130.58,139469.9443,140040.6779,141554.8249,143581.6829,146059.9407,148302.9541,150082.5373,151545.9056,152896.4775,154508.9352,156369.8574,158282.8225,159480.9631,159975.2914,159843.4671,160098.6032,160965.4602,162143.1896,163977.9707,165818.1431,167972.8243,169613.079,171203.0706,173325.4484,175452.8614,176770.8541,177001.9517,177053.1426,177359.3695,177708.632,177389.4575,177056.9413,176999.944,177711.7033,178901.5925,180162.7982,181285.7231,181985.4801,182504.0895,182933.6604,183523.4964,184060.0288,184494.2387,184950.6562,185680.5214,187058.1839,188854.0105,190439.5097
394887,630,"Mount Sterling, KY",msa,KY,109369.2218,109688.5802,109934.4019,109297.884,108980.4424,108778.7738,109056.6404,109468.4872,109922.3537,110474.9952,111258.394,112356.797,113721.8269,114992.4447,115706.7152,115976.7651,116197.7784,116550.4488,116755.3499,117246.1728,117928.4671,118839.2983,119783.0168,120875.5044,122004.2609,122912.9956,123391.508,123707.9156,124215.1699,125299.7687,127153.022,129092.358,131197.1462,132812.9901,134469.3335,136153.4956,138474.0193,140394.9168,142202.5883,143600.9138,144482.2087,144852.0129,144619.1957,145139.2076,146167.7835,147472.4326,149486.1757,151746.115,154392.6828,156409.7047,158030.9947,159845.3551,161646.5868,163406.1025,164381.0499,164752.5094,164744.8774,164719.9353,164445.4551,164473.9733,164743.3747,165810.3692,166939.751,167633.9503,167789.7193,167695.7619,167817.34,167875.6382,167765.6793,167386.1792,166790.3363,166695.4296,167538.899,169482.2401,171129.8951,172280.7199
394477,631,"Clinton, IA",msa,IA,119347.8504,120273.2687,120688.2557,120940.7492,121282.1801,121619.6675,121885.9578,121975.1207,122367.9473,122929.3735,123613.4118,124418.0972,125436.4831,126310.2724,126854.8199,127018.9374,127203.52,127544.1358,128002.2429,128693.2718,129503.1083,130428.4608,131007.6355,131451.9628,132059.4563,132717.39,133322.6461,133713.5593,134535.2851,135754.2151,137379.6786,138865.5404,140028.6466,140616.3005,140823.878,140931.7202,141208.3733,141672.3508,142605.3851,143785.1255,145029.5215,145810.346,146449.0651,147175.6945,148477.2242,150160.0177,152240.7621,154445.0487,156494.0058,158394.0298,160231.4577,162116.8329,163600.0168,164155.5224,163815.8639,163419.3609,163204.7436,162899.4614,162539.7435,161823.9879,161738.1807,162145.1594,163158.6791,164327.6822,165142.6018,165943.3741,166256.1296,166361.7348,166225.1842,166128.2727,165699.3763,165595.5236,165951.5911,167142.2484,168534.8853,169487.8553
753916,632,"Sandpoint, ID",msa,ID,323022.8161,324651.4566,326590.0668,328467.452,330846.9865,333552.5048,336085.3441,338381.8625,340459.5069,342400.844,343722.3947,344898.7975,346816.4142,349171.8048,351922.8184,354786.4776,357988.7487,361143.2743,363747.0802,366287.4851,368958.7348,371960.7655,375314.2077,378706.9814,382494.9669,386640.8482,390605.944,394304.5,398224.824,404121.8109,412394.9856,,437109.01,451096.0462,464066.7951,478336.4803,494415.0988,513010.4165,534309.7277,554673.3899,570357.64,578755.1392,583665.8106,589273.2691,596447.6915,604008.9174,615524.5202,632927.0854,653727.7962,674391.5516,689265.5694,697531.5903,695155.3716,686145.0329,672923.7807,660064.4597,646740.7867,635383.9185,626213.7171,620796.5447,618837.2252,619499.3258,621160.4036,623898.8082,626725.2068,630369.6175,633829.1222,636344.6334,636770.493,636279.605,635193.8639,634951.4212,635213.5755,636800.5613,637658.5251,637995.0792
753865,633,"Bardstown, KY",msa,KY,147134.1801,148170.6569,148629.2996,149084.7577,149788.3535,150641.3472,151456.6809,151949.0186,152540.1742,153234.6818,154278.2912,155499.2806,156751.3598,157824.9757,158701.3094,159475.0071,160079.2814,160543.3909,160901.0345,161479.9025,162199.4274,162885.7607,163827.0787,164947.4942,166442.6774,167709.1619,168938.1457,169987.1749,171430.9393,173230.9126,175785.8044,178817.8501,181963.7585,184634.0017,186633.6884,188626.7848,190999.4884,193933.4016,197203.5222,200489.0273,203373.1979,205252.6129,206087.5328,206314.12,206830.3874,207782.8066,210242.7089,213951.4662,218416.5539,222686.9456,226093.8092,229115.3616,230666.4056,231080.6502,230464.0003,230249.6157,230362.0686,230280.3774,229579.0029,228924.0464,229627.0021,231617.3531,234131.6451,236083.7679,237149.7272,237957.2045,238740.678,239724.6382,240645.2426,241098.8893,241177.7951,241574.1795,242772.2711,244845.6342,246608.6466,247819.9488
395201,634,"Wapakoneta, OH",msa,OH,141074.1933,142069.8141,142705.562,142959.2779,143275.8653,143813.2619,144256.179,144526.6423,144939.1055,145453.6443,146279.0307,147219.6816,148198.4881,148800.4574,149268.1595,149963.6868,150874.5264,151899.9979,152661.0369,153541.8898,154382.8741,155040.8553,155452.6389,155937.3426,156622.6972,157423.2612,158023.7757,158860.7324,160003.7335,161594.2546,163492.5335,165769.3829,168062.8345,170142.7717,171787.3838,173266.6536,174397.7392,175545.4209,177251.6496,179523.7006,181245.365,181853.618,181512.5824,181564.552,182059.5589,183085.4355,185374.3892,188476.2573,192052.9633,194977.6104,197154.3955,199004.9046,199901.1255,200363.1355,200071.8312,200076.552,199904.131,199643.5103,198284.5136,196939.891,196119.0767,196878.2669,198697.789,200847.7481,202747.038,204468.5878,206011.3465,207152.4267,207965.656,208525.1816,209322.5287,210309.5585,211919.3218,213621.638,215144.5951,215850.9766
394987,635,"Plymouth, IN",msa,IN,148132.435,148536.2885,149019.0206,149794.8276,150933.4243,152171.5656,153229.3483,153638.0609,153915.2556,154081.8808,154403.7761,154613.256,154959.2891,155499.1375,156066.7528,156645.6921,157128.1369,157937.3293,158543.3785,159254.3339,159781.8574,160539.3137,161599.0647,162847.3891,164273.1921,165590.5474,166484.8841,166918.4331,167242.901,168220.7365,170172.2186,172914.515,175943.6173,178676.6461,181052.9918,183340.3108,185769.4727,188340.9974,191224.1978,194522.0452,197977.7506,200651.3617,202356.3327,203378.4912,204616.166,205956.8498,208316.2827,211069.3449,214389.0413,217315.7172,219729.5818,221690.6017,222703.3284,222819.6436,222449.3676,222038.8208,221660.5608,221308.7534,220575.8346,220637.6101,221360.9195,223697.5857,226541.6365,229558.4478,232190.2678,234740.1988,237250.8272,238799.4355,239233.619,239008.4148,239304.0595,240808.8987,243091.0682,245445.4877,247011.6011,247894.803
394789,636,"Lewistown, PA",msa,PA,105872.0239,106771.5618,107598.8447,107995.114,108775.4601,109617.1609,110685.3423,110957.4158,111259.1727,111425.2714,111744.1594,112284.4447,113203.7668,114195.7881,114594.7938,114816.6688,114672.0933,114472.6774,114110.8431,114336.2057,114853.7813,115294.9504,115256.2701,115456.8623,116281.438,117650.8369,118527.2856,118651.7749,118766.4662,119758.7102,121772.073,124180.7605,126826.9867,129184.6192,131446.9459,133602.3992,136380.0047,139059.8226,141412.1268,143192.9804,143891.5886,143320.9073,141382.3923,140137.9365,139931.6327,140362.9966,142056.7901,144636.731,148386.7823,151355.1233,153349.2825,154834.2607,155479.6239,155768.7351,155228.0371,155296.7424,155636.1966,156631.476,157801.4755,159714.4537,161661.8959,163479.1563,165081.566,166678.0357,167620.5115,168317.8775,168726.0806,169240.8878,169236.875,169062.4825,168806.1827,169205.5698,169939.7473,170993.9546,171967.0085,172675.3866
394379,637,"Bemidji, MN",msa,MN,173675.1273,174179.9582,174473.2716,173983.8798,174045.1153,174666.8735,175899.6434,176445.4963,177120.5397,177567.0237,178759.4629,179912.8307,181325.6595,182176.5047,182686.4711,183327.244,184298.4058,185366.3563,186117.7871,187178.4244,188351.8778,189734.5761,190454.9313,191354.7836,191808.4534,192451.0919,192855.8719,193239.1788,193878.1387,195125.7733,197604.0718,200559.5953,203592.1077,206078.8172,208070.3428,209859.4832,211218.7881,212899.3813,215411.8392,219496.8611,223852.7632,226769.0824,228499.6952,229609.5263,231443.589,232801.3258,235401.0886,238277.3783,241732.7606,244824.1085,247802.7079,251158.7876,252872.5313,253488.8928,252339.1912,251506.6359,250881.2429,250971.9967,251178.3418,251551.4726,252322.2013,254062.1274,256702.5017,259351.5907,261167.5245,261812.7601,262211.8827,262649.4159,263340.2505,263627.6925,263902.039,264955.1921,267090.4289,269378.6324,270654.5334,271297.2038
394377,638,"Bellefontaine, OH",msa,OH,144251.5366,144881.0217,145706.6002,146299.0449,146733.3949,147159.5818,147671.9473,148347.7799,149353.8976,150387.8288,151446.8064,152573.4745,153813.6425,154762.908,155166.8718,155422.4145,155696.0166,156091.6892,156412.5294,157654.0997,159983.1218,163032.9116,166095.6305,168820.1709,171297.0144,173262.1452,174677.8404,175640.7898,176633.4646,178047.6544,180200.7195,182712.4048,185179.1201,187067.925,188566.5065,190602.1798,193255.5682,195792.5964,197464.1107,198066.8371,198346.7616,198235.1063,198338.3426,199149.0934,199825.8532,200025.4548,200635.1268,202512.8014,205835.4886,209287.4097,211175.9378,212346.5262,212215.9519,212437.9697,212164.3144,212083.2954,211865.5319,211157.4604,209282.7926,207593.1962,207410.1165,209294.0823,212463.2035,216030.8906,219307.3326,221856.9345,223584.7453,224648.6669,225437.0189,226024.6801,226600.7529,227626.2535,229364.6259,231570.3244,233777.4574,235453.2231
395087,639,"Seymour, IN",msa,IN,137914.8315,138654.9345,139282.1947,139713.941,140254.1637,140798.5997,141418.5285,141913.0326,142431.7996,142852.6851,143564.6805,144390.1167,145509.8031,146302.5235,146756.8622,147015.0188,147384.6128,147966.3802,148527.3713,149272.8485,150280.1556,151505.5156,152770.6096,153814.1103,154870.1,155917.8797,156946.7228,157701.3131,158505.5296,159511.7119,160963.9794,162672.9646,164850.0096,167109.1874,168926.9625,170336.5571,171934.0804,174040.1069,176700.2139,179526.0192,181827.9429,182965.8101,182997.735,183233.1795,184234.7462,185717.4295,188164.3696,191080.0271,194233.7447,197055.4618,199168.3371,201121.256,201938.7678,202162.574,201690.1254,201152.289,200776.2201,200651.8422,200538.2861,200710.0124,201392.6157,203119.4663,205168.7244,207519.8725,209477.8028,211039.6267,211909.955,212342.7252,212559.8294,212697.5155,213210.854,214430.9072,216332.7401,218332.5052,219758.0378,220287.3375
394426,640,"Burley, ID",msa,ID,171100.8187,171798.8215,172047.4269,172360.0003,173242.4669,174716.594,176209.0182,177338.7219,178456.3697,179476.523,180916.7664,182421.1398,184014.6193,185292.086,186272.9646,187100.5803,187842.0406,188626.0423,189199.7936,190129.665,191225.9181,192949.2578,194641.1684,196392.59,198266.1914,200172.9788,201452.0773,202221.574,203252.6976,205136.3939,208022.5071,211900.7402,216806.5018,221983.4113,226844.5713,231986.6903,237549.9756,243796.2642,250454.4693,257713.3739,264680.8506,270137.5388,273856.4457,276776.0532,279948.0637,283475.7999,287710.5039,292804.3439,298488.8017,304345.5395,309293.7623,313869.097,316800.3768,317436.448,316061.0354,314373.9638,313183.828,312007.8856,310655.5219,309924.8719,310276.2454,311631.9107,313332.1496,315083.7736,316457.4824,317615.5967,318537.754,319697.4465,320049.0985,319316.1321,317986.2711,318008.921,319646.2746,321789.883,323310.9472,323642.3702
394548,641,"Durant, OK",msa,OK,131828.2693,133005.9976,133826.9327,134269.8076,135027.9634,135814.9605,136888.0242,137506.997,138278.9058,139280.9887,140125.2077,140866.3985,141577.9811,142286.2632,142925.2037,143515.2678,144290.7593,144901.6115,145151.9721,145854.7359,147077.3623,148800.1933,150483.6368,152168.5832,153806.5357,155404.1398,156469.6572,157367.3495,158210.4267,159673.614,161965.6928,164875.2275,168260.3558,171190.0819,173639.9025,175941.1265,178575.3096,181341.9052,184194.9114,187121.3025,189312.5343,191001.1224,192055.5228,193797.2952,195825.3892,198028.1778,201291.0422,205191.8643,209514.5551,212745.4435,215263.1532,217487.7394,219547.6481,220874.186,221667.6112,222202.4196,222842.3928,222588.6046,221349.7384,220063.5197,220261.9655,221742.4117,224011.9341,226241.7471,227593.5106,227799.7693,226920.182,226712.6436,226874.4433,227237.7521,227200.4926,227334.3902,227840.4914,228812.1412,229191.1525,229606.95
394883,642,"Moultrie, GA",msa,GA,91334.74784,91911.66193,92202.85223,92506.77318,93238.39112,94093.24124,94899.05033,94923.88806,94968.61503,94618.38855,94705.15658,95175.84287,96283.6075,97194.56607,98301.23836,99417.96699,100486.2805,100894.6956,100963.1601,101453.0753,101865.8162,102401.1616,102171.8491,102338.5622,102413.7896,103165.2147,103665.2124,104026.3343,104028.0775,104721.7307,106262.0096,108257.1643,109635.291,110433.7342,111047.9847,112368.8683,113748.0976,115139.3698,116150.2252,117862.7483,119852.9873,121625.0041,122575.4818,123876.3165,125864.1789,128087.4288,130325.2239,131834.5832,132236.7647,131566.65,130968.2117,131488.0216,132094.0084,131971.8877,130347.1138,128239.4606,126027.4478,123863.4126,121854.2516,120180.8425,120300.756,121551.5433,123350.3932,124492.8673,125420.8625,126433.6619,127697.4397,128607.4867,129864.7218,130717.7512,131316.8102,131457.4924,132319.8523,133771.9505,135861.7498,137787.269
394398,643,"Bogalusa, LA",msa,LA,121658.1002,122711.3427,123569.7471,123444.9542,123105.6843,122542.8829,121906.4938,120953.3036,121256.5179,122025.3032,123444.9152,124282.25,125964.8472,127379.431,128938.124,130257.7217,131794.1672,132827.3538,132817.2703,133174.7425,134319.6635,135826.5628,136195.29,135847.8585,135539.4232,136346.9428,136975.598,136421.9779,135490.7828,135932.0286,138967.736,141887.2331,143353.306,143423.305,143749.5617,144847.9686,146158.7374,146076.0722,144863.8226,143444.6204,142340.0414,141825.0453,140824.1145,140283.842,140586.2592,140987.7979,143182.4832,146021.3843,149220.0972,151337.6179,152068.656,153192.8586,153026.5189,151704.0264,148986.3393,145868.7957,143168.8996,140287.2713,139306.8447,138688.059,139313.4541,139292.9168,138771.9463,137165.8934,135428.5904,134011.3098,133809.7367,133500.1979,133365.5396,132717.6959,131385.873,130314.7494,129611.4394,130074.8683,130257.1825,129886.8517
394500,644,"Cornelia, GA",msa,GA,159241.7835,160388.714,160449.5809,159839.8512,159315.1111,159170.6238,159760.3631,160644.2625,161864.2796,163292.4424,164980.5173,166712.3874,168361.8305,169626.7184,170548.9356,171544.1146,172626.0748,173855.1567,174474.8405,175290.5901,176284.3608,177739.6486,179440.4259,181355.5374,183218.1015,184567.8436,185290.2589,185894.8919,187075.7833,189124.0686,192320.0557,196281.5848,200859.4327,205419.7384,209465.9336,213518.2524,217192.4703,220764.755,224771.9938,229298.0449,233310.7238,235518.7595,236450.7469,237688.7755,240046.1154,243167.8723,248401.7643,254801.6112,261513.8074,267058.4316,271291.627,275249.6592,277847.7209,279249.5536,279356.9038,278675.867,277469.6103,275264.2018,272440.0011,270250.5888,271000.9613,274486.028,279397.1951,283751.165,287264.1382,289982.9147,292492.8159,294329.8359,295642.8887,296396.8017,296980.4051,297639.3516,298885.6268,301192.2516,304217.0035,306338.5771
753889,645,"Hillsdale, MI",msa,MI,134014.7338,135053.8492,135806.6377,136153.2553,136582.0973,136940.639,137344.8781,137152.3663,137417.0374,138074.6574,139338.5024,140890.1812,142425.3831,143434.2269,144040.0945,144403.9158,145228.7975,146082.204,146864.5271,147508.5478,147985.1669,148424.8007,148825.5765,149625.4662,150737.2332,151866.8085,152424.7828,152554.1852,153122.9594,154720.898,156995.5745,159298.8449,161837.7262,164804.797,167511.742,170052.0109,172193.4461,174317.0945,176328.9278,178509.9643,180398.7097,181490.0796,181513.19,181767.0067,182564.6012,183789.6408,185354.2223,187463.338,190106.1521,193278.6803,196004.3482,199029.354,200564.9168,200743.8444,198897.8049,197037.0034,195342.029,194019.0072,192663.0692,191639.829,191227.8744,191318.514,192000.3158,192943.8409,193571.4822,193713.3643,193685.3772,193846.943,194222.786,194597.9795,194572.7874,194981.9448,196063.5575,198201.0891,200161.5166,201992.8003
395155,646,"Thomasville, GA",msa,GA,129098.4679,129934.7141,130937.3596,131653.8895,132569.6244,133292.1702,133972.8625,134388.4359,135087.2257,135737.919,136349.8268,136729.5823,137221.9701,137630.1377,138240.4802,138934.9977,139754.123,140622.758,141209.9653,141842.1779,142269.6367,142793.5199,142927.352,143225.652,143934.9231,145341.3595,146369.5559,146838.4461,147057.5564,148044.2324,149994.9042,151810.3657,153056.6473,153622.1447,154575.3848,156120.1677,158208.2336,160507.6121,162878.8504,165440.939,167967.1622,170301.4669,172060.4544,174144.8805,176778.9696,179807.0379,182864.7606,185656.0239,187621.4399,189694.9117,191283.4064,193982.4999,195861.6605,197095.8504,196849.9611,196764.3152,196888.3958,196802.6757,196326.8217,196432.6115,197395.8256,198743.8647,199873.5176,200760.6967,201290.8406,201581.2796,202028.5602,202474.6818,203524.3137,204691.6795,205897.1636,206499.1683,207345.0045,208414.2969,209383.9669,210085.0486
394961,647,"Paragould, AR",msa,AR,122656.3488,123102.9302,123583.4466,123507.5089,123663.0579,123714.391,124091.8144,124357.324,125032.0039,125766.847,126535.9161,127283.9356,128088.0932,129006.2275,129970.8521,130636.9199,131003.179,131090.5593,131268.7267,131562.437,132085.6396,132531.3809,132877.202,133319.4886,134066.8816,135059.3387,135917.9229,136667.3957,137396.1675,138456.56,140036.5638,141821.3013,143638.2171,145074.6682,146601.6134,148312.2693,150442.7354,152601.5818,154740.1641,156841.7819,158586.4925,160099.703,161181.4253,162397.8104,163712.0217,165181.3577,167113.0284,169251.7285,171270.6865,173202.7275,174811.676,176668.4141,177829.5432,178532.598,178453.6636,178113.1747,177410.2195,176641.1625,176071.2827,175967.2364,176521.5474,177488.3209,178797.4089,179685.0588,180218.9226,180419.5985,180749.0525,180784.7942,180805.6022,180717.5447,180851.7508,181257.2848,182152.5443,183471.5148,184354.0918,184462.7013
394650,648,"Greenville, MS",msa,MS,,,,,,,,,,,,,,,104436.9928,105091.0764,103781.0142,101513.316,97991.66795,95287.16888,93462.65318,92088.14023,90578.33914,89252.96779,89582.67314,91131.02728,92028.61148,91425.63045,91347.03366,92680.47226,95134.43952,96227.27617,96795.54087,96879.48772,97784.85,97580.2576,96090.46588,94233.96411,94173.87381,95124.53978,96308.01521,97032.92844,97150.54061,97564.0207,98884.5719,100447.7137,101799.9213,100338.2689,98587.12498,96282.61127,95705.0181,95124.01884,93874.18668,91672.87355,89151.84202,86275.00806,82626.10571,78843.52728,76075.7311,74019.52102,72225.42364,70984.67193,70899.25541,70912.1334,70717.19921,70703.43146,71525.90169,72185.26625,72267.9779,71902.58638,71880.18979,72259.803,74087.44702,76153.10337,77268.00313,77525.70733
394427,649,"Burlington, IA",msa,IA,108703.9743,109687.8996,110472.088,110495.9963,110575.2389,110103.481,109711.9549,108996.8706,108727.7397,108670.4757,109138.4075,110027.3934,111174.2263,112007.7347,112529.3124,112821.3338,112875.1136,112726.4512,112536.1079,112676.6955,113018.7335,113341.6854,113489.7249,113766.5618,114221.6606,114913.881,115110.6636,115157.2154,115082.2686,115498.0068,116700.7118,117938.7519,119198.8502,119805.8242,120520.3063,121267.0623,122200.9825,123284.7684,123745.0146,123591.4975,122705.6204,122093.967,121838.2861,122085.0447,122525.5451,122898.9674,123719.0445,124757.1218,126219.7911,127581.6563,129033.8921,130536.4338,131459.7301,131578.7335,131100.572,130830.9202,130832.0556,130829.3894,130458.1737,130049.6162,129806.9173,130012.1444,130667.0204,131468.4775,131956.7535,131835.9177,131295.9722,131027.3179,131036.3855,131111.1064,130829.3532,130894.9308,131347.8452,132065.4512,132560.6769,132685.59
394817,650,"Madisonville, KY",msa,KY,90605.69145,90744.54932,91029.4158,91208.71756,91556.86984,91704.01302,92003.89222,91935.22151,92430.29306,92923.62593,93623.7657,94145.31779,94748.69792,95886.0453,96972.88361,97809.40419,98269.24159,98678.78439,99083.93073,99452.8985,99746.39314,100036.5271,100312.2024,100321.648,100210.6627,100075.9134,100379.8502,100791.4655,101769.6253,103019.4399,105087.1924,106385.7997,107415.7194,107711.4944,108157.6566,108569.3887,109268.1522,110237.4147,111572.8508,113103.1734,114671.3986,116121.1703,117229.0128,118465.7567,119874.5782,121456.1535,123263.2506,125293.5029,127031.8234,128517.1977,129469.8017,130761.4606,132019.6392,133047.471,133656.1436,134355.0526,134678.5289,134816.8722,134805.275,135516.2286,136571.5726,137896.2871,139509.5534,140431.1639,140162.2651,138857.9596,138299.8883,138750.2664,140085.6447,141524.434,142281.5493,143006.0824,144030.7951,145972.9618,146823.8165,146898.8578
394850,651,"Menomonie, WI",msa,WI,186530.5387,188747.5651,190803.0097,191912.562,193011.9597,193561.0976,194158.9728,194369.7897,194954.0971,195958.824,196918.246,197975.213,199117.8244,200395.04,201511.2694,202435.0163,203287.0006,204013.3342,204323.9841,204729.9176,205380.3012,206014.1293,206564.9561,207130.8531,208092.0446,209663.5332,211118.1896,212630.8296,214193.8602,216763.3028,220341.4672,224152.6549,227551.0652,230234.3126,232113.9491,234293.0283,236378.5701,239561.0894,243694.8457,249346.1865,254446.2758,257018.1687,257138.6275,256305.5255,256684.4665,257850.7272,260854.3311,264503.5084,268387.6513,272662.5647,276768.1295,280626.5231,282441.6146,282988.7203,282581.2988,282120.2188,281575.238,281084.2165,282241.4976,283573.6473,286633.4389,289910.8544,293335.116,294703.6789,294339.1357,294161.0642,294695.2786,294206.0526,293089.0299,291448.8783,291320.5906,292891.0048,295829.5165,299012.8139,300703.6537,302313.9109
753918,652,"Shawano, WI",msa,WI,141386.5509,142496.5058,143559.9823,144287.4573,145348.1008,146111.956,146852.8656,146923.4388,147387.4776,147854.1691,148879.4266,150173.5375,151867.955,153199.8001,154170.7316,155029.5491,156238.966,157457.449,158585.5645,159550.8856,160575.272,161245.1852,161332.5407,161356.9754,161567.7714,162373.4001,162924.1704,163180.8647,163603.1739,164766.5325,167396.8287,170647.9903,174071.5914,177171.5596,179692.5123,182162.8664,184449.3001,187412.0763,191358.2821,195788.9216,199473.8942,201547.6127,201917.1683,201775.1756,201823.4264,202472.0486,204111.3295,205714.6272,207392.3418,209191.0204,210947.717,212834.8107,213245.1876,212781.1947,211806.8028,211515.78,211692.7649,211663.7094,212399.973,213399.7877,215278.0887,217819.1406,221005.4376,223331.0687,224822.7541,226773.7321,229661.2575,231676.0475,232633.1866,232214.9959,232065.0234,232968.9696,236127.8016,240944.2879,243994.9078,245957.832
395189,653,"Vicksburg, MS",msa,MS,147237.3342,146481.2283,145993.9974,145697.9543,145162.966,144362.3508,143560.738,142846.0336,142997.1,143201.1134,143749.7005,144395.2578,145684.9513,147193.8459,148214.7209,148772.8465,148763.7269,148111.4373,146450.0194,145278.6161,144699.7923,144746.4368,144986.5704,145454.1606,147115.7758,148915.4489,150469.3778,150820.7646,151343.0714,152424.2256,154194.6017,155190.3036,155484.5097,155872.5654,157237.6613,159517.8848,161993.3363,164774.7509,167332.6693,169381.7952,170925.5462,172273.2326,172998.4175,173612.8313,174713.6917,175930.354,176405.1298,175885.6458,175438.0525,175425.2004,175333.2938,175544.4519,175370.4689,175032.9031,173772.36,171567.2931,169238.7412,167173.8351,165564.5469,164684.0726,164853.6788,166968.2551,169397.3588,170884.6656,170485.6198,168693.948,167397.0137,167025.649,167256.8711,166920.9721,166385.3323,166522.1511,167915.0847,169635.0364,170832.7699,170984.9897
394375,654,"Bedford, IN",msa,IN,113417.013,114348.6755,115144.6848,115797.8292,116691.4518,117603.3198,118498.1277,119135.3395,119990.8938,120759.2667,121652.3385,122534.0506,123679.9157,124895.3398,125912.6414,126854.8456,127779.1055,128831.5055,129859.8957,131035.8362,132563.5422,134088.4299,135166.6771,135971.1474,136897.6032,138092.8915,138976.5408,139540.1968,139897.9138,140707.0198,142376.4187,144888.0803,147950.2864,150755.6533,153108.2934,155437.8802,158274.8441,161459.6724,164659.5151,167580.8968,170000.0586,171620.8253,172496.927,173116.1866,173742.2508,174137.1257,175906.3732,178907.8614,183154.8613,186642.7176,188853.7991,190236.6173,190505.6082,189900.228,188422.486,187260.8338,186661.519,186266.7755,185005.8291,184096.2743,183792.4813,185533.321,187425.3027,189628.8166,191117.6975,192318.0075,193150.8622,193563.8239,193955.9399,194216.1951,194760.0223,195801.7927,197818.5956,200141.68,201947.3018,202312.8558
395208,656,"Washington, NC",msa,NC,139825.6298,140339.2569,140866.9284,141102.0197,141375.7736,141728.3239,142501.7954,143241.2447,144206.9606,145158.584,146061.9076,146568.4217,146921.7346,147004.9803,146975.9749,146847.7293,146928.1853,147381.4395,147880.2774,148843.8605,149974.6694,151261.9498,152234.6129,153022.7583,153870.5091,154673.6711,155255.6757,155517.4498,156214.602,157696.0974,160268.7423,163633.061,167427.3012,171153.7571,174281.5311,177174.8213,179846.1981,182828.5442,186237.5493,190037.3872,192517.0291,192660.2932,191169.5098,189977.1997,190521.8108,191466.0734,194481.3327,198544.8673,204495.754,210148.3144,215175.2978,219202.5796,221764.2934,223264.3024,224234.0162,225169.9031,225414.8061,224946.1187,223616.5738,223041.2596,223084.5965,224397.1176,225786.9024,227096.128,228135.0967,229534.8478,231366.9061,233403.0836,235290.5402,236331.2901,236118.139,235616.4833,236561.1707,238614.8791,241381.2826,243573.1441
394616,657,"Freeport, IL",msa,IL,82499.74585,83247.46259,84115.15464,84775.14487,85508.86795,86111.47945,86789.83169,86957.52256,86979.37742,86819.7929,87113.81963,88078.36428,89602.44373,90880.47579,91913.14434,92395.08006,93066.91466,93412.44898,93495.59375,93617.8481,93748.45024,94030.76628,94072.63069,94344.90528,94745.74069,95082.29668,94960.95274,94489.48209,94161.69532,94709.26107,96419.62083,98434.6039,100352.2114,101693.8561,102902.6832,104491.3382,106410.8007,108146.9094,109551.8514,110875.2812,112342.4703,113720.5667,114877.6834,116395.4927,118201.9973,119802.1873,121528.7112,123241.0505,125195.9576,126483.8194,127083.7987,127549.4119,127509.3272,127123.8006,126554.3922,127205.4363,128160.3259,129105.409,129009.9641,128754.1312,128623.3214,129046.5095,130244.233,131891.6668,133318.2879,134265.3071,134721.8995,135317.6692,135711.1635,135886.6765,135696.2952,136374.4116,137955.6194,140000.8636,141346.27,142137.0677
394667,658,"Harrison, AR",msa,AR,129603.0444,129745.5465,130271.8183,130625.5208,131149.0908,131371.2625,131858.4367,131918.2495,132535.7587,133095.6861,133871.7589,134452.1237,135114.7582,135964.687,136799.5644,137833.3014,138632.5147,139374.2802,139647.9874,140032.3699,140387.5061,140585.677,140307.0895,140153.365,140390.8382,141565.3273,142878.5,144005.168,145193.6277,146967.121,149642.4566,151953.2226,153873.0528,154992.2028,156248.7375,157407.4807,159045.227,161054.0782,163539.8675,166743.453,169631.3101,172215.1034,173667.0762,175309.6058,177497.7682,180400.5143,184085.7585,187696.9894,190589.3218,193077.709,195129.2438,197706.2477,199314.6818,199932.6566,199635.1762,199268.1396,198760.2252,198078.6429,197568.6651,197668.6252,198351.6987,199445.5246,200945.5404,202439.6268,204733.7979,207621.1192,211015.3397,213270.4227,214176.7819,214175.8288,213545.5004,213744.1267,215039.3626,217698.5373,219713.884,221276.2733
395037,659,"Rolla, MO",msa,MO,133348.2893,133524.548,133752.7924,133632.6719,133701.57,133748.9619,134214.0335,134840.5576,135742.0402,136016.9538,136357.8991,136665.0463,137899.9258,138982.3457,139764.3302,139947.2367,140173.356,140314.098,140496.5863,140606.7292,140712.972,140644.5199,140796.7781,141377.4307,142574.3217,143548.8541,144379.8325,144706.4813,145593.2965,146741.7247,148877.5302,150959.5021,153120.0386,154528.954,155880.8514,157671.556,160017.204,162553.8967,165062.536,167700.7656,170531.754,172901.2391,174602.0263,175490.7573,176282.1387,177161.3125,179232.5961,182102.7598,185716.9252,189029.2252,191757.7975,193981.4385,195411.5129,195897.7798,195442.5001,194569.9665,193744.7771,193248.6339,192850.8094,192660.9027,193049.0788,193959.7524,195050.5399,195588.9376,196004.1059,196378.4946,197084.6302,197502.1386,197823.4104,197955.2669,198106.8489,198839.0555,200356.7141,202847.5297,205266.9245,207104.6604
394482,660,"Coldwater, MI",msa,MI,138695.4562,140028.6757,141868.6188,143100.3563,144389.2838,145058.9843,145973.4361,146065.6292,146363.6623,146833.5213,147673.7106,148960.4837,151761.072,155837.6923,159643.5884,161170.0683,160408.2878,158723.0767,157021.2435,156463.0025,156952.7136,157822.8956,158006.696,157786.1811,157273.1247,157012.5436,156707.324,156565.5165,156766.5575,157732.529,160343.2224,163153.7065,165606.7999,167087.2366,168252.7276,170100.4199,172083.7719,174263.6533,176819.6515,180406.2133,183771.8993,185727.7303,185873.0441,186201.383,187238.9513,188333.1402,189922.9501,192060.9977,194026.3174,195802.3036,196301.2106,196789.1156,195988.3611,195279.0201,194502.8781,194017.6596,192875.3933,191608.7644,191589.4165,191897.3348,192686.9378,193147.5408,194635.0023,195794.4346,196671.4171,197131.449,198082.1814,198673.465,199311.8957,199324.7544,198824.1621,198381.2337,198493.5193,199610.7785,199698.1137,199996.6308
753904,661,"Marion, NC",msa,NC,160192.4985,161481.8604,162545.2261,163015.6943,164008.6163,164725.8305,165265.0448,165400.2345,166083.1124,167125.5727,169375.6107,172468.9817,176037.3758,178761.7278,180105.2849,180631.814,180979.7126,181333.272,181700.4868,182526.4676,183566.4606,184452.7021,184920.7193,184792.9862,185280.5601,185605.8558,185161.4144,185019.6555,186153.5935,189623.3647,193569.9916,196667.4412,199896.5811,202975.788,206902.9279,210697.0279,214255.9179,217727.7765,222392.6902,229615.7233,235457.0023,237676.3781,235638.7642,233851.4106,234264.5063,235104.0539,237162.9651,239488.4729,243087.9696,247022.3148,250307.5018,253430.8825,254674.1049,255257.1887,254901.6319,254740.9968,254279.6551,253847.6318,252470.6249,251204.5709,250413.1956,252141.6745,255235.6222,258535.1534,260499.5426,261971.1807,263092.1023,264168.1001,265268.386,266338.8816,266069.4115,265136.1136,264554.0443,266131.2604,268330.1807,270038.7931
394695,662,"Huntingdon, PA",msa,PA,129028.6103,130104.2447,130459.7642,130149.0101,129849.4694,129822.9427,129621.0151,129074.3656,128741.1305,128651.2606,128586.0912,129122.2283,130141.9373,132017.9819,133527.2161,134610.2194,135032.1445,135288.6382,135402.4714,135759.2667,136500.7575,137237.181,137315.7334,137299.2651,137187.8869,137813.2628,138205.2736,138756.426,140202.2543,142737.5166,146678.7641,151032.5432,155538.322,158844.0158,160741.4853,162080.6758,163325.335,164576.7816,165228.6695,166065.5475,166516.9276,166682.1289,166506.4978,166763.2636,167684.2391,168722.9421,170291.5645,172466.367,174904.007,176618.7353,177228.1244,178211.8182,179059.632,178820.3869,177081.8061,175755.2942,175384.2625,175453.7651,174509.7031,172381.6835,170625.4391,170775.3039,173744.3125,177546.3042,180584.2363,182446.9723,183326.9114,184021.387,183700.8329,183304.3762,182590.3474,182817.2889,183264.286,182087.134,181029.8357,180246.7868
394567,663,"Ellensburg, WA",msa,WA,307217.6574,310288.0643,314054.0787,317814.3365,321935.0203,325893.6722,329201.4219,331662.3388,333761.4466,335753.4536,336950.9197,338023.4156,339727.704,341628.8641,342961.6204,343245.7399,343072.9193,343226.8481,343904.1277,346063.6372,348525.4901,351449.3383,354222.3373,357263.5486,360228.719,363028.0463,364723.953,366217.2738,368619.4026,373308.685,379918.9629,387083.1508,394457.2745,401519.2129,408309.8775,416203.2673,424729.901,434254.1942,443551.0934,452712.2575,459594.1303,464062.217,466996.3745,471252.2274,476246.644,481322.0079,487934.1226,496754.7309,508301.697,519685.3295,528520.0376,533427.3255,533774.4318,530952.3998,527383.4113,524851.0528,523016.8905,520385.1806,516438.2301,513285.9312,512262.1549,513708.3907,516146.2573,518428.0552,519747.1246,520673.8835,520435.6872,519397.4326,517961.1006,516000.5165,514048.9085,512150.2355,511965.5559,513276.7059,514323.7386,514395.2941
394990,664,"Ponca City, OK",msa,OK,69728.56511,70089.22546,70614.3196,71050.56851,71899.22026,72590.63573,73342.417,73535.89971,73654.23467,73585.58447,73659.6491,74188.64022,74900.04289,75492.3834,75563.25983,75589.21575,75732.96857,75984.15122,76090.01423,76272.33851,76457.42623,76694.30233,76615.0529,76671.88735,76906.74673,77745.13218,78348.05724,78760.02485,79154.30271,80064.14967,81371.8648,82403.94256,83277.76827,84056.58395,85205.26152,86660.46943,88382.28026,89797.00804,90881.54444,91974.34607,92850.07394,93833.08209,94307.37625,95159.59641,96149.13506,97228.68554,98554.78842,99726.49689,101128.294,102085.4911,102758.8032,103337.9963,104150.9304,104979.9347,105904.4231,106445.1032,106510.9242,105689.2282,104624.9668,104076.7549,104437.957,105220.5386,105687.4627,105739.1865,105359.0318,104921.4155,104311.4403,104144.6519,104090.0568,104135.1897,104019.7406,103723.0768,103378.3239,103152.2542,103168.1847,103396.6011
394779,665,"Lawrenceburg, TN",msa,TN,130641.2591,131515.4587,132223.5444,132579.0718,132924.4559,133479.5144,134187.8001,134656.8148,135425.4619,136268.8547,137985.618,140369.6226,143240.5408,145624.5837,147282.7136,148848.5673,150412.9389,151807.8894,152467.2735,153032.8102,153789.1303,154544.5876,155131.1548,155869.6436,157230.736,158959.3793,160488.6341,161991.7816,162978.1589,164347.0856,166077.3532,168285.8573,170398.3407,172372.8471,174741.4925,177487.3635,179818.3402,182050.6094,184788.7697,188984.8152,193233.7948,196096.6864,197713.661,199534.7484,202695.1238,206558.2735,211910.9764,217705.491,222043.6585,225019.6809,227033.0638,229953.1998,231369.5987,231122.2864,229358.3035,227697.1752,226173.8623,225287.4113,224870.7324,225579.8998,226750.2028,228619.5306,230205.9886,231344.5752,231301.007,230976.2787,231245.5965,231465.1809,232049.3368,231633.3995,230410.2197,228928.848,228934.1628,231170.8736,234217.3691,236280.2391
394842,666,"McAlester, OK",msa,OK,92267.01588,92609.04575,93017.30227,93195.48248,93487.9923,93577.39724,94037.48804,94022.71394,94184.73012,94152.45167,94093.12629,93986.40741,94247.12009,94812.51608,95387.53087,95680.73216,96161.52245,96657.29646,97103.50403,97569.81935,98774.17896,100596.9593,102508.1997,103859.8498,104908.465,105753.7428,105975.2796,105682.5129,105564.8337,106154.0048,107409.6217,108736.1806,110368.5305,112064.0913,113653.131,115087.3473,116192.0818,116993.3975,117733.9626,118991.5273,119969.5167,120601.279,120621.1051,121298.5422,122420.7926,123493.9116,125055.5301,126738.7752,128951.7201,130238.7326,131042.1608,131719.6402,132496.7019,133290.172,133872.0444,134788.7485,135490.4035,135929.4135,135418.7614,134984.8234,134736.1818,135400.3766,136185.8349,136732.8149,136828.2308,136756.5298,136912.7703,137520.8373,138276.3948,139072.0359,139391.672,139566.8869,139856.1846,140396.2642,141093.0783,141744.0416
394886,667,"Mount Pleasant, TX",msa,TX,135211.031,136033.993,136941.5616,136958.004,136824.5065,136863.8999,137327.337,137920.948,138828.4208,139866.4996,141065.9166,142502.4624,144008.0848,145335.7109,145740.7307,146052.6187,146175.8337,146543.1429,147037.043,147979.0187,149084.4647,150131.7192,150679.5193,151347.0892,152032.4944,152732.7482,153384.2375,153495.7145,154582.7975,156352.4328,159367.1688,162061.3214,164701.369,167460.8502,170412.7038,173382.5271,175731.4413,177630.5089,179717.554,182617.4942,186520.9119,190015.276,192581.9754,194965.5702,198665.9865,202989.7473,206658.1699,208463.9456,210038.7261,212022.8441,214471.6974,217063.6381,217933.5757,217605.3807,215721.6278,214573.8081,213811.5867,213050.2024,212380.4708,211705.5384,212112.9392,213488.1364,215205.6093,216555.0056,217201.2108,217787.1826,218049.837,218088.1655,218025.0172,217593.4375,217051.5375,217141.6237,218498.2486,220164.2622,220759.521,220205.7619
395228,668,"Willmar, MN",msa,MN,171921.9841,172542.9711,173467.7336,174285.0463,175623.2327,176729.9149,177743.2997,178056.7188,178660.5875,179122.9314,180209.7703,181596.7086,183434.8755,184957.9664,186003.2515,186857.7261,187564.7943,188348.8377,188962.6142,189665.4812,190509.4086,191416.7127,192269.9303,193418.6678,194746.2703,195970.0045,196873.3213,197415.6118,198379.6102,199668.4182,201915.8253,204318.941,206754.5175,208534.2563,210236.1589,211961.5223,213716.1098,215742.3832,218417.9223,222110.4123,225988.7055,229057.4568,231054.2991,232784.4407,234653.6401,236616.8122,239035.4176,241736.925,244828.34,248243.9777,251587.9211,254728.1836,256130.2673,255922.6845,254642.1368,253326.0872,252304.0999,251368.2331,251349.4522,251947.4289,253408.3049,254608.0436,256181.7638,257716.5635,258819.6759,259250.8365,259460.4635,259750.3151,260244.3521,260551.8317,260782.8313,261637.5351,263681.2368,266217.5962,268137.3212,269031.0379
395034,669,"Rockingham, NC",msa,NC,80072.40029,80325.24949,80636.60613,81076.4615,81756.88184,82147.25284,82288.75504,82106.46709,82362.73835,82936.96429,83967.83111,85210.042,86518.23931,87264.16709,87552.93069,87496.91147,87398.71864,87173.57902,86744.3669,86702.06644,86890.66663,87336.58907,88171.22321,89490.53146,91540.97692,93715.77137,95441.78768,96311.28028,96651.96856,96512.97946,96195.87154,95525.71607,94819.07434,94527.10602,94448.91703,94721.89988,95273.77963,96082.49195,97825.72715,99966.58853,102241.5583,104052.9654,105521.1245,107054.1937,108910.0964,110078.3055,111331.9467,111978.0674,112973.291,114412.7114,116333.3418,118812.8777,120641.8068,121711.0441,121465.0228,120967.7027,120995.7594,121886.2191,122798.0289,123796.3886,125362.1419,127025.3423,127912.7622,127596.6991,126852.1458,126140.6669,125951.6166,125958.3503,126382.178,126137.0279,125077.3363,123868.2879,123833.4952,125361.931,127111.0444,128454.4709
394895,670,"Muscatine, IA",msa,IA,140366.0925,140800.5758,141554.8573,142096.0769,142834.4631,143196.2623,143576.0439,143723.1144,144017.8092,144267.6047,144617.9881,145351.0859,146361.0457,147086.0414,147412.7545,147253.4924,146967.6498,146811.3631,147124.7976,148004.6399,148793.7235,149438.4536,149566.5246,149890.7738,150330.2112,150846.9569,151279.0099,151506.9509,151878.5305,152343.1709,153568.0619,155322.0606,157420.5227,159239.7185,160580.1616,161876.5549,163354.6053,165118.0294,166916.98,168562.5994,169901.3028,170714.9475,171141.8688,171920.3109,173026.4213,174238.93,175481.7935,176863.6887,178583.5597,180518.4549,182583.386,184590.2331,185964.34,186435.6369,186313.2769,186509.1983,186884.8153,187152.5203,186562.9355,185960.8337,185880.9864,186228.7002,186670.3903,186838.2457,186950.8837,187209.4389,187698.0665,188331.4556,188589.376,188770.3328,188895.4545,189582.5889,190941.4161,192650.7017,193928.7445,194142.9478
394785,671,"Lewisburg, PA",msa,PA,190747.7345,191389.2918,191490.6068,191512.5976,191961.2986,192561.153,192943.5314,192503.026,192102.048,192045.486,192593.8745,193452.4989,194822.2785,195896.092,196987.6202,197699.0194,198709.1713,199357.9811,200144.7341,200973.0947,201753.9748,202605.8681,203337.2526,204504.7888,205661.4635,207095.1452,208174.3034,208973.9489,209834.1634,211258.1013,213152.0684,215543.1393,218273.7572,220605.5996,222005.1706,223608.7881,226051.2164,228945.495,231251.1188,232912.2374,234060.4832,234508.2275,234066.351,233844.0078,234090.7827,235314.0489,237849.133,241777.2781,246352.8709,250621.7709,253522.163,255564.4635,255960.4178,255699.6935,254898.854,254947.0722,255478.5836,256506.531,257172.1223,257463.1399,258353.9249,259892.846,261751.4473,263275.5539,264371.7012,265166.7415,265490.5578,265465.6917,265713.7514,266201.1629,267130.4425,268633.5605,270353.1681,271630.3937,271976.7119,271398.0173
394349,672,"Auburn, IN",msa,IN,143691.9174,144777.442,145892.3907,146738.6639,147675.7848,148412.2405,149091.5331,149435.4284,149936.2839,150496.1412,151321.6357,152282.4164,153321.0194,153999.4674,154397.1885,154735.8063,155335.6017,156036.1534,156795.6398,157548.497,158288.1246,159111.6535,160108.9138,161225.1121,162462.5231,163638.3112,164496.581,165072.2438,165607.2813,166319.7649,167451.777,169102.7738,171356.138,173687.6667,175779.2706,177923.7963,180305.7279,182667.6495,185248.7176,188000.6406,190673.1229,192484.2328,193161.0384,193587.8928,194372.0998,195520.4121,197758.9642,200574.0032,204168.4333,207398.538,209978.9399,212074.5205,213095.8124,213264.493,212472.0989,211826.9991,211421.9547,211426.6549,211172.1913,211068.1541,211517.9066,213204.5877,215482.9533,218027.5193,220245.2168,222436.6335,224198.7181,225278.7746,225718.327,225717.9138,225920.8729,226667.2917,228285.6843,230470.2429,232451.9062,233899.8311
394545,673,"Duncan, OK",msa,OK,84255.49869,84774.21147,85080.28436,84784.23466,84447.53921,84233.44278,84425.42774,84358.53684,84764.74846,85299.49975,85761.01032,86018.91595,86416.48611,87136.21809,87662.96849,87791.9273,87540.18603,87205.31149,86922.47535,86858.90728,87042.00004,87344.57394,87237.51752,86920.14535,86803.84861,87098.59427,87104.31665,86580.6361,86219.47864,86498.73837,87430.89951,88271.62887,89193.08455,89968.23366,91079.6609,92087.37511,93353.91342,94559.14731,96124.98968,97874.3494,99941.55259,102061.4351,103873.7305,105413.5104,106719.9439,108009.0916,109720.6524,111556.0991,113296.7677,114282.3743,114970.3626,116307.1468,118108.4899,119219.5292,119409.3871,119378.0697,119619.2526,119712.2192,119411.33,119389.2105,119741.588,120619.161,122167.4981,123742.4158,124825.5468,124708.475,124411.1834,124483.942,125271.9787,126445.2086,127484.0824,128494.1612,129491.5515,130612.0456,131450.3568,131948.2265
395081,674,"Sedalia, MO",msa,MO,95060.92849,95946.75756,96910.64958,97313.67772,97171.4738,97042.08173,97945.81497,99421.6705,101579.4971,103216.5101,104726.5569,106117.2363,107477.4703,108984.7677,110153.4084,111195.0731,112194.7294,112722.4629,112878.4629,113305.2478,114396.5947,115677.2457,116272.1587,116742.3752,117067.8406,117873.6929,118661.7872,119435.3548,120139.5655,121088.3179,122913.3374,125171.624,127523.0179,129359.4561,130701.5851,132058.5574,133416.752,135084.0091,136939.5702,139222.7121,140919.5083,141550.6833,141678.7091,142142.6283,143318.5708,144702.4439,147213.9666,150631.5672,154291.1274,157076.6339,159014.503,160476.2128,161232.0387,161220.4289,160935.4213,160991.7138,161005.0678,160695.6708,159455.8926,158370.4146,158180.3375,159591.0942,161857.7354,163882.0409,165466.2847,167346.2219,169431.4472,171274.3799,172468.6202,173097.0858,173546.8454,173685.0199,174017.0122,174931.9933,175766.6118,176400.1082
394448,675,"Cedartown, GA",msa,GA,100673.207,101832.3647,103143.3186,104344.2383,105638.493,106885.365,108368.0773,109514.8861,110752.2431,112048.513,113336.7522,114385.5295,114865.5126,114627.0945,114382.7481,114209.914,114370.325,114374.917,114321.52,114770.1414,115379.0736,116550.2369,117667.6593,119032.1068,120664.6773,122805.5445,124657.4869,125840.5997,126608.3761,127958.3773,130125.9455,132728.5621,135737.5479,138771.2443,142010.4672,145323.1377,148726.6694,152221.4009,155623.3061,159476.0449,162219.12,163892.4576,163658.1755,164003.1953,165096.064,167353.8308,171086.1152,176213.158,181487.7556,185506.5469,188415.3737,191706.5676,194933.3481,197617.561,199021.3049,199723.3954,199751.6045,199294.1763,197837.201,196095.4743,195369.6968,195974.0236,197670.1119,199491.5052,201245.1535,203033.5443,204863.6766,206317.2876,207069.543,207106.7826,207411.6373,208320.9975,210112.0283,212427.8781,214883.9886,216779.7732
394677,676,"Henderson, NC",msa,NC,104936.6427,105709.4929,106154.1887,106087.6271,106055.9217,106115.1388,106188.279,106276.5306,106934.1942,107958.9172,109794.3829,112070.2073,114844.7025,116967.493,118125.8073,118253.6133,118132.2009,118153.3557,118336.8584,118907.6884,119507.7073,120296.6402,120910.6434,122221.3376,124269.0091,126815.9304,127766.1138,127475.3838,126310.5112,127059.4222,129325.0782,132728.6064,135953.1803,138638.2881,141077.5995,143646.0198,146423.0752,149087.7727,151710.0676,154689.7776,157345.6501,158899.0449,159091.2683,159513.7923,160680.3647,161674.7941,163290.5805,165247.1526,167541.1266,169098.6919,170199.7139,171794.6274,173444.7591,174187.9251,173271.9919,171398.8768,169633.0246,168695.2556,169785.0684,172625.7871,176189.7097,178966.1952,180717.4336,181037.6143,180103.4109,178290.357,178042.1373,179243.18,180576.0605,180620.0854,179354.3182,178809.6616,180125.9216,182961.3029,185416.2379,187123.4153
394297,677,"Aberdeen, SD",msa,SD,157979.8581,158289.5688,158622.9523,158807.08,159439.2398,159764.2542,159929.4159,159699.9818,159827.4406,160158.2326,161196.7623,162697.6239,164419.7573,165638.559,166240.1266,166678.8562,166924.5553,166994.3518,167214.7471,167966.7739,169162.5513,170420.6425,171405.0562,172061.0382,172366.1985,172783.5971,173299.8615,173824.2304,174918.2749,176429.1692,178866.7656,180624.9108,182325.8743,183609.1457,185096.3206,186746.9259,188418.3171,190300.0611,192385.172,194469.5817,196067.9388,197130.1064,197410.0635,197867.6281,198855.8207,200432.5971,202792.7133,205175.3936,208149.9416,210776.9543,212952.5206,214357.4718,215122.2784,215510.4299,215753.9797,216046.1891,216089.7754,215413.7335,214991.9658,214277.8444,214839.6127,216034.289,217931.3755,218641.8867,218410.3111,217926.6549,217778.5147,217603.6,217657.6654,217830.8151,218258.9056,218899.5439,220129.4994,221505.2678,222790.7249,223262.3989
395032,678,"Rock Springs, WY",msa,WY,220219.4988,220254.078,220626.874,220726.1515,221277.9095,221669.4203,221958.9779,221802.777,221737.063,221729.7094,222273.4962,223326.4365,224989.3694,226361.9753,226842.5889,226852.9052,226495.1825,226748.8398,226896.1595,227388.1808,227829.7333,228572.8752,229594.3733,231011.0283,232814.8197,234169.3247,234525.8257,233797.1054,232834.6061,232212.8637,232499.5706,233427.9902,234862.3484,235711.8398,236312.2496,236695.1731,237982.2538,239653.2411,241506.3104,242705.0814,243562.8867,243956.7888,244197.0957,244717.3014,246213.1003,248010.4785,250173.5767,251965.5476,254134.0713,255853.4804,257040.1682,258163.4616,259154.0276,260374.9357,261006.9401,261848.75,262428.9541,262924.3364,263547.9794,264830.6682,266487.8417,268231.4587,269888.0576,271625.4625,272443.3573,272600.3033,272490.0375,272488.1718,272572.142,272666.3774,273560.1018,274598.878,275898.1192,276818.9212,277588.0392,278084.4392
394627,679,"Garden City, KS",msa,KS,153512.8348,154247.3036,154966.2226,155643.5308,156631.7942,157592.5939,158328.2474,158537.0952,158473.7648,158401.6304,158654.0956,159460.5759,160763.126,162079.583,162950.3311,163596.0695,163969.6685,164578.7616,165219.0263,166193.2062,167449.9253,168687.5656,169400.225,169821.1277,170231.8671,170986.5941,171859.2426,172883.7985,174321.3858,176207.397,178357.7147,180518.5025,182359.7334,183841.3632,185352.2432,186967.8568,188890.2086,190927.287,193140.102,195168.7795,196545.5465,197527.4704,198610.2253,199988.8235,201778.3315,203810.7015,206568.7151,209393.457,212300.8198,214908.7716,217443.0245,219708.9055,221141.7886,221576.4864,221233.3699,221454.9228,222025.0794,222656.358,223024.2747,223006.8172,223302.6859,223949.2575,225442.9425,227044.4618,228128.9236,228437.9726,228137.3722,227741.8135,227283.4662,226709.6914,226310.6219,226679.2409,228133.4557,229657.4435,230776.4768,231247.4994
395129,680,"Stephenville, TX",msa,TX,174590.1393,176099.6046,177675.493,178682.9542,179794.3376,180601.4186,181931.4673,183074.8219,184540.0687,185755.0279,186944.0164,187669.2935,188337.4551,188849.2944,189274.2904,189578.6169,190155.0977,191209.0716,192327.5873,193640.8033,194750.0177,196116.0039,197722.1051,199470.6142,200930.744,201623.9213,201893.35,202355.1148,203828.0071,206281.7735,209394.3746,211989.8368,214232.9747,215935.0181,218087.4946,221029.2057,224657.253,228677.0138,233270.5616,238873.1907,244750.8785,250208.1704,254319.4472,258131.2014,261728.0772,265665.5665,269769.1889,274054.9285,278865.0761,283834.775,288767.4355,293099.6126,295599.5459,296222.3198,295101.3404,294953.8949,295833.5007,297577.6825,299175.3047,299703.0275,299987.1149,300645.1609,301934.7158,303975.3217,305012.2746,305776.7385,305785.462,305729.6816,305698.7336,305529.5575,305858.1185,307463.3054,309961.6618,312722.22,314107.4994,314975.7898
394449,681,"Celina, OH",msa,OH,154241.6332,155107.8046,156066.2843,156849.927,158024.0446,159452.5585,160904.2091,162134.8003,163242.5041,164164.6751,164805.928,165439.8184,166270.2307,167050.0165,167660.1251,167997.6359,168584.5474,169087.4776,169615.4469,170452.0162,171328.3215,172088.8473,172429.264,173172.9158,174452.4773,175956.4747,177434.3146,178819.83,180263.9255,182000.4323,184259.0382,187193.1464,190091.0581,192741.1658,195013.9902,197600.3915,200147.3703,202575.7065,204666.0511,206942.0731,208762.2825,209728.1358,209914.6678,210299.7524,211154.8024,211854.1423,213424.3525,215404.6867,218011.6603,220819.8057,223471.0234,226238.3326,227770.0622,228862.273,229185.9981,229780.3897,230195.0668,230590.2987,229738.6312,229094.921,229069.7788,230819.4928,233743.7825,236801.3905,239580.2895,241512.8993,243026.1924,244039.4817,244806.7676,245269.3565,245027.5731,244894.8265,245567.0334,247059.2482,248471.1026,249193.4477
395230,682,"Wilmington, OH",msa,OH,140164.5427,141280.6875,142069.2759,142016.9676,142048.0523,142338.0722,142967.5297,143572.3945,144219.9793,145061.983,146209.4937,147503.1246,148691.1692,149380.7836,149642.4588,149695.9588,149715.9283,149976.1859,150305.9681,151042.0016,152156.2884,153352.8027,154848.7052,156412.3482,158419.1913,160016.8185,160978.7039,161559.6005,162481.7942,164133.2112,166400.553,169261.1134,172476.3047,175873.1865,179197.6161,182730.5571,186318.748,189500.3467,192200.5806,194524.2232,196360.4633,197161.0697,196995.9958,197054.3946,197732.1345,198991.432,201565.7014,205271.1393,209550.8914,213015.4888,215520.4337,217402.9591,218389.3105,218490.1406,217793.1179,216945.2112,216042.6786,215032.1435,213690.0536,213036.4817,213478.3653,215198.1152,217147.6495,219158.9502,220884.7858,222501.9093,223730.2795,224374.5773,224752.2421,225105.9987,225794.6261,227191.2446,229294.9355,231691.7407,233487.9721,234415.1558
394424,683,"Bucyrus, OH",msa,OH,82398.47476,83163.2485,83957.44116,83912.84599,84051.78408,84305.62105,84882.88561,85107.22792,85371.86772,85892.67807,86659.17957,87567.02232,88572.12524,89547.22065,90206.29817,90669.77416,91349.00159,92091.88084,92615.32606,93388.00399,94821.52652,96443.79242,97487.41288,97564.8766,97622.85491,97655.69274,98048.91916,98482.4065,99653.39966,101192.9335,103293.8524,105075.0698,107179.0044,108981.0623,110713.723,112386.4535,114286.5412,116367.6937,118198.3769,120174.3935,121357.9789,121775.0813,121269.1209,121263.1358,121791.0243,122599.8605,124037.3848,126009.9373,128234.6688,130084.1093,131297.3732,132603.1949,133470.9964,134010.245,133976.418,134415.1651,135195.6937,135843.0805,135607.1547,135325.4445,135385.417,136134.5439,137114.7443,138463.9669,139535.5349,140206.7584,140188.3294,139982.7045,139579.231,139317.3161,139202.9369,139626.4812,140709.7626,142300.46,143965.3048,145005.3519
394319,684,"Alma, MI",msa,MI,119642.4639,120008.9455,120478.2985,120532.8752,121221.186,121552.178,121333.5006,119603.2917,118429.6741,118344.1907,118900.0381,118872.116,118269.6421,117879.8681,118955.1917,120576.8684,122161.0402,122780.7483,123171.5546,124287.8067,125515.858,126321.7001,126929.6029,128497.0724,130449.5184,132634.0203,133490.9489,133075.9208,131852.0389,131705.8392,134073.4109,137049.9168,139537.3061,141002.9501,142642.0482,145105.3934,147768.2863,149654.6886,151616.6236,153889.5067,156300.0414,157346.8263,158170.2708,159340.0841,161593.3696,163017.3244,164248.6744,165033.4911,165783.0762,166587.5739,166597.9037,166205.4824,164800.1014,163644.4611,162974.0928,162926.1018,162500.4564,162694.4335,164649.1708,166723.9784,168555.9843,169276.6362,170397.3609,170362.4302,169268.2806,167687.8002,166113.5368,164448.2948,162989.7736,161295.0375,159751.2074,159667.2002,161694.0751,164936.8319,166391.1695,166854.4364
394558,685,"El Campo, TX",msa,TX,146942.6974,148036.3735,149097.0754,149079.1638,149337.01,149696.9575,150589.8574,151117.6148,151976.5604,152711.7853,153724.5772,155013.3599,156891.4714,158608.9632,160120.398,161701.1328,163309.3619,164516.2444,165387.1972,166651.3242,168090.1701,169291.6881,169786.9265,170373.3696,171260.7014,172356.524,172978.8268,173012.8504,173447.4172,174695.4476,176915.9006,178786.0766,180112.7273,180725.0674,180754.4492,181432.1208,182835.9511,185063.7044,187102.6474,188594.3787,189630.8895,189949.3574,190000.5938,190590.7149,192151.2664,193703.6688,195578.4555,197608.1168,200455.2447,203148.251,205233.8614,207219.6397,208266.2618,208761.1768,208193.0245,207853.8248,207247.3812,205286.8585,202551.2399,200181.6132,199547.4277,199839.349,200635.0064,201810.525,202264.7913,202159.8802,200885.5185,199614.6053,198044.0195,196662.4395,195492.9331,194864.6981,195486.2876,197092.8305,198964.8157,200179.9791
394891,686,"Mountain Home, AR",msa,AR,144070.0252,144878.7725,145554.847,145694.5212,146043.7263,146274.5951,146804.8336,147080.3576,147560.9117,147889.4088,148211.5508,148626.5811,149316.4766,150562.6707,151636.1883,152634.1514,153152.2451,153702.6794,154041.8753,154567.6586,155309.4691,156162.24,156620.1098,156622.9799,156704.9093,157213.9597,158124.8276,159108.633,160214.4448,161305.4174,162746.0032,163971.3076,165119.4429,165905.746,166989.2253,168682.786,170774.1354,173053.9847,175853.6332,179056.2409,182593.1024,185415.7805,188069.3006,190804.7696,194124.4781,197513.2701,200843.3792,203379.5667,205271.312,207130.0548,208856.3445,210644.9483,211381.7647,211504.3692,210781.7274,209890.4923,208742.7324,207603.7169,206379.7374,206295.6254,207711.0437,210238.3057,213149.9745,215211.9531,216331.4966,216339.1541,216327.1127,216322.9572,216288.577,216066.1793,215784.0216,216077.7244,216992.3759,218610.9772,220076.9721,220927.963
394624,687,"Gainesville, TX",msa,TX,188662.1186,190249.9895,191996.2409,192882.4793,194405.6319,195745.3245,196732.2277,196937.7719,197953.7306,199434.0737,201384.5946,203017.1389,204859.9588,206363.0555,207844.2885,208844.5303,209983.446,210952.5506,211848.2854,212693.8823,213586.4386,214294.3527,215616.136,217668.093,220289.275,222307.6337,223084.4978,223795.0184,225045.889,227558.4751,230486.5973,233121.5284,235288.7459,237461.7028,239619.7883,242425.3496,244904.1012,247873.9587,251559.7412,255983.1808,260945.1655,265237.7043,268498.5478,271091.6155,274624.2516,278872.4912,284000.4855,288461.3132,293037.931,297574.768,302333.0296,307415.4856,310873.6941,311515.0279,309959.4467,308408.4916,306996.6071,305062.0833,301238.221,297757.472,295598.4103,296463.1416,298659.1101,301595.0125,303192.9805,303544.9381,302966.2161,302096.0187,301479.2454,301156.0129,301854.4162,303413.7348,305491.2465,307286.9594,308393.8955,308673.3136
395158,688,"Tifton, GA",msa,GA,124620.0691,125613.4609,126533.924,127173.5335,127823.1704,128276.8596,128799.3368,129079.8526,129632.1422,130080.9054,130557.8318,131102.2028,132070.9907,133011.0693,133972.4457,134729.748,135488.1776,136363.4152,136723.5776,137198.2746,137408.6053,138121.0452,138600.7432,138907.4127,139184.0121,139900.4445,140821.7988,141903.0028,143024.8969,144565.8891,146517.0393,148196.6533,149428.9229,149896.0803,150538.4834,151607.6044,152947.5476,154333.0763,155663.1757,157271.8932,158654.7555,159465.5231,159998.9925,161246.4558,163349.175,165406.0495,167650.03,169912.1897,172062.2028,173902.1881,175106.2347,176753.8433,177957.9879,178848.4574,178896.9258,179030.9408,179341.1263,179517.9454,179168.5999,179576.0011,180702.0316,182563.6019,184347.4771,185805.6265,186370.7787,185982.4018,185389.0485,185364.6278,185675.445,185968.6998,185864.9298,185938.0189,186589.1308,187728.2436,188850.5651,189517.7246
394397,689,"Blytheville, AR",msa,AR,61833.15826,63230.12961,64476.10776,65069.83441,65877.26443,65856.16907,66277.9197,66209.33981,66855.94471,67857.84557,69029.72187,69690.70372,69381.29951,68677.08642,67859.57027,67472.56865,67098.97314,66844.89882,65794.09611,65191.6633,65027.72601,65833.29464,65978.95799,66712.48852,68724.9901,73078.97769,78120.65354,82558.60139,86435.38129,90264.26877,94489.85452,98463.04575,101571.1991,103795.1268,105467.5323,106670.9557,106880.0035,105627.7635,103651.1272,102362.7554,101326.6467,100464.5979,99975.16193,100366.7549,101164.8336,101396.1329,101490.9778,101196.535,98909.59833,95165.33995,91124.68408,88916.9409,88780.28463,89849.00369,91429.22077,92250.26773,91398.67444,88457.36028,84329.23658,80779.39261,78880.2865,78829.74824,78879.83881,79226.0536,79347.79993,80510.91786,81725.09917,83191.68395,84080.81301,84841.65751,85106.60723,86184.45603,87788.30476,90168.8853,91753.10031,92397.89394
394845,690,"McMinnville, TN",msa,TN,126708.2416,127484.8937,128496.7558,129351.9418,130192.9575,131083.7655,132242.6979,133102.1413,134031.4411,134654.8878,136121.2149,138018.5711,140355.3212,141972.3094,143413.0914,145162.7948,147324.2738,149512.8653,150986.1894,152241.1183,153566.2734,155272.3852,157046.9798,158983.4913,161192.6936,163400.3303,165108.9637,166095.0787,165971.1374,165481.2564,165598.778,166799.956,168626.4608,170712.1105,173033.1089,175585.3805,178210.825,181127.1534,184894.8483,189548.1273,194172.483,197356.9764,199291.0552,201775.0827,205694.8303,210042.1396,215249.3804,220899.5039,226266.3635,230680.5532,233421.9994,235505.9111,234973.2767,232578.7099,229075.2043,226478.5709,225128.0858,224571.6831,224248.6435,224672.8892,225813.1204,227432.4827,228668.5527,230559.2635,233126.1879,236118.4749,238896.7314,240773.7785,242476.9001,243478.961,243610.9841,243913.961,243898.1234,244766.4165,245648.5503,246704.6375
394341,691,"Astoria, OR",msa,OR,312683.6631,314522.9566,316464.011,318178.0138,319955.5863,322081.1448,324120.4492,325556.8281,326459.1372,327850.2784,329617.0992,331563.7993,333533.0545,335347.3722,336815.674,338476.2691,340110.7814,341864.9468,342731.0729,343662.413,345080.056,347201.7002,349550.6522,351846.9032,354550.3814,357009.3364,358400.5453,358822.2095,359764.3652,362741.4185,367588.5788,373623.2093,380422.1409,387372.7766,394588.7849,402095.8357,409979.3446,418177.4089,427018.3893,436157.3455,444428.8716,450388.2438,454821.312,458923.7696,464310.4706,470262.8836,478374.1309,488319.2876,500484.542,512412.7454,522925.8343,529995.7513,532102.9014,529069.2672,523564.9525,519122.7001,516836.8371,515861.4034,515581.4182,515937.9542,517249.1193,519721.1987,522474.6864,525786.5659,527680.7132,528559.5488,527790.6046,526334.3649,524418.7976,522799.6249,521274.4308,520989.5619,522201.3071,524214.6265,525942.6155,526388.9019
394409,692,"Bradford, PA",msa,PA,91416.99093,91441.89101,91254.17741,90697.18882,90205.80242,89369.74681,88144.77574,87049.89635,86888.91396,87591.35696,88425.4204,89180.18801,89936.11145,90585.10921,90961.47117,90973.22683,90816.35182,90749.78727,90769.19743,90951.38182,90762.15314,90375.13922,89835.88167,89757.50029,90083.17145,91050.83993,91743.70101,91801.28649,91443.0443,91714.15214,93481.45148,95580.77841,97584.32896,98634.91163,99768.60953,100928.3595,102605.6943,103701.0719,104408.5591,105037.1098,105513.8784,105242.9717,104118.3133,103565.9172,104171.9695,105268.37,106534.6769,107342.1504,107373.7074,106748.6453,106031.11,106247.684,106666.4419,106830.0877,106207.0042,105681.8443,105160.8613,104803.3423,105050.7239,106012.9787,107818.4661,109013.233,109797.2536,109931.8234,109402.8175,108028.2074,106626.4763,106080.6653,106384.8145,106755.9733,106641.1817,106577.9176,106968.4958,107848.4191,108509.5552,108802.3753
394574,693,"Espa-¦ola, NM",msa,NM,210187.6007,212091.7294,212815.6308,212602.8328,213413.9473,215680.4442,217923.8114,219320.922,219847.3637,220014.6769,219814.6976,219389.5144,219720.6778,221176.5377,223974.7157,226744.5177,228482.8659,228969.471,228799.5657,229661.3843,231071.2072,231769.8618,230816.877,228918.4727,228005.7857,228484.1113,230533.3407,234173.6635,239304.1304,245416.9697,251345.0894,257028.2504,261506.4507,264954.4706,266181.006,267303.6896,269091.3244,273117.8068,278795.8207,284935.023,289899.2442,292132.0945,291421.4074,291471.1464,292822.4152,295338.9549,296047.2211,296447.2406,297635.0048,299782.9485,302419.0385,305853.5745,308033.4921,307041.3503,302735.6843,298357.4657,295531.1166,294360.7856,293049.437,291696.3184,291190.5628,292773.7692,294760.5694,296745.196,298314.8529,300593.8761,302538.5659,304457.7219,305884.1669,306300.726,306688.871,307465.7302,309833.3616,311999.6244,312446.2379,310801.8872
394844,694,"McComb, MS",msa,MS,98817.51492,99815.70118,100393.318,99869.61693,99200.7214,98910.18423,98963.64822,99202.88291,99993.31175,101434.7133,102942.8865,104046.0311,104494.6963,104488.8217,104650.8158,104883.0216,105376.4888,105366.348,104969.1392,104435.0901,103923.9426,103821.6206,103552.5311,103603.5867,103845.6666,104565.1598,104839.6959,104664.8458,104841.492,105943.4685,107666.342,108363.6308,108154.8723,107538.0232,107559.8754,107830.7899,108275.1912,108735.5169,109444.0508,110244.681,112265.2473,115272.7291,117956.1449,119051.309,119012.2719,119092.0315,119111.9647,118371.1914,116931.0365,115698.1143,115559.0251,116685.8081,117860.3732,118259.4761,117628.1379,116290.0564,114948.6436,113974.8887,112557.2274,111604.0001,111493.6252,113340.3929,115485.2096,115687.4707,114902.5986,112609.7227,110549.5964,107778.0876,105178.9172,103455.167,102124.4099,101187.6838,99910.01687,99511.0271,99476.13712,99615.85281
753866,695,"Big Stone Gap, VA",msa,VA,88184.91706,89425.75901,90009.51089,89459.57111,88828.44553,88482.25516,88536.96074,88161.6845,87953.99282,87829.09133,87947.08516,87791.72242,87640.22717,87203.83775,86788.06922,86020.68525,85375.45734,84490.57505,83669.35969,83113.53536,82791.04436,83013.14567,83255.75762,83985.86516,84778.25086,85673.8699,86352.72313,86704.61558,86985.87656,87814.75948,89501.99015,91519.44342,93692.60329,95536.65392,97094.59062,98227.37411,99385.16691,100827.0839,102393.6414,103812.9005,104123.111,103867.5082,103143.4405,103367.2603,104578.7478,106359.3527,108937.047,110903.9935,112422.0785,113221.8224,113827.4966,115237.2732,116539.0093,117525.9769,117417.4361,117045.7016,116688.1766,116025.7746,115640.8319,115019.4229,115376.0579,116327.9782,117753.9784,119101.9468,119717.1394,120393.3702,120782.4946,120860.5476,120987.4704,120679.2421,120007.6567,119254.0696,119426.0943,120602.7689,122125.7321,123595.6394
394833,696,"Marshalltown, IA",msa,IA,104968.7505,106292.7889,107423.1995,108865.8979,110419.9621,111822.4881,112871.9911,113543.7715,114097.669,114199.9958,114458.2096,115181.1393,116656.0813,118253.9554,119671.1883,120628.9999,121067.8716,121215.1981,121337.562,121865.1574,122249.7436,122360.8456,121999.323,121876.717,122164.3529,122722.7834,123366.0536,123622.3844,123827.7685,124044.9026,125058.7228,126465.6379,127853.5325,128755.3064,129278.4919,130193.6604,131653.6725,133528.6738,135584.4772,137368.6857,138976.3658,140068.9358,141113.6154,142210.7618,142955.4548,143276.5141,143858.2596,145226.5631,147447.8878,149671.0548,151835.8296,153606.8277,154487.2951,154326.0627,153729.7732,153363.635,153217.8066,152844.4641,152185.186,151683.621,152036.8495,152980.9197,154434.9947,155459.8863,156067.0059,156431.2866,156576.2428,156798.3179,156661.8365,156434.9281,156417.0453,157208.5734,159015.5422,161334.9836,163352.3538,164624.9688
394384,697,"Big Rapids, MI",msa,MI,137721.0184,138452.8485,139595.586,140357.0036,140941.7495,141122.3307,141422.9422,141784.886,142790.5813,143842.5462,144676.5328,145288.756,145925.4109,146629.8338,147250.2423,147697.3129,148146.8724,148510.6827,148944.3387,149880.3655,151161.1614,152480.3796,153985.8603,155889.2336,158119.624,160109.161,161008.4004,161534.3444,161538.1647,162244.7148,163919.0266,166176.5728,168361.0251,170020.9199,171733.1197,174252.5932,176858.2707,179530.1095,182482.3277,186375.8857,190056.4186,192530.8496,193384.1489,193731.3287,194549.9828,195684.7679,197979.0734,200792.7677,203957.8497,207062.6904,209357.5348,211244.6301,211632.2605,211187.0712,209383.1265,207754.5815,206217.2077,205696.1383,206490.3295,207488.5426,208761.0724,209604.1065,210717.2533,211382.8055,211505.7884,212169.2291,213154.3697,213684.8841,213198.7468,212203.9458,211277.1692,211387.8088,213055.4216,216294.0418,218782.9933,220587.5935
394354,698,"Austin, MN",msa,MN,114570.7036,115766.0359,116395.58,116611.6339,117038.5322,117594.0398,118330.6935,118993.073,120068.6383,121052.8684,122337.4649,123723.3407,125237.4975,126334.6663,126857.4092,126996.9457,127017.8231,127120.1293,127129.7374,127323.5182,127588.8364,128079.064,128687.9737,129571.6983,130765.8623,131979.9831,132838.8976,133399.7734,133980.6038,134911.5384,136319.8516,138165.411,140470.3807,142897.9254,145377.2439,147791.632,150128.2565,152452.3149,154845.5292,157286.7952,159295.3969,160700.9026,161476.2963,162169.1548,162873.8361,163781.1767,165770.0036,168755.4773,172205.4247,175240.3743,177507.2217,179343.8391,179916.6466,179375.0912,178073.2777,177107.4091,176601.4606,176324.406,175725.5532,175383.2812,175387.0603,175947.0796,176499.3426,177078.2566,177866.5132,179333.0622,181225.9365,182796.8616,183705.1032,184155.6621,184593.1807,185530.8616,187081.7865,188772.3323,189857.6943,190174.0895
395082,699,"Selinsgrove, PA",msa,PA,181535.8172,182342.275,181777.6597,180184.4964,178935.0434,178368.907,178350.8811,177955.0223,177985.5746,177383.2991,176674.3436,176505.5134,176975.6444,178593.4519,179753.6397,181663.55,183150.1918,185188.3737,186508.645,187654.3659,188635.5992,190490.56,191418.7862,191290.34,189525.0929,188897.4883,189171.6013,190273.1681,192190.7671,195372.203,199830.1921,203196.3231,205015.2225,205121.5646,205447.4455,207131.0976,209059.4878,210823.7576,213139.8453,217459.4981,221716.9626,222966.787,221791.5449,220418.2156,220525.6865,220787.3789,220931.7431,221158.0594,222061.731,223201.064,224365.1316,225873.0815,227200.6317,227313.3349,226409.3133,226112.3809,225984.6352,225754.9163,227167.644,228598.9049,230817.9304,230665.6979,229918.4391,228574.6214,226725.9217,225405.8415,222965.725,219721.5313,215624.4516,213537.7424,214251.7731,215836.5602,216598.6651,216209.0713,216358.6205,216420.3887
395219,700,"West Plains, MO",msa,MO,119450.8385,120069.4534,120492.3883,120363.5389,120333.1854,120416.9086,120842.9665,121105.5969,121867.672,122673.4854,123095.1384,123357.914,123597.0047,124345.656,125189.9298,126177.4195,127017.384,127617.9517,127787.957,128121.4016,128703.9138,129508.1915,129898.3494,129997.7647,130004.1856,130361.054,130604.1844,130753.3771,131460.4569,133123.3253,,140216.3488,143529.6491,146130.8443,148568.4975,151280.3234,154010.1265,156936.8988,159914.3752,162830.5177,165230.3891,166796.4955,167168.047,167668.7248,169564.5814,172816.2055,177812.2031,183107.4732,188382.797,192534.8007,195376.1433,197421.513,198004.4984,197637.5828,197011.3177,197237.9461,197375.7453,196986.3351,197315.3747,197878.9473,199646.1233,201724.7847,203522.3068,204794.0551,205473.3913,207157.2966,208566.3426,208846.3916,207926.1436,207233.9983,206999.4837,207941.2132,209280.8593,210731.5482,211389.9089,212043.7308
394934,701,"Okeechobee, FL",msa,FL,135223.5802,136935.0447,138183.3774,139242.8383,140709.9715,142326.7441,144022.7916,145183.1752,146297.4942,147248.398,148368.9876,149645.261,151102.4868,152625.9924,153720.9053,154581.3459,155042.8644,155712.3976,156221.3815,156984.8773,157963.2122,159349.3551,160687.5353,161819.8867,162534.7994,163101.5898,163177.7649,163392.1666,164008.2224,165515.469,167597.4568,169929.123,172210.5471,174527.1654,176761.7254,178970.8685,181164.8122,183889.1364,187470.5696,192254.6884,196901.1478,201028.407,204114.47,207193.2692,210147.3996,212842.7237,216004.4674,220138.0962,224969.6146,230746.2204,236892.2346,243381.8295,248000.4139,250254.634,250284.3083,249723.455,249446.5789,248986.3331,248530.7533,248283.6415,249371.6227,251269.0198,253728.9316,256581.9471,259166.0292,261198.5514,262557.6895,263774.4178,264966.1034,265903.6961,266729.6571,268152.8202,269810.1025,271502.4587,272656.9014,273631.8267
394690,702,"Houghton, MI",msa,MI,130103.3029,130829.2194,131738.9875,131616.3259,132083.7817,132012.8595,131996.8136,130347.8762,130062.4322,130647.8443,131477.9863,130999.9953,130239.0987,130056.0214,130409.4736,130507.3045,130821.6637,131442.8157,131995.631,132352.1472,132027.5363,131653.878,131695.9448,132840.7776,134571.0009,136279.7,136826.8751,136662.0972,135370.9126,134478.6969,134582.133,135632.9295,136843.496,137087.4915,137316.0707,138367.108,139970.8102,141823.1597,144416.9075,148133.6788,151573.588,153622.8601,154062.6738,154129.9163,154468.6508,155079.9922,156899.2324,159081.2303,161592.7576,163569.4725,164440.863,165349.6253,165502.3038,165989.9521,166547.0436,167484.3451,167543.0407,166962.5346,166978.9626,166996.0814,167149.7699,167174.9886,168250.1214,169452.8412,169900.3548,170296.9037,170228.1388,170194.9321,169993.4657,169426.7484,169101.3975,168932.3432,169991.4545,170950.82,171494.4471,172311.1818
394881,703,"Moscow, ID",msa,ID,260723.2078,262968.6326,264487.9702,265342.1361,266578.7444,268321.5716,270319.4656,271635.1311,273505.8044,275600.491,278213.5136,280959.9666,283877.3975,286501.7324,288405.8861,290254.3596,292298.4049,294813.706,297147.7998,299319.0204,301681.5558,303894.7253,306374.5164,308606.8463,311540.3662,314088.2491,316234.1703,317747.0279,319299.5309,321572.2359,325147.8363,329599.3188,334134.4238,337762.9103,340910.2101,344603.946,349551.232,355506.8608,363333.1066,372477.6587,383473.4316,393417.05,401965.9917,408148.9849,413170.6837,417427.6554,420451.4705,423667.2135,427677.4842,434064.4591,440606.0236,446510.8222,449780.2911,450223.8712,448514.8156,446232.0993,443878.8248,440892.3341,438397.326,435068.7237,435572.5307,438294.988,442719.9574,443852.4725,443126.6903,444110.4331,446184.0295,447189.9961,446427.0646,445053.8211,445178.3463,446910.5512,449164.6631,451816.1161,454094.7781,457104.6652
394476,704,"Clewiston, FL",msa,FL,130188.1312,131286.7993,132096.001,132751.803,133820.1228,135297.1496,136893.3543,138344.45,139396.073,140285.5432,141269.105,142608.2697,143830.0711,144622.6122,145186.3749,145869.4974,146720.8149,147610.5767,148466.3111,149769.228,151070.1775,152154.1627,152517.8757,153197.0417,154067.8824,155220.8915,155707.3003,155889.0115,156495.8766,158057.8396,160709.0164,163881.0996,167369.576,170638.019,173779.4087,176712.959,179476.6869,182007.1398,184729.9901,188270.5223,191991.8715,195520.9604,198254.2257,201034.9848,204317.7838,207873.3711,212791.383,218185.3273,224437.8278,230097.2919,235577.7804,240653.6068,245045.868,247758.5262,249108.346,249916.9732,250022.0557,249385.1367,247518.0241,246931.6673,248602.2553,252781.48,257366.6487,261510.9517,264918.6775,268085.4419,270846.9147,273399.8354,275525.8599,277122.8583,278181.947,278915.7285,279381.7967,279390.5264,279085.0245,278472.8269
395026,705,"Riverton, WY",msa,WY,200653.2575,200210.2812,199984.0304,199356.1819,199180.4253,199551.8816,200957.7233,202304.9377,203596.2041,204346.0486,205345.0402,206604.9227,208468.5638,210057.5764,211104.3673,211794.3297,212478.8485,213310.5765,213765.5718,214003.4658,214194.8064,214512.5028,214923.2456,215605.2472,216508.1151,217167.6496,217341.8329,217224.5325,217541.9583,218472.2625,220280.8524,222740.4461,225662.7912,228412.0585,230671.2173,232774.8956,235105.3996,237685.4712,240580.1163,243871.418,247828.3418,252016.479,255796.7539,259498.3849,263443.3828,267467.7049,272090.8817,276560.1245,281577.444,286326.8587,290583.8918,295027.1545,298748.8703,301345.357,302279.0242,302675.9701,302980.6374,303185.2137,302543.1274,301526.5988,301207.3994,302436.0889,304696.9319,307200.476,309402.9963,311571.3685,313351.3764,314612.1078,315637.1968,315790.8731,315411.7816,315397.035,316227.1998,317688.1211,318725.5134,319121.9285
394560,706,"El Dorado, AR",msa,AR,98211.9494,98796.41546,98913.54783,98191.22204,97715.96191,97451.4797,97644.50703,97419.26527,97559.42483,97874.10069,98777.91624,99376.5027,100073.6944,100686.0217,101611.2485,102483.0854,103229.9561,103614.8167,103924.6783,104268.7106,105017.7859,106035.5948,106437.4523,106459.7394,106602.6881,107712.6311,108991.4281,109981.5065,111095.1673,112721.4119,114914.783,116537.1428,116886.0887,116321.5147,115718.4265,115928.2481,116697.8999,117809.9478,118907.4409,119999.4548,120611.2575,121216.4434,121834.4529,123376.0478,125414.5483,127175.8812,127920.2532,127515.3257,126225.9447,124599.5633,123199.6699,122633.0593,122158.7413,121636.1765,120345.0615,119196.8806,118032.4003,117203.4355,116615.2567,116662.8349,117706.7844,119626.34,121538.9542,122444.4492,122277.967,120957.818,119654.6382,118538.9179,118284.4536,118268.2371,117976.7512,117722.256,118207.447,119308.3207,120009.7004,120192.2642
395083,707,"Selma, AL",msa,AL,76332.13973,76612.0593,76428.87257,75568.95846,74950.56892,74925.74848,75132.07085,74627.07739,73897.65006,72936.69686,72305.74772,71803.86226,71943.38199,71768.42152,71825.41634,71685.30937,72076.12228,72555.83688,73113.78994,73540.10696,73770.09613,74067.64922,73820.39379,73309.93212,73027.8208,73536.82623,74250.49232,74258.7054,73947.23207,74438.44096,76010.17056,77714.18719,78833.19515,78892.53935,78492.6358,77717.51856,77546.86228,77803.6769,78497.40104,79301.9599,79770.89336,79981.99183,79908.49216,80375.12174,81063.7991,81586.17475,81609.12605,81242.52661,80292.26029,79134.78818,78289.01118,78445.83376,79155.83596,79778.73231,79971.17641,80173.86742,80295.39129,80312.1813,80468.98297,80426.61738,80961.35855,81430.43517,81815.22784,81180.21234,79861.45449,78346.26781,77283.69972,75969.30406,75041.85189,74277.54189,74224.42564,74708.16238,75714.41951,76875.09128,77612.16878,78004.2423
394981,708,"Pittsburg, KS",msa,KS,78975.80752,79257.90121,79867.73017,80350.80694,80852.00547,81226.40245,81474.52551,81613.34699,81871.88917,82205.68144,82449.79299,82606.52004,83223.3738,83841.11279,84214.69436,84256.11418,84278.21763,84518.45775,84661.80496,84934.46085,85143.25083,85525.87183,85728.95855,86404.84608,87161.37048,88348.60385,88936.06318,89189.24052,89525.8391,90366.63797,92015.36703,93452.40538,94945.64576,96055.13001,97275.80995,98321.35795,99331.45255,100248.3435,101417.6407,102938.0339,104086.9602,104579.5201,104495.3072,104833.166,105785.1517,106744.6699,108323.9814,109949.0219,111754.1674,112765.8682,113845.8982,115286.4912,117107.9407,118355.9873,119283.2899,120127.454,120804.4928,120960.7049,120604.2799,120453.251,120642.3078,121283.8636,122287.1537,123239.2406,123976.4092,124457.4017,124764.1182,125004.3449,125087.8946,125340.7525,125527.5283,125760.5807,126743.9611,128005.2827,129672.7272,131082.8527
394663,709,"Hannibal, MO",msa,MO,118708.7127,119762.4161,120346.7756,120705.1289,120831.4649,121082.615,121988.6777,122800.1715,124067.4982,124837.1911,125133.1464,125023.0874,124889.2395,124970.4005,124944.258,124902.4876,124984.1619,124928.4445,124793.0789,125098.0794,125909.6308,126997.14,127872.852,128814.6488,129925.2393,131085.337,131858.7412,132118.6558,132771.3084,133706.8197,135408.2933,136864.0273,138562.1775,139934.5945,141461.492,143193.1046,145137.5207,147115.5344,148893.7155,150684.2345,152592.4109,154461.9556,156044.0141,157576.9697,159335.7598,161450.6425,164051.7287,166556.9838,169104.5637,171091.8417,172939.8779,174758.4316,176068.3154,176444.6346,175693.0583,174704.7239,174006.135,173519.7645,173330.3808,173090.2482,173375.9256,174269.2602,175561.9468,176801.0498,177740.7053,178693.3946,179515.0058,179944.9079,180280.6371,180925.2977,181748.5241,182850.6675,184291.5121,186139.0298,187737.8007,188870.5104
395203,710,"Warren, PA",msa,PA,86540.87722,88466.69067,89682.19882,89877.65778,89398.56667,89349.65399,89414.254,89477.70823,89571.20807,89567.97123,89226.5256,88665.46201,88374.82877,88845.03456,89478.26516,90308.56922,91228.28262,92691.01157,94032.69778,95820.72589,97733.93848,99364.49476,99111.83396,98118.7407,97232.09909,97731.80678,98367.20141,98710.07552,99122.02379,100145.721,102715.074,105458.6792,107886.315,109168.4388,109816.7546,110881.9176,112438.2538,114655.0225,116598.386,118869.8013,119833.459,119901.8014,118566.2112,118154.4643,118666.9874,119612.7679,121430.4199,123792.544,126925.6902,129250.6539,130735.6493,131574.4037,131913.4506,131575.0944,130397.3331,129384.4581,128810.3109,129238.8707,129164.841,128685.3636,127915.6427,127968.4237,129163.2686,130833.9347,132268.7979,133644.3191,134963.588,136936.0391,138590.316,139950.0452,140456.9053,141294.6999,141903.3789,142434.5351,142426.0679,142533.1589
394315,711,"Alexandria, MN",msa,MN,223714.595,225128.5751,226502.7917,227206.2782,228171.8783,229448.2319,230757.0997,231102.6141,231285.8393,231714.4662,233207.9667,235550.08,238006.6273,239562.1921,240095.151,240302.7395,240469.9857,240924.5613,241573.0858,242568.8614,243468.9373,244333.8385,245306.9791,246850.5936,248793.7899,250611.3914,251739.6269,252394.2073,253214.4533,254819.6075,257332.0369,260192.5719,263243.0926,266125.3867,268751.4623,270926.8373,272589.5943,274500.8306,278051.273,282985.9398,287815.5719,290400.8501,291675.9398,292949.7072,295281.6373,297978.3719,301866.5942,305815.5119,309952.7727,314032.4557,318070.2391,321515.4302,322444.5489,321644.6592,320101.4736,319034.5833,318034.0922,316697.1513,315715.0943,315769.0375,317529.1924,320116.7424,323131.3974,325652.7204,327839.3284,329778.4551,331321.9881,332082.0016,332543.1263,332604.4419,332836.9174,333585.7435,335646.0181,337793.1217,339645.7538,341123.1197
395178,712,"Urbana, OH",msa,OH,142217.7433,143512.7316,144965.8692,146200.1405,147240.8118,148129.0137,148921.5727,149506.446,150114.3076,150744.8612,151534.3552,152397.2629,153125.5579,153783.0732,154346.8752,155380.6255,156585.475,157685.4144,158354.9963,159063.5808,159898.4979,160579.127,161124.8483,161556.9497,162327.5029,163289.3919,164566.2163,165864.8454,167257.588,168731.3904,170889.5796,173313.1643,175926.3939,178174.3495,180317.363,182708.2035,185333.3827,188117.6253,191308.3735,194781.1816,197216.4297,197166.9743,195440.9395,193883.1341,193692.9721,194061.3721,196290.9867,200074.1702,204903.4024,209533.9427,212938.7003,215958.6654,217262.3381,218009.9783,218186.8203,218641.1849,218887.1121,218551.2586,217336.6344,215861.5361,215198.9442,216347.371,218671.6587,221350.1993,223098.916,224411.7549,225245.1879,226122.5184,226926.3497,227539.1774,227695.3605,228460.3148,230318.8768,233308.8424,235865.9181,237407.7806
394654,713,"Greenwood, MS",msa,MS,73927.00522,74501.47191,74953.77278,75117.8372,75057.43349,75120.91728,75613.16382,75603.17422,76251.23185,77097.95893,78476.24093,79839.42481,81740.93588,83817.71643,85944.57197,87401.1329,88744.6996,89153.64689,88620.57028,87780.09085,87404.03659,87304.36324,86995.69693,86749.23251,87411.03342,88701.07316,89390.98057,89310.47605,89272.59967,90901.20964,94088.0583,97230.63024,99106.91978,99954.70579,100272.6709,100992.6449,102148.5191,103971.4642,105799.8662,106942.2136,107760.1188,108545.1078,109303.1894,110683.9859,112849.577,114544.9942,115114.2273,114200.884,113674.4991,113113.1718,113344.4912,113972.494,114683.0598,114654.4578,114340.3607,114188.8973,113838.1261,113122.8616,111665.5007,109481.9682,107384.2564,106727.9007,106391.5769,106378.3647,105400.8957,104642.2212,103046.4642,101045.9923,98686.25225,96556.24654,94454.8185,93613.27132,93379.86123,93905.21374,93721.23739,92620.65126
394434,714,"Cambridge, OH",msa,OH,97735.56328,98031.54326,97783.67693,97185.88042,96895.42058,97094.81353,97505.8746,97496.4142,97680.53915,97754.55879,98097.2789,98878.88784,100009.253,101435.527,102617.1919,103851.3369,104707.0968,105190.4574,105477.3229,105987.2268,106610.352,107380.3083,108223.0856,109274.1687,110476.7353,111373.4026,112282.4646,112631.037,113128.9519,113965.2814,115810.1108,117909.7471,120057.1859,121733.5172,123259.5105,124751.9524,126287.1334,127629.4097,128791.5587,130358.7522,131994.0157,133494.4441,134169.1603,134988.2874,136213.0099,137386.67,138998.854,140120.008,141051.8926,141822.7026,142216.8344,143179.6311,143155.3716,142900.6547,141867.7225,141199.447,140846.4685,140728.0601,140824.1371,141019.1011,141696.3576,142489.3819,143797.3001,145002.2945,146052.5822,146530.1266,146704.8306,146681.9768,147078.4319,147172.3742,147361.1399,147832.6178,149272.8758,151062.991,152392.666,153225.6008
395227,715,"Williston, ND",msa,ND,265506.0655,264911.175,265730.611,266490.6347,267712.9455,268856.0097,270242.2152,271368.0925,271901.7096,271651.6396,271113.2616,272010.6871,274372.4249,277044.3827,279070.94,281775.1145,285441.7415,289444.7987,292330.5638,295085.1512,297928.4474,300966.3335,301609.5218,301071.0865,299764.6859,300389.8931,301629.2796,303091.9137,304098.3953,305315.9157,307551.0806,309110.2969,310062.9939,309590.3542,309196.4858,309923.5881,310932.7809,313039.9008,315390.4234,318270.1644,319510.7545,319230.5587,317367.156,316363.066,315380.495,316131.9257,317774.2153,319174.5722,319752.7247,320771.3255,322387.8925,324345.2513,324674.3312,324731.4506,324155.7302,324686.9862,325449.5475,324945.7536,322489.0382,318217.7461,316587.5932,316893.9165,319058.428,319921.7998,319325.8214,318532.9631,317216.0033,315857.846,314077.3191,312160.0317,310753.9939,310660.4005,312391.7112,315343.298,318063.4413,320332.9812
394526,716,"Defiance, OH",msa,OH,118900.1449,119756.1483,120873.345,121638.9944,122257.8577,122955.7519,123805.7893,124399.2485,124777.1321,124974.024,125283.9242,125846.3454,126607.0169,127305.7987,127690.505,127993.2974,128454.8491,128786.6952,129048.2782,129113.0241,129401.0568,129593.1967,129937.527,130282.8881,130913.19,131603.0306,132175.7422,132548.8215,133032.5197,134131.4742,136065.1779,138538.9668,141047.6792,143008.8741,144537.5713,145732.2057,147193.5437,148764.198,150585.4985,152569.2376,154118.236,154899.5739,154581.1752,154398.9418,154624.4647,155109.9401,156350.586,158212.4463,160473.2627,162466.7675,163854.5332,165305.8778,166045.5326,166384.1574,165935.5567,165521.5497,165045.2995,164738.3025,163808.0601,162839.5992,162584.9269,163428.8468,165001.4842,166500.6586,167836.7054,168789.2276,169695.1988,170715.4201,171930.6182,172665.651,172924.1311,173246.8868,174136.2294,175480.6774,177037.6913,178416.7764
395099,717,"Sikeston, MO",msa,MO,123303.6309,125072.3685,125684.7479,125135.5785,124454.9718,124073.1788,124340.1254,124726.8007,125376.5751,125599.7148,125620.5061,125450.0426,125396.2961,125467.2884,125382.0578,125193.1733,124825.5484,124363.8572,123764.8046,123864.0172,124245.013,124803.1553,124563.5083,124434.758,124941.9866,126279.4601,127958.7559,129315.6561,130393.522,131330.5961,132939.4413,134912.3859,136185.533,136036.3096,135218.0535,135168.2562,136368.6419,138194.0152,139971.8926,141101.007,141331.1444,140937.4866,140342.2448,140606.2716,141787.0364,143125.2919,144003.5197,144473.2602,145102.3895,145884.1432,146588.6829,147560.2492,148694.1827,150020.925,150504.7566,150187.3377,149253.5296,148055.4123,147200.0408,145834.9636,145398.447,146374.5745,148309.3636,149454.6036,148694.4043,146872.6895,145231.9745,143771.8808,143122.2211,143027.4726,143160.0323,143712.5348,143932.6473,144940.3809,145523.8627,145981.0916
395046,718,"Safford, AZ",msa,AZ,170409.8805,171399.1618,172051.9579,172159.1531,172654.4131,173476.791,174541.1474,175152.9721,175652.4946,176007.5832,177190.2404,179065.0917,181461.1419,183679.7936,185245.4676,186876.7332,188161.7533,189685.2244,191045.1432,193089.5255,195165.8859,197381.2921,199269.0574,201433.4595,203104.4921,204718.8917,205602.5237,206728.6675,208172.1699,210287.6574,212952.2128,215151.2126,217022.2458,218466.4907,220374.6675,223059.449,226070.7615,229148.635,232080.1106,235444.5302,239023.007,242182.4839,244563.099,246458.5314,248637.4192,250956.1439,252690.7264,253887.6137,254720.4151,256696.1367,259314.3813,263009.2975,265651.4524,266622.5618,265730.5592,264447.3506,263496.9345,263107.1916,263621.2964,263910.4546,265062.4273,266308.3353,268179.4081,269246.9476,269503.0216,269392.8539,268748.5262,268038.4976,267722.7168,268049.9089,268677.334,269917.2579,271208.7701,272412.017,273437.2951,274599.0396
394715,719,"Jacksonville, IL",msa,IL,101950.2449,101722.8047,101247.8639,100421.1445,99827.25115,99472.86514,99484.18753,99191.68262,98905.00277,98364.0241,98324.40064,98869.92614,99725.41918,100513.4592,100970.6756,101397.288,102072.5301,102980.1102,103814.3283,104667.7435,105412.9791,106454.0317,106648.8584,106994.2144,106985.7958,107260.456,106725.927,105868.4324,105248.7343,105833.2521,107602.8133,108973.1834,108971.2621,107818.6082,107248.0536,107926.7543,108923.7532,109380.6913,109197.0345,109104.4031,108774.9303,108023.6863,106748.4729,105907.1922,105958.4555,106653.7538,108157.5244,109359.1634,110220.51,110316.475,110167.6698,110185.46,109843.5415,109219.9842,108232.6779,107702.2337,107511.9351,107829.5086,108693.4081,109264.0196,109823.3305,110147.6171,110972.4183,111596.2011,111880.8385,112129.9653,112512.9257,113382.8553,114742.8212,115816.9966,116381.0223,117077.5563,118397.3951,119563.0931,119385.3065,118400.1904
394300,720,"Ada, OK",msa,OK,116460.3413,117216.525,117534.4303,117660.9027,117931.0908,118211.2457,118655.792,118495.1549,118823.715,119052.5142,118483.6415,116992.0019,115131.8798,114315.8504,114571.8377,115546.7078,116842.6707,118118.8209,118920.3859,119903.8129,120990.8523,122489.9998,123898.8247,125026.5742,125845.6651,126468.6225,126415.92,126173.835,126110.1507,127017.1745,128840.5534,130760.6662,132940.2016,134898.9913,136758.2651,138397.9098,140191.6627,141996.4945,143869.4688,145847.3763,147488.944,148737.0438,149559.1839,151133.0588,153378.878,155966.1355,159246.5248,162682.403,166167.1353,168706.5271,170637.6511,172281.2206,173397.8215,173925.6606,174000.8534,174084.809,174605.9749,175402.3661,176066.0504,176605.1118,177141.0998,177911.2313,178982.2848,179261.0212,178843.7073,177171.8473,175589.4971,174822.3057,175032.0784,175273.0586,175277.5493,175078.113,175433.1265,176206.6449,177291.9195,178201.7014
394422,721,"Brownwood, TX",msa,TX,124690.3782,126404.6675,128206.1853,129213.3975,129602.5225,129528.3629,129605.7619,129738.1841,130515.2753,131412.5523,132288.156,132875.8548,133641.7273,134378.8379,135300.4947,136171.8903,137130.315,137928.8786,138577.9131,139271.6671,139977.2681,140716.8541,141086.0512,141520.066,142254.4061,143662.1293,145072.645,145984.7377,146546.2134,147457.7644,149125.9405,150854.4941,152401.1912,153866.6262,155296.2488,156852.1816,158035.0926,158885.4778,159720.155,161215.4532,164131.7681,167713.9349,170988.0042,174092.4177,177089.1389,180004.9945,182354.4628,183968.484,185089.1993,185916.5918,187172.5861,189227.2515,191144.0948,192149.7058,192005.0313,191621.435,190708.9129,188978.2192,186870.0781,185356.4995,185293.6273,186621.5473,188178.8984,189199.5718,189146.9757,188729.2871,187990.8634,186920.8479,185927.4947,185379.3765,185130.8052,185689.7297,186725.0599,188534.6163,189836.5295,190974.0066
394507,722,"Crawfordsville, IN",msa,IN,128144.4248,129000.1997,129916.178,130508.6088,130924.4003,131275.7305,131746.0044,132130.6468,132539.6018,132797.7,133384.6862,134286.505,135796.3828,137141.4639,138032.1552,138664.0367,139419.0512,140573.3297,141588.7515,142497.6617,143278.5877,143916.1409,144605.3271,145323.8402,146337.3081,147203.3768,147775.3755,148058.3357,148665.7298,149500.5549,150770.9237,152297.9968,154419.7848,156584.7413,158400.3683,160216.8706,162417.3798,165029.6385,167705.7471,170624.5662,173324.6305,175549.4464,177005.4063,178301.3627,179701.3566,181218.8281,183690.5494,186869.9613,190211.7615,193346.275,195849.7517,198551.4402,199953.5544,200235.3304,199535.1175,198934.4824,198549.0109,197958.8139,196743.8171,195535.5982,194983.7237,195906.632,197706.8296,199642.1625,201024.5556,202018.0384,202525.3342,202488.0352,202097.3847,201859.7999,202191.0774,203170.7912,204946.2652,206809.3953,208239.1813,208870.9677
394801,723,"Logansport, IN",msa,IN,85929.4264,86737.21389,87618.14908,88426.668,89505.37339,90443.99634,91059.49041,91397.62791,92119.96526,93069.1777,94038.95304,94893.95042,95892.16251,96654.69101,97008.76556,96967.97832,96853.36359,96653.83468,96520.77838,96458.65882,96789.16288,97546.50126,98495.84354,99700.69996,100753.568,101994.0109,102622.5106,103036.2303,103524.9579,104561.5655,106416.8862,108331.2688,110542.6899,112648.3891,114734.5527,116853.2876,118806.7754,120637.4485,122368.6316,123938.2555,124891.6525,125179.8397,124966.5779,125259.5049,125781.8503,126390.1841,127674.1161,129782.1651,132388.3021,134618.1439,136170.3662,137811.4953,138799.1197,139135.3696,138752.4841,138505.6313,138498.9354,138329.5839,138008.5716,137958.8237,138638.7892,140075.8415,141633.2701,143291.2259,144433.9314,145373.3099,145979.8373,146231.1242,146293.3177,146346.689,147204.6469,149068.0368,151457.1923,153796.453,155728.8627,157035.7771
395072,724,"Scottsbluff, NE",msa,NE,128167.2233,128198.2775,128499.7087,128824.6731,129382.2006,129793.3308,130248.263,130147.1168,130224.4194,130288.95,130676.4221,131086.4623,131615.6527,132314.7671,132998.1839,133880.992,134602.9138,135481.1629,135968.5027,136586.5493,136943.9173,137396.6255,137291.5356,137151.7225,136858.9929,137075.2672,137457.8815,138087.7981,139164.4668,140492.0438,142184.7388,143396.053,144659.3686,145632.4481,146688.204,147556.9285,148378.0724,149551.5228,151293.2525,153737.468,156158.3421,157914.1224,158600.2137,159118.0446,159299.2704,159232.949,159626.9589,161142.9626,163814.1813,166191.0925,167901.2742,169499.0102,170743.6135,171650.924,171986.4709,172587.4019,173131.4082,173285.5194,172585.0774,172240.467,172239.5385,173127.6635,174289.5618,175797.0126,177270.7258,178472.8845,179403.7954,180060.0163,180518.6281,181233.7784,181900.5164,182879.3305,184146.833,185553.2238,186581.7196,186848.3958
394904,725,"Natchitoches, LA",msa,LA,158057.4114,158336.4214,159145.876,159251.0446,159751.7253,160251.6189,161218.1825,161822.1659,163551.8172,165417.4664,165890.8859,165322.801,164968.7921,166175.7335,167635.4891,168044.4011,167842.9807,166911.0043,165435.9532,164663.1072,165294.5356,167476.8991,169994.3251,171297.5296,171621.2058,171841.5603,172162.2042,172176.602,172208.9375,173138.3575,175853.9618,178174.5033,179389.487,179509.0908,179462.7062,180203.2325,180628.549,180473.0015,180144.3327,180118.8217,181052.4977,181577.7518,180863.5891,180236.9206,180659.9937,183043.54,184597.619,184718.0428,183682.4645,183812.5181,185346.4027,187814.8432,189270.7122,188793.403,186442.5072,183903.3974,182065.4035,180797.4374,181149.4421,181851.7182,183543.8509,184811.2335,185206.4262,184261.0374,181575.0442,178442.2488,174900.7502,171696.6926,169216.4177,167449.1768,165629.4725,165352.3557,166083.2252,167721.735,168244.3409,168095.5849
394914,726,"Newberry, SC",msa,SC,153914.9232,154545.6285,154734.0502,154256.6321,154351.8833,155085.9174,155661.7869,155458.3365,154843.6074,154242.8558,154436.2018,155028.2696,156560.9766,158237.8706,160054.6129,161992.5162,163637.5067,165121.1266,166302.0642,168043.5056,170032.5937,172009.5913,174584.2091,177739.5534,181589.2581,184983.4293,187552.2124,189245.4973,190120.6802,191751.8288,194374.4527,197270.1245,200189.765,202606.1592,205150.1363,207653.8356,209653.4376,211156.7759,212956.9694,215814.9103,219422.4527,221859.943,223412.8698,224819.9532,227129.5494,229667.7711,232112.5031,234055.1044,235762.1089,238228.1182,240319.3594,242805.5973,243750.2645,243888.5375,242041.8499,239821.6156,237157.9152,234955.0256,234127.803,233746.6016,233682.3193,233023.2724,232241.0303,231646.5748,230580.6453,229527.3289,228859.0439,229006.6521,230034.9819,230326.6834,229500.3625,229062.2996,230460.1273,233670.9685,236297.0143,237835.7052
394799,727,"Lock Haven, PA",msa,PA,137222.9213,137507.7629,138300.2143,139068.9214,139599.4192,139829.151,139789.8765,139793.1767,140079.5248,140620.7282,141204.9247,141842.9223,142518.601,142905.2481,142773.9045,142899.3457,143278.1566,143971.4979,144448.4862,144971.6107,145414.0154,145845.7007,145912.6889,145741.9462,145487.8313,145954.3359,146604.9747,147252.6699,147648.9811,148485.903,149910.8121,151643.6444,153675.2059,155457.939,156876.937,157820.089,158955.1986,160044.5035,161308.0033,163084.1417,164754.6146,166044.242,166462.409,167116.4468,168254.7234,169601.8275,172095.997,175228.1219,178270.5579,180505.1283,181680.2831,182814.4571,182997.9711,182568.3123,181445.6781,180865.9539,180644.4546,180498.4374,179505.5801,178142.7122,177079.4134,176966.7682,177622.0472,178833.1405,179884.3748,180599.8337,180771.7888,180766.1813,180964.5787,181127.7071,181616.653,182473.303,183806.0999,184960.0153,185638.8289,185241.1944
394451,728,"Centralia, IL",msa,IL,80512.93482,81051.69206,81393.90422,80864.26934,79992.43543,79112.25061,78266.47213,76891.06588,75532.41596,74439.79676,74014.30238,73862.31045,73819.20294,74088.95406,74353.23443,74899.18896,74879.23511,74861.06788,74319.43824,74142.03593,74462.68601,75538.95323,77264.76645,78456.07895,79388.80484,80738.99399,82154.37496,83400.89967,83506.30614,83948.31624,85319.12786,86462.86537,87116.50786,86593.26079,85911.17187,86058.58918,87157.50809,88784.97944,90745.94969,92409.71708,93602.9681,93577.43237,92820.66492,92300.37842,92159.15346,92413.66775,93629.69588,95301.07584,96873.86385,97530.58821,97903.95144,98568.08546,99121.29945,99282.8145,98934.79426,99225.81886,99213.28348,99515.56404,99685.69477,100114.7154,100732.1595,101060.8812,101597.1381,101793.7292,102295.0225,102934.5673,103751.6568,104245.0908,104338.9933,103923.7666,103138.2838,103003.9077,104027.4581,105560.4143,106560.7331,106797.4066
394554,729,"Easton, MD",msa,MD,330320.1802,331464.3865,331997.7033,332099.2979,332810.6962,333893.4843,334866.6826,335227.7647,335230.1936,335064.1083,335260.4196,336342.3101,338098.1554,339585.389,339783.4932,339795.2786,339498.0535,340146.8954,340825.4255,342076.9399,343212.5233,344350.6552,345484.1721,346540.5661,347581.7233,348294.403,348147.5734,347818.8307,348313.4453,350425.9115,354427.3134,359732.5819,365707.277,372029.8266,377659.3747,383897.8907,390324.6906,397594.9594,404690.7677,411529.7016,416638.0088,419293.972,420022.8087,420814.0327,422725.7751,425710.1602,430048.098,435036.8709,441064.6774,447233.2462,452280.7284,455806.1188,457071.5812,456728.5205,454358.9875,452236.9883,450332.2414,449357.8907,448560.3073,448717.8339,450165.6818,452778.755,456227.3172,459420.1257,462335.9569,465260.0094,467261.8286,468656.4528,469618.4378,471071.8144,472042.85,473105.8929,475243.7023,478367.9495,481576.0252,483639.7652
394948,730,"Owatonna, MN",msa,MN,180373.6828,181210.5043,181984.9388,182559.7745,183468.3898,184483.249,185591.0022,186363.7662,187159.8582,187973.3949,189006.9781,190168.7146,191387.5685,192411.7131,193121.9522,193872.9003,194722.3328,195630.4336,196260.2335,196820.3821,197599.114,198316.0979,199162.6109,200096.7645,201245.0316,202091.9811,202653.4706,203253.9991,204248.2115,205726.4649,208136.3906,211243.2784,214761.9108,217959.8095,220578.3762,222934.4418,225475.7028,228934.559,233059.0147,237594.2569,241956.5484,245276.7475,247462.4639,248752.9752,250198.0943,251898.5401,254495.7354,257782.594,261308.5575,264907.0341,267976.6488,270382.8806,270856.8452,269557.6124,267652.2026,266475.3587,265761.9933,265086.2728,265071.6811,265573.0479,266727.6627,267670.8474,269355.9359,271369.2344,273039.5368,274267.9264,275173.8379,276052.3524,276697.5653,277061.9146,277642.2857,278977.7679,281280.102,283482.8035,284918.8976,285603.9376
394888,731,"Mount Vernon, IL",msa,IL,101657.9447,101126.9939,100948.3353,100400.4983,99957.718,98981.97004,97663.07019,96215.35478,95252.56627,94993.40362,94787.65562,94900.64202,95358.77798,96654.06403,98010.65116,99547.52237,100929.7789,102417.6929,102721.5266,102972.1862,103754.6797,105348.3493,105780.4721,105480.3271,104926.1575,105990.5709,106647.1348,106848.254,106809.5775,107960.1815,110170.1967,110525.6649,109448.5407,106769.5704,105015.8662,104501.0261,104541.8038,104473.8158,104460.984,105543.2845,107059.9282,108068.7541,108135.4032,108466.423,108871.8919,109161.4813,109887.2076,111130.0932,112540.9257,113450.0328,113765.0336,114294.1818,114663.0693,114692.5775,114533.1007,115233.8928,116487.8704,117411.1654,117852.9505,117289.2036,116913.8314,116584.8374,117185.9386,117598.1992,117824.8762,117675.2553,117619.3526,117404.0888,117222.7237,117588.209,118496.696,120149.9311,121472.1872,122360.0873,121832.5117,120976.0063
394771,733,"Laramie, WY",msa,WY,246632.0673,246528.2282,246607.3872,246592.5796,247392.8163,248314.86,249606.6324,250441.4178,251513.7996,252465.6231,253217.8799,253809.6948,254336.5525,255256.672,255999.247,257239.0627,258667.232,260921.2547,263083.4284,265151.1869,266963.5983,268595.2035,269667.259,270480.9471,271278.4392,272575.5391,273494.2188,274003.4337,274395.3958,276040.8049,279010.7495,282583.4561,286151.8873,289089.5813,291453.6848,293931.6413,297031.4953,300666.4082,304048.0048,307059.6325,309917.1901,312794.1291,315507.7775,318268.386,321264.7873,324502.9569,328801.4494,332531.9052,336827.8076,340598.5706,344444.5303,347917.5972,350746.9777,352303.2104,353197.8825,354348.7707,355962.341,356504.9981,356369.0282,356254.9706,356583.4051,356847.8835,357706.9791,359158.0559,360772.9104,362600.3387,363862.7671,364357.054,363347.3415,361900.0661,360836.8413,360738.5527,361876.7919,363647.8482,365407.1141,366619.3479
394894,734,"Murray, KY",msa,KY,56083.2579,57054.79127,58015.15934,58687.9468,59381.71732,60130.52689,61150.00364,61946.25684,62518.68014,62656.85914,62924.745,62927.2438,62726.26155,62870.22314,62727.3116,62578.54876,62145.15397,61782.03795,61241.89141,60997.05917,61828.37784,63898.98032,66833.98413,69416.90223,71788.53726,73157.93061,74711.67667,76122.18509,77752.62044,79157.34467,81028.80788,82765.55803,84546.26453,85978.46926,86897.56509,87867.64623,88487.16022,89053.99184,89903.26457,90686.73768,92277.25808,94048.09117,96021.16983,97769.90865,98623.16986,98653.4709,97742.48242,97173.48205,96747.87655,97550.67404,99134.81604,102153.2666,105588.9944,108728.0962,111266.1439,113880.2107,116058.5035,116036.6643,112899.2536,109369.1331,107722.8646,108341.7657,109913.7418,111245.5754,111430.4827,109644.2352,107248.1765,104861.4124,103875.4851,102765.8445,101473.6593,100044.1457,100572.7033,103803.6967,107135.8918,109028.8526
394617,735,"Fremont, NE",msa,NE,144751.3425,146493.2984,147888.5256,148919.4759,150188.6643,151386.9903,152632.8251,153376.2176,154069.6611,154744.7205,155464.5304,156257.8156,156864.9182,157619.9307,158144.2805,158513.2031,158422.2195,158190.5754,157950.34,158109.1717,158680.7447,159391.9224,160017.0844,160701.8952,161641.5795,162648.5098,163383.6864,163775.3385,164384.738,165323.6899,167010.2804,169023.5506,171451.6601,173716.4292,175864.0451,178246.4895,181047.1602,183990.0443,186926.3697,189587.2711,191742.784,192998.7606,193303.9379,193544.474,194660.67,196661.5104,199683.6482,203414.623,207633.0871,211275.9035,213569.1996,215215.4477,216651.1832,217576.1191,217618.489,217582.3086,217594.4788,217904.5884,217226.2639,217196.9607,217431.5302,218760.6677,220488.3628,222946.2947,225167.5955,226389.6479,226506.8997,226413.1393,226547.0085,227250.2691,228333.6413,229591.4771,230710.5516,231694.3695,232225.0965,232431.6093
394382,736,"Bennington, VT",msa,VT,238382.941,239312.7784,239756.9855,239526.1402,239723.3074,240569.0219,241774.7531,242118.3866,242158.1643,242268.8732,242566.796,242909.9017,243127.5702,243510.1082,243478.1997,243143.3435,242877.6798,243202.3352,243840.19,244878.7302,246529.0737,248483.4988,249660.2289,249833.5355,249412.03,249183.6422,249041.0307,249203.8525,249803.0153,251799.2425,255875.7912,260454.1307,264685.5593,268367.3791,272217.6364,276627.0429,280647.4148,284857.6877,290749.2721,298549.2607,307847.1101,314252.7765,317753.4721,318892.885,321090.2963,324092.9234,328818.2776,334242.5213,340197.7589,346378.2503,351876.153,356691.1485,359096.1642,358878.8204,357470.7859,356303.115,356382.4656,356571.7228,359276.7404,361283.4767,364501.8976,366464.2692,369642.791,371623.3468,372819.645,374758.9577,376728.4643,377623.5034,377101.3649,375382.4311,373842.2989,372784.4569,374087.2589,376767.4564,379176.1658,380616.2309
395069,738,"Sault Ste. Marie, MI",msa,MI,105630.1568,106633.1595,108649.8982,110877.1452,114410.3539,117232.7848,119314.9107,120010.5958,121587.1204,123852.9726,126423.1398,128841.8347,130844.8083,132396.8757,133114.6764,133501.6107,133094.1078,133488.1559,134281.3199,135751.0412,136999.4168,137955.7886,138322.1289,138743.0093,139976.1727,142731.8457,144964.0985,145484.9508,145151.3695,145764.8796,148889.4033,151497.6428,153044.3765,152840.6295,153296.9255,154491.4418,155460.0558,156133.0587,157339.4049,159248.8488,160323.1651,160253.1753,159811.1431,160412.2542,162041.1247,164000.7281,166489.7015,168533.8302,170033.3555,171437.5249,172427.4373,173141.4093,172826.4452,172265.1889,171826.2592,172032.0301,172652.9996,174036.5746,175994.3156,177070.2668,177932.1591,178780.1542,180752.9215,181960.5803,182012.0502,180633.5806,178818.2168,176966.3215,176403.4804,176231.7293,175883.2509,175443.4659,175969.0352,177364.807,178151.4393,179227.8112
394436,739,"Campbellsville, KY",msa,KY,112649.3121,113188.4548,113550.1594,114015.1359,114260.1911,114604.1946,114867.0185,114878.3102,114749.5729,114388.4054,113960.2539,113391.6104,112961.7947,112696.9556,112815.2886,113141.9478,113819.8092,114385.4306,114782.4043,115134.6644,115542.1119,115996.2819,116501.0144,117302.2079,118414.6741,119445.7557,120233.7229,120665.6554,121564.8315,122677.5444,124265.1026,125820.1015,127491.1804,129082.3269,130702.1708,132672.5602,134872.8685,137124.7,139278.3176,141743.9971,144228.8229,146304.7733,147548.3367,148758.3264,150266.3634,152093.5709,154276.4659,156708.0692,159188.1409,161724.3314,163981.0252,166415.5675,168176.9479,169207.0116,169392.6902,169471.0949,169554.1531,169793.6248,169803.9443,169833.8181,169874.1704,170051.2648,171057.3345,171777.562,172206.4563,171902.0266,172059.4072,172461.5202,173396.4013,174292.4295,175067,175961.7488,177406.6497,179685.7137,181570.8414,183033.845
394550,740,"Dyersburg, TN",msa,TN,109659.3661,111197.7248,113212.0012,114486.4618,115639.3362,116379.122,117056.0397,117021.5729,116750.6441,116484.8662,117025.8061,118523.8101,120530.2504,122031.3573,122648.9082,122839.0045,122932.0687,123032.1057,123025.4304,123171.6493,123720.7736,124456.2422,125162.1885,126046.4274,127190.4551,128769.7361,129876.744,130517.3153,130660.1532,130992.4906,131959.7069,132894.6526,132925.3441,131912.6537,130876.1806,130966.4675,131954.2623,133472.4885,135217.0977,137640.4769,140037.813,142115.505,143418.8289,145053.6476,146535.5314,147738.5225,148607.7499,149511.4388,149232.9876,148991.5179,148686.8158,149893.8883,150896.874,151268.2402,150856.6182,150313.985,150418.1562,150469.7776,150142.7398,149953.8099,150591.8168,151461.5184,152166.3674,152831.4268,153745.6334,154399.2896,155159.3828,155958.0475,157462.7089,158643.5875,159046.7392,159193.4434,160058.1469,161853.6535,163665.9311,164566.2719
394573,742,"Escanaba, MI",msa,MI,119785.7051,120332.707,120691.6796,120687.4973,120991.8666,121084.5194,120673.1469,119858.108,119518.6536,119761.783,119787.8116,119656.5737,119520.3602,120154.4003,122194.7331,124368.4674,126031.841,126628.3726,126630.2805,126902.0011,127085.8192,127205.9351,127350.1362,127864.1933,128814.7603,129962.2811,130336.8227,129935.3742,129589.6061,130465.327,133138.7085,135665.524,137967.6916,139324.0216,140994.2905,142807.3582,144644.6709,146005.9473,147560.8614,149687.0086,151384.1161,152078.9901,151403.2468,151461.2801,152640.8081,154021.6116,156031.1995,157823.0568,160410.765,162584.0925,163674.4009,163866.3082,163338.9728,162818.6147,162855.3365,163315.4254,163320.2903,163350.6438,164386.5448,165694.84,166944.0875,168211.8293,170531.5741,173608.0915,175435.9811,177000.9341,176911.536,176057.1429,174954.4499,174149.4362,173776.4828,173965.5097,175821.4886,178224.7584,179494.3842,179808.842
394840,743,"Mayfield, KY",msa,KY,83160.03007,84343.29474,85217.4952,85635.39692,86246.4012,86912.74044,87780.3373,88239.92604,88675.38082,88879.04895,88849.38993,89038.03137,89670.72385,90471.55916,91388.11122,92049.13855,92547.90053,92879.11002,93265.43182,93676.6786,94125.9249,94355.70217,94601.0415,95131.95452,96146.64117,97663.41425,99293.55462,100376.0671,101270.6291,102162.8409,104076.6747,106597.479,108871.4309,110297.7998,111070.1729,112212.4788,113441.111,114448.2516,115304.4689,116527.3831,117430.9273,117562.1442,117007.7467,117073.6891,117938.2575,119225.7145,121551.506,124326.0694,127524.3863,130100.4294,132565.3679,135288.5227,137801.9382,139118.8605,139872.319,140226.5853,140833.6687,141237.4668,140967.722,140704.857,140576.6386,141512.7125,142647.2776,143384.6026,143604.6768,143557.8827,143305.8123,142748.8565,142552.6128,142551.7104,142717.5156,143230.0419,144988.9757,147354.4939,148949.8023,149669.791
394745,744,"Kill Devil Hills, NC",msa,NC,339414.7333,340517.6837,342672.9372,345279.8487,347969.1698,350453.5755,352120.4481,353533.6343,354867.8588,356646.6416,357421.2932,358271.0009,358836.528,359684.9719,360112.7369,360128.0903,359668.4067,359012.9698,358501.8673,358923.3689,359968.9488,361268.1427,362204.9967,362886.5843,363350.7853,363804.1423,363441.8161,363010.6153,363572.3646,366300.4348,371790.1608,378892.0319,387185.3142,395277.6597,402820.0523,409938.517,417495.7302,426272.6574,437233.9093,448377.3165,458696.8499,467752.2613,476627.9383,485855.8899,494385.6909,500976.7867,508664.9994,517659.8615,529913.6675,542443.2978,555653.6066,567260.9445,574973.3508,577191.1942,576304.9439,575541.2413,575138.5588,575049.0335,573931.9793,574268.9408,575309.1323,578279.8293,580839.1687,583420.0501,584864.3605,586067.1243,587223.0197,588701.6757,590172.9529,591262.5854,592334.8526,594675.1795,598144.5574,601835.4112,603166.6475,602306.402
395137,745,"Sulphur Springs, TX",msa,TX,179675.6421,180344.7198,181272.4055,181968.9024,182338.3736,181774.4469,180677.0495,179589.3864,179290.2062,179818.0985,180455.5005,181760.8347,183323.0554,185123.643,187002.7344,188858.0319,191256.1623,193286.5765,195349.4314,197001.4171,198173.1866,198358.6115,198073.1801,198650.0103,200921.5122,204129.972,207213.9951,209576.8107,212267.8359,215465.0755,219775.7483,224237.4669,227676.4428,229818.2057,231051.4784,233329.3305,236569.9492,240269.9875,243048.4331,245791.2749,249456.2567,254737.1151,259544.5711,262506.8085,265029.6483,267225.4162,269913.667,271619.1013,273598.0874,275895.4697,278817.5642,282281.3252,285240.3506,287487.9106,287803.4409,287829.3838,287165.8726,286829.3676,286230.6836,284513.545,283591.4982,283131.4229,284326.5266,286130.2842,287461.5794,287805.1676,286150.9317,284301.4677,282070.9265,278745.6036,275552.9008,273466.9431,274274.7807,276322.4193,277169.8174,277229.6049
394702,746,"Hutchinson, MN",msa,MN,182387.3145,183152.5758,184131.9112,184567.5749,185176.1369,185637.2893,186097.4217,186471.6254,186795.5445,187028.7081,187650.5808,188758.5922,190693.1785,192615.0205,194061.0637,195216.3873,195878.1432,196376.0315,196251.031,196681.5269,197496.969,198628.5949,199566.7661,200503.9263,201584.2532,202688.322,203496.6107,204216.7403,204958.2891,206120.4919,207891.0045,210186.3345,212854.1248,215321.8042,217531.1485,219542.383,221820.538,224498.5231,227865.0711,231763.7333,236202.6366,239983.7211,242895.1248,244972.3331,247314.5138,249591.4015,252456.2175,255622.631,259183.0566,262609.8707,265343.2447,267413.6066,267634.3945,266427.9361,264682.4867,263496.2056,263059.7661,262857.5117,263730.2123,265147.9023,266785.569,267933.8585,269007.0225,270587.8693,272343.162,274187.2698,275397.3367,276123.6629,276491.2635,276465.0869,276587.4998,277200.9783,279131.3312,281221.3741,282777.1877,283405.1246
394506,747,"Coshocton, OH",msa,OH,99172.77078,100036.7677,101016.7216,101807.8803,102342.4993,102819.6637,103358.3483,103508.0911,103956.2196,104728.4926,105624.9209,106836.1981,108061.9483,109138.3612,109900.1683,110584.864,111450.5423,112267.7747,112859.0301,113631.5906,114315.5457,114698.248,114543.6367,114463.6263,114680.7613,115369.554,116103.011,116719.3774,117477.1802,118647.3999,120517.9501,122778.9387,125222.8638,127414.4433,129266.7513,130847.2841,132445.2274,133842.4171,135038.6599,136770.9634,138126.9136,138884.2285,138486.4224,138715.6361,139617.52,140738.8909,142635.1139,145196.3881,148506.8628,151551.4545,153897.3411,155762.2191,156368.3997,156037.7669,155069.0596,154522.47,154552.8299,154766.778,154369.8757,154055.516,154295.867,155598.2633,157326.1701,159179.5754,160583.0141,161220.133,161279.3985,161074.5247,161365.532,161381.5816,161450.8608,161718.7439,163011.6104,164654.9152,166231.806,167167.9065
394696,748,"Huntington, IN",msa,IN,116789.8598,117953.258,119026.8812,119728.0041,120227.5364,120598.754,120905.8224,121231.7228,121664.785,122065.6881,122699.1035,123617.585,125022.6584,125943.3721,126233.1579,126029.496,126118.0477,126520.5382,127105.7826,127497.1995,128265.1507,129180.1858,130280.4865,131078.709,131578.6767,132034.482,132208.6983,132374.9985,132644.2939,133362.0885,134791.5233,136717.7773,139229.8181,141371.3972,143345.0345,145054.5771,147281.3885,149504.6093,151764.3781,153996.431,155946.2873,157269.9406,157555.4137,157827.2531,158434.4532,159644.5988,161676.1637,164342.6296,167011.5595,169076.2555,170447.4476,172056.5771,173235.9426,173893.8885,173774.1519,173519.5761,173586.7837,174080.2275,174720.261,175528.5916,176372.1387,177867.0445,179720.0562,181933.0581,183914.6853,185297.4054,185983.2672,186357.2224,186667.2157,186922.7419,187277.3786,188129.2815,189913.0307,191932.3133,193691.8051,194807.9193
394522,749,"DeRidder, LA",msa,LA,165508.1933,168193.6474,171021.7713,172016.7857,171695.8813,170616.6865,170294.1491,169833.895,169414.0538,168819.4808,169218.4559,170480.6191,172015.5527,174380.3003,176454.3653,179131.8667,181501.3079,183463.6369,185733.6579,188132.2358,191523.2651,194280.7292,194918.3392,194193.5366,192374.4373,191333.2502,189980.6821,189090.0474,189738.6575,192931.0801,197431.2333,199578.6946,197896.6207,192423.199,187732.1601,184807.2087,183629.4617,182900.8614,183024.5596,183646.5495,182891.9625,180681.8032,178775.924,178340.2124,177284.4541,174581.1593,171596.9928,168955.3488,168738.5995,168597.7599,169777.6753,170689.2718,172205.6853,172094.8682,169883.7836,167417.5594,166786.6765,167359.1576,167704.6506,166915.0799,165519.2083,162982.9933,159123.1809,154393.92,151232.2848,149605.7659,149627.9056,150393.3534,152422.3944,154989.9155,155072.4452,154982.996,154103.5517,154933.4954,155909.0425,157348.49
395192,750,"Vincennes, IN",msa,IN,86195.59193,86571.48553,87072.92215,87409.19261,87761.75756,88108.90899,88475.6695,88687.10422,88827.97968,88867.68265,89328.29507,90232.85932,91673.44214,93084.48812,94409.25239,95299.7195,95908.54,96162.42609,96353.95451,96289.88782,96426.50118,96787.76426,97468.68352,98392.23052,99371.13862,100514.1561,101152.5465,101485.7016,101548.4659,101868.8158,102266.9345,103068.5931,104215.2147,105840.9616,107619.409,109189.4918,110795.11,112032.6375,113596.2661,115165.7262,116313.9557,116894.6949,116986.5827,117612.3992,118539.9499,119429.6486,121045.2056,123279.3809,125524.0313,127247.7361,128490.7033,130387.3881,131923.823,132552.1615,132200.2944,131394.6695,130694.4232,129789.587,128807.8651,128750.4453,129640.8573,131453.2335,132938.1058,133876.01,134719.001,135782.0326,136991.6666,137705.7456,137726.4803,137714.3018,138277.2576,139746.3194,141855.0006,143735.3244,145106.9543,145641.9657
394370,751,"Bay City, TX",msa,TX,168429.1319,169184.7105,170150.8355,170892.2611,172123.6946,172758.098,173751.9408,174587.8376,175907.7346,176810.214,176154.8389,174517.0607,172485.1846,171216.8288,170244.5068,169156.351,168370.2055,168051.8772,168341.4796,169229.7812,170604.1293,171663.3105,172353.5378,172785.9863,173721.3882,174905.8746,175800.5571,176397.6752,177092.1039,178502.9203,180477.764,182343.8639,183703.8634,184670.8412,185437.8481,186382.7034,187238.9993,188716.3562,190292.5068,191804.9146,192961.7176,194126.7478,195817.4071,197671.8235,200134.254,201772.5666,203296.7683,204518.5365,206234.1716,208771.8174,211184.5188,213666.9331,214999.8651,215473.2613,214908.3386,214080.2151,212820.3936,211202.5891,208981.583,207033.4306,206041.1368,206192.1015,206965.6567,207698.0149,207484.7355,206593.0695,205174.8234,204142.8525,203314.5427,202941.3905,203081.7366,203966.5004,205627.1326,207525.3822,208740.4304,209162.0464
394920,752,"North Platte, NE",msa,NE,146925.9449,147675.6101,148076.8199,148013.5976,147839.7938,147691.5046,147666.2958,147531.9608,147664.1506,147944.3344,148737.4655,149721.0643,150938.4398,151950.3383,152721.3945,153378.7425,153655.908,153920.4487,154331.9006,155164.2725,155869.8961,155985.812,155539.4236,155279.2351,155332.9292,155740.4134,156016.7661,156217.1449,156513.6081,157048.418,158127.656,159193.673,160469.5388,161367.134,162262.4281,162748.9851,163204.5077,163777.7105,164895.7762,166276.7016,167562.1348,168399.3035,169492.6982,171124.7899,173237.8098,175028.1565,176708.4569,178488.1892,180715.5262,183238.4148,185663.5683,188178.2812,190113.566,191166.7343,191307.7769,191630.186,192320.0155,193004.4039,192408.658,191774.3775,191416.9564,192233.1753,193593.0034,195013.6583,196145.6473,196701.5626,196857.1214,196692.927,196742.9145,197086.4654,197441.3461,198160.8775,199464.5692,201251.6439,202357.4372,202741.8801
394973,753,"Peru, IN",msa,IN,87226.71513,87425.30997,87633.61297,88012.25055,88621.31372,89211.54063,89762.63883,90341.99031,91339.11509,92514.11714,94160.43197,95810.07373,97550.62059,98396.92025,98380.01104,97773.84481,97435.1518,97465.30358,97537.54171,97719.74733,98290.94925,99267.64249,100422.2455,101717.9906,102802.8945,103831.9911,104186.4867,104134.9043,103915.3838,104233.1498,105283.8701,106847.4482,108857.8682,111085.4778,113265.5662,115388.0296,117394.3271,119245.3975,120869.409,122487.9165,123829.7919,124885.4551,125445.7797,125940.0214,126562.36,127394.7805,128921.4082,130991.1963,132954.6605,134449.0778,135200.9241,135983.3441,136254.3753,136065.3445,135655.0707,135219.9569,134953.4573,134464.96,133869.7049,133482.6316,133927.3023,135314.498,136974.8717,138570.1535,139788.7201,140645.815,140913.3552,140633.838,140067.2101,139518.4512,139388.5268,140070.1029,141613.2778,143310.1321,144845.1372,145510.1906
394992,754,"Pontiac, IL",msa,IL,97440.84599,98098.66234,99078.55345,99536.86757,100075.3836,100184.7212,100224.5832,99835.21177,99477.44365,99318.57508,99559.104,100353.0194,101697.7628,103093.0972,104218.8699,104937.7233,105568.278,106044.0978,106664.807,107423.4663,108317.7932,108668.1943,108745.1407,108938.1071,109334.7038,109578.4928,109132.9319,108404.1006,107966.272,108331.3724,109544.6315,110745.4242,111972.0204,112800.1777,113957.1773,115386.8129,116901.7735,117740.4648,118224.4,118963.2365,119587.8426,120050.7163,120142.9062,120943.3011,122019.6621,123156.8926,124509.0142,126053.0556,127683.0059,129081.734,130194.9097,131346.8222,132103.9893,132364.3114,132337.3117,132421.7281,132520.3245,132657.441,132419.0825,132422.5988,132280.7557,132727.017,133592.3974,134905.9613,136218.0965,137433.8399,138504.3653,139724.28,140594.7223,141059.0982,141136.4323,141683.1075,143002.7081,144703.5175,146010.0844,146795.5549
394781,755,"Lebanon, MO",msa,MO,130899.0386,131690.9221,132642.2725,133157.9026,133215.2793,133476.1536,134303.1606,135291.4994,136358.2961,136758.6149,137170.1744,137739.5007,138794.021,139995.0355,141154.3722,142504.1026,143821.2459,144942.9858,145499.1016,146001.6147,146307.0985,146807.617,147517.2775,148779.8407,150023.3973,151092.2873,151982.0337,152922.2544,154343.9302,156171.592,158632.143,160612.6049,162067.4583,162908.1465,163826.4768,164972.9176,166596.1566,168962.7804,171952.7606,175300.4568,177779.9254,179498.3015,180586.7478,182141.9344,184259.1191,186177.3566,188963.6289,191908.96,195709.6383,199151.6308,202645.6889,206156.3569,208107.5408,208683.9525,207868.9964,207519.5778,207379.6238,207745.0413,207917.8723,207767.5774,208169.406,209672.3343,211454.2584,212899.6559,213843.0823,215250.2649,216401.6056,217207.4428,217673.2979,217868.0562,217624.2193,217686.8244,218321.0558,219784.0057,220647.833,220957.6621
394915,756,"Newport, TN",msa,TN,138102.195,137692.7105,137052.7235,136394.2165,136219.7499,136362.5667,136568.5126,136422.2642,136149.1325,135962.4845,137546.033,140704.8774,144802.1647,147728.5915,149501.5885,150620.5644,151693.6942,152647.2616,153383.5957,154433.0757,155969.8845,157747.7337,159421.812,160686.4818,162192.5482,163993.9913,165650.7832,165948.0568,165173.8701,164772.4972,165675.7705,167289.1575,168822.0168,170116.7434,171092.0624,172571.3913,174283.226,176685.1344,179243.5747,182733.3993,186469.5444,189253.8597,190437.5465,191774.0481,194918.0321,199321.9748,204197.998,208329.064,211366.8974,213089.3612,213721.4655,214863.5772,215202.1458,214798.5509,213066.114,210770.5629,208081.7813,205565.7269,203734.2574,203342.6973,204037.2642,205743.227,207293.2147,208921.3702,210628.4497,212552.8681,214295.3933,215077.9904,215952.5085,216430.4982,215690.9963,213972.3698,213161.2042,215278.1493,219317.5815,223314.5044
394525,757,"Decatur, IN",msa,IN,135722.9408,136554.8148,137414.5613,138212.9304,138901.6278,139469.108,139942.7283,140293.9292,140808.0654,141038.5285,141662.4517,142827.5781,144845.8427,146564.7667,147600.3217,148080.9563,148720.5377,149268.4095,149537.0094,149602.956,149813.4571,150348.4778,151244.2126,152356.0296,153709.2786,154861.8734,155486.9784,155603.7437,155709.199,156205.3875,157281.3204,158851.6135,160705.5281,162288.688,163244.1466,164261.4511,165567.0516,167446.4665,169602.3268,172257.3403,174846.4914,176776.8916,177620.8299,178033.5181,178970.7768,180354.9596,182725.9243,185494.2689,188474.1393,191687.4248,194477.9908,197281.9053,198638.9779,198897.3418,198356.5604,198157.8676,198517.2084,199280.2495,199506.1107,199706.716,200283.479,202281.8934,204688.4139,207471.7357,209688.0457,211715.0327,212867.509,213609.5235,214077.8693,214564.0443,215212.075,216271.9403,218035.6994,220084.2953,221739.4181,222534.1974
395191,758,"Vidalia, GA",msa,GA,104959.0416,105477.3443,105851.3337,105687.5065,105693.2188,105687.5678,106104.752,106230.981,106566.6503,106617.1382,107067.4626,107732.9425,108936.9388,109902.3,110712.7622,111685.2504,112826.0477,114189.6145,114996.684,115849.2362,116115.6432,116230.463,115705.5683,115441.3428,115618.5377,116207.0121,116729.4844,117138.007,117668.6393,118998.8568,121266.2082,123659.5609,125272.2029,125904.6016,126917.6992,128320.1529,129932.5764,131347.0525,133115.8571,135244.9735,137185.8025,138565.4344,139606.4489,141231.2327,143763.1323,146357.1382,148834.2921,150838.4359,151989.8653,152886.6124,153184.3217,154283.5519,154922.8732,155186.0624,154274.9309,153133.6763,151825.7586,150643.6118,149238.8376,148377.6037,148939.704,150660.8556,153067.7204,154905.7729,156219.75,156856.6853,157921.7007,159423.9061,161107.3788,162061.9226,162112.8354,162237.8453,163306.9903,164936.6521,166928.7759,168549.2154
394413,759,"Brenham, TX",msa,TX,229363.0453,230898.8975,232028.3179,232288.3357,232658.5812,232879.0006,233525.8081,234325.9399,235380.3276,236257.9421,236934.8754,237902.7477,239225.0624,240597.0655,241674.2177,242429.1932,243331.799,244770.3926,246735.0536,248913.2836,250710.6979,252141.2782,253247.27,254168.2964,255409.1962,256329.666,256595.0916,256264.204,256851.9955,258967.401,262316.28,265966.9045,269091.068,272138.8679,274633.2156,278209.1951,281434.2365,285000.0455,288577.4264,292816.3635,297481.0984,301843.5499,305298.3798,308936.8658,313200.3194,317740.2607,322241.5301,326378.4092,331272.9692,336525.0865,342226.9286,348006.2768,351540.433,352257.7042,350461.3738,348694.4709,346882.7957,343719.7347,339710.5001,336152.4543,334814.6676,335184.9444,336331.211,337414.7069,338078.2436,338232.4207,338037.7677,337714.6448,337335.8048,336984.8667,336850.7646,337807.6932,339726.794,341977.2955,343098.6711,343500.408
395187,760,"Vernal, UT",msa,UT,174611.3615,175078.0931,176705.4676,177798.3581,179362.1794,180730.2194,182137.6921,183054.0711,184206.6424,185038.8345,186445.5585,188186.6379,190608.6315,193483.7439,195771.7522,198164.6004,200090.2043,202292.2399,204245.1017,206716.6073,209999.0157,214136.8946,217571.5544,220104.5974,221593.3993,222340.3179,222521.2086,222587.1141,223174.8795,224193.7691,225376.0246,226291.2451,227327.3623,228117.7996,228455.3165,228227.7632,227705.9776,228206.691,230018.0922,233396.973,237787.8962,242526.5207,247028.2806,251142.4797,255094.5734,259080.1188,263133.3672,266703.3524,269968.8577,273758.0404,278467.0697,283560.4275,286920.1101,288619.2051,289550.6374,291721.474,293478.1422,294625.29,295524.9127,297029.5592,299841.9401,303183.1869,306741.8112,309967.2127,312040.482,313955.8628,315813.1264,319176.506,321806.6465,323279.54,322685.0754,322692.2851,323339.7381,324117.8287,325137.1304,325625.5184
394947,762,"Ottumwa, IA",msa,IA,80588.63483,81804.28833,82814.20261,83739.7004,84147.17984,84374.12923,84038.53806,84066.95496,83954.2818,83949.29419,83492.5647,83150.86441,83304.54399,83699.92347,84382.17442,84950.85717,85352.34872,85287.59957,85076.81874,85086.99476,85486.56704,85759.97513,85594.23192,85325.51232,85225.23375,85524.14102,86063.56043,86653.84959,87369.26877,87878.77554,88759.15664,89621.27908,90803.60844,91637.46166,92460.84521,93130.20001,93914.76973,94720.92056,95814.46991,97176.38326,98234.21088,98493.36891,98206.05989,98048.27628,98599.95248,99528.65017,101272.9374,103226.0901,105330.4095,107312.9159,109242.3565,111169.2631,112641.411,113257.6105,113099.293,112523.2686,112073.6323,111607.5289,111332.449,111195.7261,112025.098,113263.6526,114510.1265,115399.7103,115968.7066,116366.5751,116465.7332,116487.2161,116915.9304,117497.4982,118401.9214,119405.2913,120848.4597,122416.5356,124072.8452,125442.071
394430,764,"Butte, MT",msa,MT,139724.9887,140690.1617,141337.3717,141881.4085,142821.8187,143675.5604,144584.9872,145164.6904,146080.5342,146843.0235,147729.767,148527.5299,149953.5748,151152.8712,152123.9176,152752.7879,153416.1292,154240.944,154504.1385,155199.516,156140.8937,157359.6941,158234.0422,159207.7218,160683.3699,162423.9163,163853.2292,164798.5298,165590.9906,166321.904,167666.7758,169298.7525,171846.4316,174857.1484,178417.4304,182503.8985,187203.7216,191974.4119,196943.0991,201834.3837,206827.2037,211202.0074,214626.8592,217512.3721,220751.459,224253.9497,229731.1792,236192.0842,243277.3794,249246.5642,253538.7068,256641.1224,257762.7081,257245.5501,256150.1259,255707.8028,256255.5338,256854.9119,257235.6314,258041.7556,259172.2575,260839.2787,262942.9911,265611.1793,268040.0591,270227.5978,272002.4041,273500.9699,274211.1561,273892.6054,273679.7921,274260.764,275926.9208,277890.0471,278951.5638,279289.2407
394499,765,"Corinth, MS",msa,MS,120147.9914,120881.6656,120775.3392,119691.8899,118840.5882,118050.1547,117743.32,117611.504,118309.2996,119174.7356,119977.7758,120289.0739,120606.9446,120977.9297,121253.3076,121590.7699,122278.1006,123095.4056,123720.0556,124325.3554,124688.0161,125230.7842,125031.8613,124833.8844,124789.5039,125103.8605,125273.2492,125124.5038,125855.3107,127490.8841,129845.4338,131302.0813,131809.2221,131601.0457,131372.2542,131922.1746,133210.0259,135550.1468,138691.4752,142324.4647,145420.3053,147771.9217,149226.2932,151281.9124,154338.1369,157431.5446,159305.1645,159478.4575,158990.912,158832.2977,158976.8002,159878.6502,160258.2633,159751.3693,157925.4536,155851.9163,154435.7453,152950.7968,151773.7465,150266.4011,149143.0858,148711.2308,149310.2829,149857.663,150189.5999,149879.8854,149807.1264,149419.2216,148583.4746,148537.5772,148619.379,149072.489,149817.69,151127.2335,151929.1391,152259.9809
394417,766,"Brookhaven, MS",msa,MS,149564.4175,149610.3707,149273.3769,147230.3896,145096.2208,143354.6444,142723.7917,143193.3795,144958.0286,146482.1215,147122.5542,147430.4302,148220.2299,149742.7509,151300.9072,152702.5463,153752.3161,154845.5306,155260.6526,156201.535,156855.0955,158127.6815,158084.4605,158372.1026,159298.7704,161217.9231,162896.8327,163362.5856,163983.6568,165234.6207,167578.1646,169420.6985,170460.6825,170786.6843,170504.7067,169824.1626,169246.9834,169816.6247,171198.6082,172879.8984,174618.1951,176502.7405,177674.6657,179368.0788,181407.033,184417.3992,186551.2186,187537.8879,187884.6333,188198.7708,188509.6459,189545.2498,190383.6862,190321.7538,187865.9765,184368.9814,181024.4385,178798.9283,176200.1594,172581.1999,169371.5663,167823.1022,168835.516,170295.2522,172274.7306,173633.024,174490.2722,174197.3616,172767.5282,171533.8063,171086.4212,172066.7932,173552.4569,175040.5851,175972.5483,176028.0645
394569,767,"Emporia, KS",msa,KS,101195.6211,102051.1618,102998.7053,103642.3635,104300.959,104485.2358,104619.0988,104614.3432,105212.0927,105921.011,106650.3256,107287.5478,108199.7936,109023.4748,109640.7278,109893.1294,110135.0274,110554.7859,111128.067,112437.0516,113911.5493,115479.5979,116166.7104,116466.2753,116718.6665,117070.7962,117327.0421,117248.7054,117701.8277,118769.0939,120780.5744,123196.1722,126003.6758,128222.9431,129856.9121,130771.8042,131963.0578,133319.155,134887.748,136434.9143,138184.537,139752.6355,141018.1197,141681.2974,142714.8191,143764.3328,145452.51,146766.7811,148017.4692,149159.9562,150330.8453,151830.2925,152765.3219,153352.2503,153418.2044,153493.3,153714.8096,153778.6884,153886.8122,153656.1023,153790.2059,154041.203,154718.4855,155479.1044,156294.1301,157283.4967,158036.4623,158424.3033,158668.6711,158995.0048,159461.522,160419.0056,161877.5279,163733.2117,165278.3394,166598.8833
394713,768,"Jackson, WY",msa,WY,723782.0836,727404.5666,731965.78,733869.6101,738592.9436,744434.6427,754197.8689,761101.5516,766293.873,769152.9058,770463.3432,770950.3944,771687.089,773942.8349,775812.2327,778092.5092,780227.3405,782900.6464,784457.6236,786510.6425,789639.777,793600.4276,797722.7388,802626.4919,807653.348,811525.8481,812141.8556,810483.6719,808672.8148,811362.2685,819915.1013,834417.6008,853339.3802,875081.5706,895162.0367,914095.6419,935660.5986,964947.4306,1003550.405,1040768.567,1075029.04,1098775.712,1119949.871,1141733.079,1170139.572,1198232.571,1226639.983,1253371.109,1286908.862,1319734.359,1344563.527,1356818.694,1351556.92,1337596.564,1316973.726,1309763.049,1313396.67,1327075.829,1332213.385,1334282.712,1331926.186,1334998.478,1339255.192,1351015.977,1362451.724,1379300.634,1396112.65,1413231.506,1424126.15,1429251.068,1433935.044,1438216.812,1445804.258,1455921.606,1463080.511,1458567.959
394385,770,"Big Spring, TX",msa,TX,122340.7827,123942.5971,125509.1458,126578.0663,127623.5176,128959.2362,130633.3724,132272.8502,134776.5502,137000.9427,138722.2541,139410.8524,140111.582,141133.6341,142558.0877,144218.3889,146029.2917,147164.2334,147727.0296,148424.0238,149215.8378,150270.0344,150604.0239,151433.3808,152324.1061,154191.0074,156223.203,157505.3687,158258.3504,158828.2779,160187.6747,161315.2325,161409.8805,160856.8887,159918.0503,159412.8185,159347.8436,159281.0737,159298.8695,158533.8734,157627.5553,156725.2453,155937.4987,155729.9841,155907.6179,156397.857,156959.8547,157006.1574,156644.6256,155830.1416,155550.8423,155674.0772,155559.1077,154408.0057,152142.5159,149768.7294,147690.2007,146117.8505,145169.0353,143345.8696,142286.0933,141420.312,142229.6705,142962.9926,143232.6118,142274.4494,140369.7134,139982.7583,140967.1219,142620.5715,143762.0836,144877.2715,146310.7421,147448.1199,147589.9637,147387.8942
394557,771,"Effingham, IL",msa,IL,147882.7062,148376.1289,148852.2417,148937.3769,149267.8864,149422.7142,149931.1816,150003.4386,150431.8185,150847.4379,152106.2323,153870.9291,155344.6038,156295.3045,156490.2251,156435.8434,156217.273,156180.9673,156442.2693,157082.9951,157948.5538,158805.1511,159226.0701,159695.3345,160051.2838,160468.6381,160574.5292,160933.105,161958.893,163665.1403,165459.8157,166988.4461,168244.2028,169256.8224,170019.8701,170843.928,171572.8217,172186.6414,172838.9765,173954.4485,174976.1636,175564.096,177077.9673,179726.1135,183583.5344,186884.559,190423.2367,194150.7242,197848.5189,200545.42,201593.0867,202205.3159,202055.9118,201923.513,200817.4686,200763.4888,200666.1335,201411.4857,200976.9418,200435.8948,199316.268,199752.5291,201469.2097,203858.8024,205035.382,205124.7687,204776.8006,204578.8718,204149.7535,203479.6516,202676.8124,202596.9935,203294.3571,204230.1245,204709.1166,204675.6962
394536,772,"Dodge City, KS",msa,KS,118575.848,119886.2069,121073.6555,121646.0782,121539.4511,121156.0553,120969.5245,121029.9139,121474.6323,121862.5517,122233.62,122986.4197,124705.8058,126353.9143,127513.9099,127668.0401,127504.9342,127097.0525,126498.3461,126437.5325,126510.5398,126779.1734,126716.5064,127315.3639,128202.3367,129289.1869,129824.2813,129781.6192,129867.2442,130107.2927,131367.8299,133348.3411,135985.1593,138499.676,140652.8944,142578.8407,144858.3815,147248.3729,149931.997,152341.3019,153930.5864,154551.1322,154540.2437,154894.6116,155579.7961,156365.5221,157809.7269,160140.9858,162787.4218,164915.7853,166568.979,168472.0331,170318.9117,171563.8961,172455.604,173748.4985,175373.7962,176336.5075,176459.5387,176216.4757,175732.8892,177114.0944,180379.6752,185150.5457,189180.8687,192689.4541,195682.3148,198002.6427,198678.6452,198651.1869,198789.3952,199725.7354,201522.4005,203123.0819,204763.7661,206399.0036
395211,773,"Watertown, SD",msa,SD,217919.7483,217798.161,218089.1159,218304.098,219563.4644,220786.9119,221754.4898,221859.0472,222326.8842,223093.6032,223955.7462,224831.9792,225775.778,226341.1734,226317.5366,225939.9017,225835.4551,226490.5774,227873.88,229879.3398,231772.0878,233462.6257,234306.7402,234665.9115,234879.1989,235614.0497,236217.6805,236113.3981,236575.3415,237812.9217,241019.6637,243849.8555,247397.3997,249916.1101,252492.9246,254771.3023,256596.4981,258698.4383,261707.1802,266439.893,272287.9936,276982.4248,280119.2505,282589.9174,285541.1777,289373.2196,292970.1629,296181.3531,299158.0832,303380.4534,308576.3309,314160.971,317099.6129,318096.6563,317523.3065,317834.8605,318002.0472,318503.8652,319203.0544,319836.9003,322100.537,324668.9009,327002.2583,326852.2701,325462.1363,324919.594,325007.994,324041.3266,322403.3271,320404.0183,320785.9809,323277.9024,327199.8493,330636.1582,332198.1072,332671.6156
394331,774,"Angola, IN",msa,IN,189198.6012,190349.5747,191475.9773,192271.0044,192728.3578,193132.7336,194098.0874,195196.9942,196167.701,196493.4614,196972.3447,197855.7204,199207.1779,200190.1723,200548.0089,200903.9295,201712.7983,202829.9261,203711.9438,204404.4064,205291.5292,206289.2435,207616.87,208911.6362,210314.3061,211519.5981,212299.5176,212842.1911,213551.3403,215236.8364,217835.6701,221414.2601,225235.4401,229222.9483,232204.9365,235354.4695,238864.1763,243363.1026,248908.7457,254732.698,260780.0138,264621.3614,266865.956,268511.3544,271157.2058,273627.3084,276333.5197,279176.3364,283558.8078,288267.234,292645.5315,295904.6086,296359.8785,295048.4247,292334.9485,290494.11,288870.9717,287895.2249,286953.6254,287324.5522,288863.5269,291894.7702,295224.5486,298573.9506,301104.96,302489.3934,303342.8776,303248.7646,302914.2357,301875.3458,300989.859,300732.3554,301808.5711,303751.7816,305656.9222,307051.5677
394535,775,"Dixon, IL",msa,IL,122141.7687,122785.3315,123686.0677,123718.6333,123625.3706,122846.3438,122436.4773,121604.3735,121373.4562,121851.8724,122674.3565,123706.5801,124040.7833,124730.6544,124792.9602,124485.4057,123916.6268,123520.3927,123818.0914,124300.7981,125048.872,125399.6859,125360.9179,125349.958,125379.7676,125749.3176,125638.9359,125185.6662,125019.4979,125997.2896,128250.8814,130929.9329,133707.6918,135982.6023,138021.5457,139616.1988,140995.3599,142136.4378,143226.4331,144917.5406,146271.4962,147189.7597,147133.9615,147388.9852,147662.7015,147832.6264,148569.3793,150491.858,153288.732,155629.7997,156566.6712,156959.6527,156777.8055,155951.6757,154297.3011,152913.2979,152342.9746,152154.7953,151175.1925,150098.298,150060.9995,151063.1598,152739.0935,154222.1564,155658.3447,156678.529,157834.7719,159110.6882,160286.7171,160809.0378,160766.8946,160910.4714,161987.1066,163930.5813,165987.5416,167499.1949
394777,776,"Laurinburg, NC",msa,NC,76785.73824,76774.79146,76673.06788,76471.88977,76547.24306,76615.27198,76575.96049,76165.69167,76074.28255,76193.07927,76566.86616,76929.38306,77318.8186,77683.16393,78010.08887,78201.56264,78416.24399,78436.06457,78323.65429,78247.00616,78412.46192,78647.79855,78936.16274,79137.88748,79497.45171,79869.28138,80234.85079,80525.13242,81147.04994,82281.62208,84197.00584,86210.74578,88432.93142,90332.58453,92153.99881,93931.94348,95835.35041,97470.9458,98850.62398,100244.839,101237.045,101535.7166,100967.8296,101120.8535,102086.8112,103282.3444,105153.0463,107554.1916,110762.7957,113596.1528,116063.7553,118829.0669,121165.8366,122957.2249,124120.5282,125690.8887,127283.0442,128117.5741,127633.668,127304.4544,127596.8018,128600.8041,129640.3572,130476.8498,131447.2234,132247.2421,133486.0073,134132.5903,134980.2306,134794.2639,134152.9488,133550.2808,134380.2953,136336.1941,138042.167,138876.9209
395149,777,"Taos, NM",msa,NM,321756.0432,323773.2574,325690.5136,326992.729,328064.8305,330139.6286,331498.8999,332355.3239,332122.4359,332369.7888,332370.8805,331898.8756,330549.8517,329534.1867,330285.3425,332934.1828,336268.9353,338748.8785,340078.5286,340903.2925,341689.7575,342846.3164,344216.6942,344564.0457,345411.5555,347915.2378,351360.6627,354851.3185,358082.2198,362963.5576,369509.6801,376339.9779,382392.4312,387610.1522,391451.8439,395822.0908,399647.002,403863.9396,408107.5072,413144.4932,420383.3824,428948.3202,436502.9556,443167.7215,446194.7761,448245.387,447475.2849,446230.855,446932.5354,453029.2121,462672.9588,473225.5512,478760.0171,480987.8211,476826.5375,472672.4712,467571.2625,465389.0156,464175.305,463577.6076,466582.043,474063.5902,482496.9478,484990.4422,478934.336,469355.23,459760.1638,451625.1734,444761.9699,439234.4431,436577.8004,436406.9572,437939.122,440251.4613,442090.3487,443133.1803
394419,778,"Brookings, SD",msa,SD,197782.9219,198364.0903,199275.0762,199795.6302,200577.1884,201154.9339,201853.4472,202241.975,202629.1014,202932.2477,203382.0552,204049.1539,204850.3404,205710.1402,206520.2836,207415.9692,208148.5053,208498.2649,208769.5321,209343.2127,210242.9932,211040.3457,211425.089,212000.1747,212816.3317,213781.6798,214584.4499,215429.3327,216834.1059,218468.7524,220663.2657,223215.5936,226283.2892,229029.2214,231190.9788,233070.272,235264.6174,237995.6442,241261.1698,244609.2509,247319.0204,249184.8752,250095.733,250980.9678,252254.5481,253798.6772,256662.4955,260224.3212,264593.447,268646.2069,272088.8606,275158.9008,276840.7831,277151.7676,276367.7873,276079.5351,276271.3935,276553.4157,276067.0258,275843.8346,276877.0266,278654.772,280516.4913,281870.3492,282959.7449,283580.2372,283622.5043,283461.1842,283349.5287,283383.4336,283530.5197,284588.2363,286290.8974,288094.4281,288951.0233,288908.006
394324,779,"Americus, GA",msa,GA,78106.40202,78711.26011,79061.31315,79133.09833,79489.07348,80055.38364,81019.6949,81449.30146,81867.78382,81972.71064,82232.30874,82294.31935,82591.3931,82970.26928,83576.96477,84085.11073,84527.50383,84622.54212,84317.46693,84039.46447,83926.87286,83843.66113,83821.8808,84119.03144,84944.72777,85696.95955,86260.25713,86617.76294,87224.0527,88397.13621,90157.28326,92269.11983,94455.43192,96453.09718,98000.17343,99212.67229,100300.8952,101822.9175,103336.1554,104984.2134,105489.9799,105590.5428,105099.4889,105772.0254,107407.1701,109628.3291,112479.4109,115458.1057,117901.6785,118952.448,119132.801,119934.4616,121256.6383,122412.7362,122805.6048,123004.1752,122848.4281,121883.6204,119488.5114,117386.6061,117010.1293,118457.2827,120556.7008,121943.4313,123186.8133,124228.4427,125741.5606,126736.3636,127381.3284,127366.6404,127315.5398,127580.8862,128684.3788,130143.6921,131280.1769,131945.3752
394491,780,"Columbus, NE",msa,NE,176278.4944,176596.0297,176636.5201,176595.6708,176904.7164,177530.1409,178460.7135,179688.3153,180940.9153,181875.4658,182765.2457,183962.3015,185442.0583,186655.2581,187692.7724,188460.1122,189210.9735,189811.5507,190582.4209,191649.0395,193031.4577,194218.0038,194700.5774,194687.7933,194600.0289,194727.9274,194916.3082,195587.5036,196788.2957,198822.5827,201712.3635,204994.1101,208260.7224,210965.434,213425.9569,215933.2583,218561.3119,221606.0073,224733.2168,227553.3554,229341.3673,230023.0766,230524.3962,231882.6033,234458.9694,237166.8056,239958.2091,242799.1853,245820.3866,248748.7027,250973.8272,253051.4182,254118.122,254181.8887,253293.6168,252552.9702,252488.8328,252669.2449,252788.4391,253242.1741,253947.3896,255242.0025,256913.304,258961.4936,260861.0852,262334.6773,263517.0836,264093.3364,264305.6274,264312.8177,264709.3778,265759.4865,267470.1542,269518.2582,271199.2417,272431.8549
395150,781,"Taylorville, IL",msa,IL,87478.29841,87557.64921,87772.44027,87603.71554,87090.57882,86629.10677,86541.7758,86712.32431,86795.33401,86924.59313,87082.93997,87860.43625,89034.36872,90013.98219,90648.44148,90783.30705,90949.10725,91158.65742,91311.76464,91564.76807,91588.93416,91626.53447,91222.07179,91085.234,91061.35862,91209.75883,91010.4506,90637.64384,90818.99115,91879.18475,93657.417,95207.71793,96157.58823,96467.53149,96446.99179,96744.2672,97027.34002,97356.76776,97370.02808,97491.34025,97495.21094,97496.86324,97212.50942,97151.53978,97209.30787,97511.62258,98484.2934,99726.625,100861.9256,101193.5342,101416.5212,102218.5029,103183.545,103328.5024,102785.0805,102558.6375,102578.4178,102622.2464,102368.1124,102431.8475,103121.5243,104501.0196,106206.8304,107589.217,107873.5808,107513.3263,106891.7756,106914.8739,107154.0926,107853.0866,108729.7155,110339.0003,112311.6238,114146.6106,115266.4243,115666.8594
394335,782,"Arcadia, FL",msa,FL,135989.2134,136695.6224,137651.2201,138655.1869,139783.8799,140770.2966,141851.9123,143056.431,144317.3464,145373.7402,146124.1678,146753.9465,147414.5593,148058.6852,148969.1296,150074.6159,151416.6235,152560.1841,153278.1404,153777.3013,154081.9333,154479.1214,155234.7286,156452.4084,157358.9513,157821.6481,157407.7976,156957.4087,157347.1859,158863.9673,161584.7881,164515.8057,167632.5003,170510.7738,173318.8137,176163.2539,178904.5453,181564.9057,184640.1849,188712.0293,192648.455,196079.0879,198349.7886,201113.58,204757.8558,209606.1103,216164.3601,223886.3757,232286.9934,240425.8532,247200.9523,253161.8364,256772.0075,258673.7069,258696.2263,258424.1841,258008.4148,257083.4961,254927.1658,252467.6118,250474.3387,250205.7446,250983.5335,252505.502,253919.5207,254793.6575,255355.4106,255323.042,255249.2887,255022.3098,255045.8328,255398.3568,256106.0043,256980.1281,257219.0634,257084.4567
394786,783,"Lewisburg, TN",msa,TN,179511.1253,181673.5551,183701.0589,185475.0226,187523.6977,189343.3499,190866.1997,191862.8239,192633.2573,193125.2103,193875.0621,194994.6099,196941.8115,198933.4076,200926.3547,202838.4125,204847.4692,206912.5389,208517.6432,210109.6328,211670.9322,212901.299,213953.502,214939.9017,216687.5892,218768.7612,220821.3385,222518.8157,223355.8259,224287.5413,225836.2961,228455.6971,231513.8687,234872.0553,238465.7395,242949.9556,247622.6731,252681.1796,257688.3782,263529.8308,269021.6948,273197.3967,276080.822,279524.1311,284216.28,289295.3155,295375.5424,302255.3942,308794.6465,313835.1602,317183.1343,320659.2388,322748.9484,323213.4249,321598.9181,319075.0782,316237.0255,313576.565,311384.9043,310846.1358,311221.6681,312698.6737,314244.2182,316051.8383,317044.8257,316963.8485,316297.9394,315873.5644,316160.0406,316397.2809,316158.4089,316061.9985,316815.7974,318942.2862,321222.9327,322462.8865
395084,784,"Seneca Falls, NY",msa,NY,126993.5461,127489.871,128175.9299,128916.0328,129554.7342,130316.8959,130827.9563,130809.6883,130630.2378,130136.6242,129876.7572,130061.8872,130969.9426,131876.1239,132261.3406,132352.5571,132699.3772,133200.5584,133797.5329,134422.0701,135031.5148,135347.2095,135304.2375,135585.7748,136238.9896,137105.5774,137667.7076,137964.6143,138416.1374,139191.5419,140761.7209,143364.4887,146676.4078,149743.9812,152070.487,154361.5915,156786.3341,159330.286,161932.7962,164861.8476,167407.3847,168837.4102,169079.1232,169318.2503,170171.2292,171346.3488,173830.0314,176537.9607,179347.1378,181396.5961,183161.5784,185331.3029,186489.4853,186880.211,186587.087,186817.9699,187088.2011,186993.623,186248.718,185361.3312,185189.3167,185937.2408,187710.631,189956.4256,192451.5451,194489.4332,196032.7026,197056.2385,197903.9931,198216.7424,197741.0225,197060.1875,197106.4431,198868.9397,201501.1536,204444.7518
394533,785,"Dickinson, ND",msa,ND,257060.7304,255439.339,253834.5454,252296.5444,251506.8147,250807.1987,250334.8251,249806.1239,249313.1535,248614.7814,247724.4905,247731.5546,248262.6552,249335.4088,249938.2647,250898.1667,252143.4643,253595.5252,254894.1726,256119.3277,257242.8406,258160.0923,257805.3808,256820.2807,256237.1442,256891.2641,258016.8385,258837.4883,259852.27,261227.1783,262864.9674,262964.7254,262415.5446,261088.1513,260426.4531,260526.4369,261023.2732,262208.8704,263545.342,265225.5742,265864.2335,265330.7841,264250.6583,263914.6923,264950.1627,266221.9998,268139.4249,269174.4828,270369.3315,271428.6208,273047.2417,274899.4608,275923.8025,276408.0131,275803.0681,275748.1116,276130.8422,276824.686,276700.933,276890.6463,276953.3132,277417.0087,277778.6041,278929.6881,280199.8524,280771.1679,280979.6623,280923.1238,280959.2916,280402.7704,280202.178,280508.5449,282230.6496,284693.6047,286956.8705,288394.3963
395207,787,"Washington, IN",msa,IN,136629.7306,137328.2153,138018.1791,138647.4842,139328.434,139998.4156,140212.9774,139869.1026,139699.7014,139758.2469,140596.2925,141558.9239,143014.2841,144407.1737,145312.3892,146205.495,146884.9085,147919.4543,148427.6773,149092.0328,149961.9488,151254.8369,152390.9657,153439.2372,153911.2833,154378.4513,154459.6535,154889.812,155782.8301,157401.4751,159835.143,162422.1207,165342.6313,167962.5595,170236.8526,172089.3433,174084.6952,176482.3793,179221.2992,181902.3548,184349.7239,186121.5073,187037.3293,187533.9685,188162.9478,188774.7891,190382.2847,192719.4543,195817.1275,198883.8026,201270.8787,203821.9778,205114.8803,205646.7029,204755.826,203950.2954,203523.3698,203717.9421,203552.9963,203430.4703,203812.9852,205823.5348,208370.6674,210793.0079,212243.2337,213010.8388,213499.7708,213808.2315,214039.3576,213779.9702,213822.3788,214667.6344,216580.9653,218484.9286,220108.1694,220822.3827
395165,788,"Troy, AL",msa,AL,127907.6558,127276.2556,126733.0073,126201.6794,126155.6987,126247.6591,126306.2286,125764.2428,125335.5253,124997.9551,125818.0788,127290.1505,129487.5524,130845.4962,131521.5013,131989.3928,132662.7252,133176.1943,133215.7907,133460.4743,133993.7263,134806.489,135460.3701,136256.4867,137422.6965,138865.2573,139799.9313,139814.2629,138970.4172,138423.4618,138597.9146,139162.4718,139365.4525,139231.9508,139035.376,139369.179,140384.0756,142136.6827,144207.3,146465.4546,148391.9851,149886.496,150671.4031,151853.8185,153450.3909,155160.9013,156696.0683,157495.1815,157860.6425,158710.2414,160053.3999,162178.2745,163577.2978,164519.6516,164593.906,164182.93,163364.4088,162345.6688,161343.2054,160250.7324,159914.4397,160361.6938,161733.8372,162591.0053,162472.4913,161449.124,160528.6117,160148.3041,160612.3464,161034.5424,160835.6806,160158.0346,160224.117,160922.7446,162035.3563,162420.9991
753902,789,"Malvern, AR",msa,AR,112534.2386,113117.5529,113707.0036,113548.1506,113068.5851,112462.8114,112255.8047,112028.2641,111791.1885,111488.6681,111541.971,111740.8278,112257.8586,112805.8089,113474.2021,114255.6537,115032.9029,115639.0394,115675.1209,115440.6507,114999.1267,114857.8567,114931.9262,115938.4674,117297.4063,119277.6916,120824.3419,122198.7047,123578.6615,125260.8995,127261.2103,128656.5595,129528.8244,129791.5093,130120.7016,131139.7287,132844.8583,134786.2734,136451.0228,138505.5308,140204.2508,141157.6435,140910.5429,140749.0995,141243.0206,141809.5362,143292.4593,144961.2714,146714.5466,147917.6853,148792.8992,150020.945,150708.5715,150750.1068,149746.195,148608.233,147761.1534,147299.597,146734.232,146352.6562,146595.8973,147644.2808,149126.1807,150078.836,150837.7177,150937.7819,151223.6892,151220.3261,151496.4739,152173.9175,152421.6137,152791.0128,153568.8141,155309.1768,157349.5269,158732.6197
394613,790,"Frankfort, IN",msa,IN,107660.2663,108355.1479,109148.9435,109797.6702,110637.7871,111569.9049,112725.5133,113576.616,114484.2832,115255.0167,116439.8245,117792.9029,119241.8115,120164.2146,120684.757,120982.5569,121677.7279,122447.775,123354.2158,124103.5214,124894.2455,125774.4084,126699.3592,127602.5174,128908.2321,130379.8147,131789.318,132706.6787,133511.4832,134328.9256,135698.8846,137643.2766,140105.9448,142406.2348,144574.6814,146932.9069,149557.4642,152025.3557,154415.0839,156778.7066,158655.3707,159692.137,159736.632,160006.613,160925.9507,162525.1272,165278.9686,168803.0123,172722.4499,176034.1108,178558.4152,180748.5246,181831.6099,181836.3828,181055.1086,180618.0336,180646.5497,180943.1965,180859.8124,181014.5772,181533.5608,183105.8173,185066.1601,187334.6189,189110.7559,190270.5755,190716.3026,190725.0303,190703.0036,190622.2854,191106.1834,192278.5116,194613.4957,196991.9818,198812.2677,199643.6485
394815,791,"Madison, IN",msa,IN,130957.5991,131898.1041,133005.0187,133763.1246,134203.6212,134451.9132,134587.496,134729.2186,134820.7517,135104.3556,135438.8862,135734.6052,136542.3179,137585.1989,138659.3138,139380.2549,140231.0674,141101.5109,141749.9788,142271.143,142918.8583,144061.277,145473.0891,146980.043,148235.7769,149371.985,149943.1154,149909.1575,149666.0806,150087.9024,151380.3682,153122.4162,155117.2744,157144.0443,159323.605,161766.8864,164568.2171,167472.9945,170458.6119,173115.2157,174989.7711,175797.2396,175603.9305,175264.2339,175677.3896,176832.2861,179669.2778,183732.0576,188359.9523,192789.4671,195846.3617,198548.4515,199605.344,199605.1329,198418.6971,197478.1552,196708.9649,196504.571,196553.4027,197344.6891,199086.9107,201802.1817,205059.9047,207715.3527,209510.3071,210211.0725,210334.2033,209965.7339,209554.5998,208929.015,208799.9526,209672.9865,212054.4721,214607.4548,216767.5482,217910.8217
394414,792,"Brevard, NC",msa,NC,243082.0011,244967.8506,246731.1132,248536.3075,250209.7963,251306.7154,251912.243,252301.3275,252691.1134,253156.7345,252805.1571,252521.6866,252370.3587,253549.6019,255024.5867,256590.0465,257468.6366,258050.3555,258299.1675,259161.6223,260636.7513,262400.1637,264375.798,266430.6673,268683.5461,270743.565,272068.2229,273126.8722,274622.4451,277624.2853,282651.4983,288667.547,295319.1967,301991.9748,309129.2032,317023.1878,325075.8671,333658.4667,343011.3362,351683.6944,357047.3548,357944.3719,357449.9543,357572.431,359674.2081,362090.2876,367960.1032,376571.1395,388277.0131,399167.3675,408672.1497,415964.3573,421130.8625,422696.1316,422224.801,421218.7641,420660.151,419905.5769,418478.1861,417463.5057,417960.6581,420449.5852,424198.2778,428459.3608,432438.5768,437406.2796,441976.5476,445563.9495,447226.6062,447878.602,447219.8351,446889.8132,448249.167,452552.3849,457653.5619,460900.503
395141,793,"Susanville, CA",msa,CA,176237.4721,177180.4596,177972.4431,178579.3361,178912.8561,178852.2594,178830.4968,178577.1649,178248.8874,178150.5578,179015.0607,180627.5535,182379.4797,183556.1709,184485.9724,185938.4669,187652.99,189152.0477,189869.8483,190134.133,190946.058,191848.5347,193001.3091,193324.1494,193371.2924,193003.8514,192507.2986,192158.284,192924.3441,195363.1165,199204.361,203349.3432,207485.1684,210933.2886,213689.6435,216498.9858,220230.5394,224480.5607,228326.6762,231599.5762,233649.4072,234080.2432,232357.373,230647.0439,229785.6136,230147.2549,231827.1465,234128.815,237102.0592,239024.8834,240412.3272,241458.2459,241511.3187,240117.7907,237556.1432,235650.4443,234596.3598,234429.4952,235415.3034,236721.6658,237690.6633,238233.4103,238658.1251,239250.1699,239160.5072,238601.9444,237624.3079,236487.6166,235411.978,233965.6432,232490.1729,231778.4209,232056.0478,232942.9131,234081.1684,235302.7017
394835,794,"Martin, TN",msa,TN,105565.8755,105654.4058,106250.6441,106655.146,106841.1476,106780.366,106615.2658,106106.9247,105971.0264,105950.4141,107020.8132,108670.0789,110809.6323,112195.2979,113017.4906,113474.0076,114007.889,114365.8933,114595.2664,114772.1707,115312.8347,115957.4358,116432.7923,116758.8221,117617.5726,119052.5377,120413.4745,121306.6803,121836.2124,122715.5267,124053.1106,125075.8847,125352.5625,125197.4208,125344.5149,126008.4196,127057.9329,128658.4001,130956.039,133990.6565,137187.4915,139789.7316,141470.0101,143264.6985,145530.5054,147869.462,150383.0869,152875.7809,154598.7097,156208.5819,157127.4884,159013.777,159964.2639,160427.3096,159905.0645,159977.2431,160832.2372,162113.5387,162799.4096,163102.3839,163395.383,163751.6331,164083.5467,164952.4765,165669.9191,166439.4986,166978.8695,167771.4842,169021.2898,169858.5153,169845.8456,169759.7113,170340.1376,172737.0644,175548.4425,178176.8282
394984,795,"Plainview, TX",msa,TX,92300.58904,93380.26972,94285.5205,94313.92722,94375.08174,94205.48994,94387.85783,94365.12059,94769.012,94943.60732,94896.58068,94956.81212,95661.62679,96769.5503,97780.13951,98267.94018,98325.93287,98434.74757,98865.363,99774.6966,100763.5073,101892.5863,102263.116,102598.4194,102926.9517,103919.3815,104837.8207,105580.7906,106502.5075,107776.6282,109764.9584,111235.942,112005.1554,111445.8229,111033.8385,111043.6654,111572.6807,112184.5627,112686.7118,113405.581,114061.3824,114656.8426,114731.4176,115202.666,116547.6521,118389.4522,120140.1475,121099.653,121723.0667,122481.2927,123870.7611,125938.942,127406.7919,127869.2607,127557.2801,127322.8203,126769.4728,125397.0378,123790.208,122535.4746,121439.9082,120363.8247,119014.914,118549.8785,118750.4134,119568.7426,120215.6715,120131.1999,119459.2097,118278.8957,116740.792,115987.6152,116395.7516,117822.8014,119114.4065,119729.4394
753878,797,"Dayton, TN",msa,TN,141617.574,141894.5542,141961.8754,141809.1989,141740.545,141899.1294,142133.6303,142432.6808,143039.0521,143850.9867,145623.0091,148202.5417,151452.101,154189.1257,156251.219,157969.5019,159630.3795,161235.161,162274.3674,163362.0872,164690.5871,166253.6719,167744.8039,168639.1265,169460.8417,170056.2306,170520.3005,171249.3816,171500.4178,171946.3495,172330.172,173600.0301,175274.4397,177119.2308,179525.8425,182408.7125,185457.8266,188246.6245,191541.5362,195856.8752,200503.3323,204419.7791,207085.3793,209507.5163,212300.4487,215492.0439,219873.0618,224755.9955,228757.4474,231402.957,232843.5908,234591.078,235985.5674,236272.0658,235195.2726,233288.6671,231314.0453,229284.051,227021.7608,225573.2511,225958.3052,227859.7372,229871.3912,232210.9853,234320.3719,236770.4966,238948.4538,240127.1465,240376.9805,239818.2848,238833.0342,238592.1172,239242.0932,241526.0609,244280.9192,246479.6756
753892,798,"Jackson, OH",msa,OH,81618.27747,82613.58447,83230.51442,82989.74886,82564.64686,82380.1993,82649.89058,83031.83767,83632.21509,84398.22796,85121.47064,85511.65303,85415.91752,85145.2693,85013.05521,85080.60586,85372.28358,85370.09717,85592.17478,86237.84223,87291.82143,88355.414,88530.04647,88606.74606,88785.79183,89621.03454,90407.58901,90969.81744,91671.84238,93280.30617,95824.54981,98577.35081,100986.2247,102988.1784,105029.4725,106737.9981,107745.7116,108035.7762,108293.8637,109387.5787,110370.7213,110616.2396,109834.122,109233.5418,109714.1672,110744.6427,112690.4469,114470.9984,115560.7503,116090.6438,116025.5965,116718.0369,116977.6994,117220.1735,116579.3097,116522.5121,116769.5121,117398.2982,117076.0182,116303.0396,116119.4703,116753.0675,118048.7348,118819.4483,119533.8366,120079.4061,120774.6555,121199.9411,121767.738,121938.9966,121656.2524,121350.5905,122003.858,123457.3509,124504.0308,125193.4471
394433,799,"Cambridge, MD",msa,MD,164885.6923,166524.776,168141.1192,169397.3269,170430.9253,171566.4541,172815.2675,173761.2962,174293.4157,174394.8224,174785.1021,175841.5934,177164.031,177986.5785,178256.9385,178369.5866,178600.4656,178991.0362,179218.7735,179886.8677,180686.3274,181756.0685,182808.3788,184017.782,185246.4569,186606.3741,187438.4976,188045.3306,188763.6276,190489.563,193628.296,197349.3097,201091.4472,204169.7857,206923.1997,209891.713,212999.9905,215650.0729,217978.1772,220644.9185,223535.6746,225647.4153,226434.8015,227378.2069,228957.7759,231292.2191,234078.4703,237436.4726,240964.749,244255.1845,246958.5181,249123.4072,249634.6003,248270.2884,246091.5988,244757.8621,244445.6261,244093.2639,244937.1845,245651.5474,246946.4647,247203.179,248598.8239,250818.3082,253644.5519,256227.0849,257623.3829,257957.5433,257731.1977,257888.3939,257921.8581,258136.1317,259115.8522,261142.2638,263294.3534,264670.1447
394962,800,"Paris, TN",msa,TN,120505.6087,121171.9114,121628.0461,121856.751,122053.7882,122270.0819,122513.3305,122646.1788,123101.541,123630.7123,124756.5129,126247.7361,128070.5085,129272.4919,129995.443,130487.2434,130939.8942,131406.0552,131907.0067,132435.418,133193.9245,133867.652,134348.384,134728.1862,135562.89,136946.534,138272.3565,139419.4064,140377.7382,141789.2638,143619.1372,145211.3113,145916.0705,145536.0929,145299.2947,145484.1674,146079.0312,147192.4559,149529.1316,153256.1991,157202.6761,160756.3127,163588.7223,166605.0749,169670.9677,172629.1929,175956.1188,179151.1567,181656.9006,183782.0293,185313.2537,187513.263,188698.1171,189036.0582,188768.5824,188512.1823,188670.4934,188225.7235,186907.7811,185665.3909,185347.7578,186781.4993,188661.0207,190225.5469,191317.6464,192026.9771,193298.3217,194314.2157,195534.0501,196106.8525,195884.5104,195438.2394,195936.1889,197444.1661,199496.8488,201187.8285
394730,802,"Juneau, AK",msa,AK,395275.8436,396820.783,397810.537,397996.2035,397761.7383,397162.9488,397088.0737,396928.9465,396449.3388,395711.2077,395873.9056,396774.0578,398012.6025,398835.5774,399239.0042,399585.0747,399363.5019,399146.2859,399372.2311,400515.881,402009.8059,403142.4852,403668.1239,404057.0565,404410.5,404897.0414,404000.7389,402208.2594,400438.9018,401770.4336,405356.6887,409490.5972,413554.6455,416521.1571,418771.4976,420387.2653,422353.3084,425007.9482,427773.3446,431077.6097,435423.3436,439219.3523,442628.5037,445715.0667,449195.1861,452230.8703,453949.9469,455035.7441,457744.9475,462412.8124,467750.5201,471750.5172,473910.0992,474737.6664,474617.9337,474001.4522,472690.8864,470973.9308,467772.8854,464324.4525,461525.3441,461067.3778,462268.4432,464833.8134,466882.311,469697.2976,470390.4415,470430.5267,469197.3748,468648.1213,470444.7151,473414.4237,476920.4012,479678.0695,481873.0856,482517.0282
394481,803,"Coffeyville, KS",msa,KS,62619.19786,63125.50255,63588.39424,63673.68218,63525.12601,62860.65777,62190.15539,61707.93282,62023.47319,62703.77925,63163.40731,63434.07123,63716.96372,64180.01499,64570.49957,64640.11213,64729.07204,64802.57569,65065.26126,65255.52781,65293.84016,65388.85653,65493.03236,65946.40324,66295.14342,66965.75282,67480.5151,67834.74466,68242.35022,68564.62225,69376.10394,69709.70162,70094.97344,70341.42021,70902.94774,71848.98255,73076.69233,74395.92281,75702.6264,77039.14857,78134.22868,78938.65382,79510.59725,80510.20399,81898.10542,83293.74302,84642.02545,85770.2494,86647.26068,87532.33906,88230.47465,89240.57273,90287.19219,91061.58314,91313.9052,91089.10007,91039.02074,91098.08827,91065.65067,90654.10849,90110.27083,89628.69527,89100.51046,88643.95678,88418.22176,88586.2858,88712.87943,88559.71531,88111.73145,87366.40603,86561.99366,86254.29073,87144.2237,88415.82715,89812.19759,90952.26878
394774,804,"Las Vegas, NM",msa,NM,161402.5385,162836.0098,163883.5888,164606.5618,165968.8784,167748.2329,169085.0496,169843.3871,169828.1567,170070.6213,169779.6339,169629.7845,169932.7446,170765.9118,172156.374,173252.8324,174163.6509,174673.3431,174142.9432,174024.3549,173771.7309,174543.0109,175403.0263,176203.6907,177225.7224,178729.6181,180400.7446,181146.1529,181498.7221,182466.6339,184256.4458,186328.8531,187488.1649,189010.4458,191296.4361,194264.1704,196797.9335,198472.6733,200294.529,202241.7268,204685.02,208301.9863,211218.8689,213668.0239,215454.2877,217187.3362,217764.2065,217438.1135,218591.0172,221023.7483,224254.9549,226122.532,225172.3038,222155.9658,218520.5328,215978.407,213575.8437,211629.9011,211883.3724,210389.0093,209774.6588,210480.4939,212922.6621,213574.9796,212317.4981,211879.0441,212397.2798,212208.9115,211910.5386,211425.8802,211211.2921,211786.8962,214283.3338,217224.058,220053.9678,221613.6877
394383,805,"Berlin, NH",msa,NH,129745.3542,130522.4954,131365.1561,131930.7487,132841.3745,133901.9915,134851.2066,135427.8149,136010.0086,136371.5122,136569.3345,136589.2992,136865.0509,136991.8636,136874.9346,136805.7167,137365.7759,138291.3803,139092.465,139574.8957,139933.1586,140491.5475,141314.741,142579.1522,144095.6768,145579.6035,146687.3098,147295.1087,148218.959,149954.9648,152840.3601,156239.9925,159786.8012,163466.0725,166857.9207,170237.1257,173574.4347,177141.9649,181460.0418,186427.1309,190910.4889,193524.613,193807.8047,193400.2578,194093.0121,196388.7499,201367.0819,207666.8701,214474.7324,221017.1146,226571.1179,231314.3533,233479.5833,233676.3194,232792.6536,232119.8828,232073.9575,231966.8413,231918.9632,232226.8342,233042.666,234541.1288,235706.2476,237364.6599,238874.0573,241049.3016,243253.6002,244999.8614,246115.8455,246046.7938,245346.058,244767.5646,245661.5571,248130.6391,250904.589,253087.0932
394473,806,"Cleveland, MS",msa,MS,146093.9921,148202.8832,149684.9924,150101.0113,149720.0638,149526.0344,148593.1245,148574.2834,149957.2424,153301.6,154995.271,155159.1695,155138.6401,156068.2246,158349.9581,161087.8098,162830.7189,162679.1584,160803.4583,159732.0954,159816.5089,160162.653,161084.4921,161496.6612,162966.5104,165162.2971,167172.5066,166951.5417,164702.3341,163425.1968,164486.3924,165339.9589,163921.5231,159581.2011,155425.234,152715.9056,151116.5881,149141.4704,148004.7842,148409.9667,151167.3574,154827.0634,158998.5612,162703.8359,165804.2362,166528.2386,164205.6735,159134.9595,153595.7091,149007.5909,146881.5532,146959.0326,148689.1164,149686.308,149039.4078,146356.174,142803.3308,139515.2696,136908.6669,135343.1493,134477.4179,134791.7833,135573.8491,136232.219,136272.2917,135548.3166,134217.9702,132654.3109,130662.0191,129097.5496,127650.8866,127037.2558,128055.719,130043.8581,131685.8305,131699.8944
394670,807,"Hastings, NE",msa,NE,134041.3321,135041.0654,135686.9207,136017.2339,136447.9695,137057.8888,137858.2797,138317.3642,138713.8426,138688.9728,139200.0423,140034.2621,141403.5799,142269.1398,142860.3784,143093.3761,143538.6176,144102.8627,144868.7512,145912.0173,146972.9947,147932.7418,149020.1771,150115.9453,151244.5447,152242.2431,153229.4201,154316.9816,155400.1398,156680.7828,158627.3318,160532.1932,162526.2742,163641.6585,164917.2641,166080.7683,167278.2299,168235.0393,169680.7071,171809,173570.5242,174469.0484,174645.9251,175063.1494,175794.236,176556.7748,178114.4022,180195.4433,182581.5886,184494.0942,186040.2897,187656.5224,188617.7427,188806.6376,188393.0577,188384.1717,188573.0888,188730.9668,187654.9743,187124.0312,187125.6668,189031.63,191287.9273,194065.2195,195794.1269,196673.3012,196448.3752,196137.3501,195963.9552,196205.3595,196684.6682,197623.3548,199057.5987,200704.6412,201628.5246,201584.9269
394376,808,"Beeville, TX",msa,TX,140165.5202,142034.2654,143444.568,143744.1334,143653.348,143817.8722,144351.8047,145328.6214,146689.5736,147915.0051,148600.8766,149541.1328,151122.3748,153247.7929,155103.116,156599.5383,157293.3575,158143.4386,159113.3822,160745.9543,162202.9642,163466.5639,163920.8416,163980.3079,164352.2515,165840.0767,167468.9683,168152.7013,168543.2856,169708.2234,171597.1896,172527.0953,171878.7366,171406.807,171295.1189,171879.1977,172211.4813,173235.925,174613.9067,176042.7645,177379.4543,178275.7184,178875.3427,180129.9965,182635.4731,185044.5903,186614.6417,186842.3124,186337.5672,185070.8401,184447.0025,184690.0309,184715.536,183820.9358,182935.5202,183078.1858,182923.9367,181948.1486,180164.2353,176904.4756,173370.6031,170116.3718,167240.4928,165710.6108,164373.0576,164588.2689,163592.6742,161828.5623,160512.2273,159314.2745,158413.4549,157269.7395,156540.2503,157166.2628,158016.258,159352.9749
394749,809,"Kingsville, TX",msa,TX,110332.322,110673.896,110577.4499,110093.5713,109658.9034,109498.3301,109629.3637,109517.7203,109618.5022,109923.6398,110462.085,111055.9841,112028.7881,113021.6998,114298.1334,115234.7742,116119.119,116560.9912,117558.5362,118801.7174,120203.4842,121208.54,121974.4134,122552.6596,122573.0078,122417.9162,122432.5172,122843.4304,124060.2959,125641.8429,127761.5767,129497.5883,131051.9524,132130.1564,132939.5531,133930.0023,135553.8463,137488.8719,138620.7578,138911.0342,138672.4648,138666.8378,138747.4568,139373.931,140854.3222,142352.2543,143282.7226,143694.9175,144022.706,144506.2826,145266.3004,146296.2761,146829.8965,146030.694,144807.3066,144030.9746,143432.9848,142388.6128,140658.3423,139384.1748,138567.0697,138818.9976,139613.756,140741.2727,141286.302,141100.9031,140363.0002,139186.7688,138248.4415,137209.9139,136832.7009,136662.7335,138025.1146,140083.096,142094.555,142991.2796
395196,810,"Wabash, IN",msa,IN,110189.9487,111118.9575,111960.7767,112614.2993,112952.6324,113289.3213,113540.8488,113880.2021,114342.5958,114785.4563,115406.5975,116188.7075,117370.129,118266.0183,118911.9378,119419.4886,119974.44,120332.2754,120308.2075,120341.4662,120611.6487,121076.5107,121799.8967,122691.3207,124028.5054,125205.1812,125981.0534,126111.5411,126065.5433,126408.8201,127609.2189,129582.4693,132073.867,134255.9214,135844.3553,137031.7473,138567.3164,140341.4439,142469.4142,144447.2532,145951.9984,146551.6284,146544.9247,146758.6118,147535.7927,148324.4826,149557.3265,151109.4585,153283.5092,155658.8142,157515.1686,159197.3938,160018.1372,160395.5793,159953.7996,159724.441,159783.4758,160253.8369,160395.274,160782.4959,161518.423,163005.3493,164776.1985,166608.805,168178.4647,169314.4443,169925.9694,169862.5059,169626.314,169449.5549,169965.6457,171126.7179,172955.1006,174829.6888,176730.9244,178039.0824
753871,811,"Breckenridge, CO",msa,CO,614612.4967,619689.4723,625900.3988,632276.8657,639028.9241,646316.6888,652258.1317,656411.0981,659721.7513,662557.8606,665963.821,669674.2697,674199.5221,679294.4767,682926.5006,686245.2611,688786.1083,692303.8534,695627.5166,697576.1236,698644.1995,699486.95,700681.3488,701658.0869,703075.1131,706971.9065,708960.1659,710818.7599,711288.8456,714870.6062,719992.0778,729304.5637,740842.8529,754740.5857,767047.5345,779329.1633,790274.6793,804248.7517,824709.5194,849314.4872,872477.7002,890510.4277,907632.8637,927307.983,947714.1998,966225.2278,983614.4729,1006028.614,1034555.867,1064338.252,1090118.03,1105488.77,1106820.434,1095887.738,1079250.227,1066217.808,1052507.204,1037812.146,1020075.66,1005814.796,993905.4794,988356.9798,986471.975,990287.414,994609.6957,996641.4357,995467.0393,989069.945,983142.2838,977416.2359,975734.8144,976055.0767,979710.9099,982903.475,985134.216,983235.823
394310,814,"Albert Lea, MN",msa,MN,112896.0931,114062.518,114659.1022,114444.9358,114421.8533,114448.0631,114882.0664,115292.0378,116249.6591,117103.0712,118290.5421,119540.7312,121484.4286,123089.3358,124222.5123,124715.2106,124971.5118,125126.5709,124965.1021,125075.699,125522.1017,126165.5348,126851.1729,127621.6122,128755.4202,130129.87,131202.7411,131670.574,131550.7725,131492.0607,132112.934,133513.777,135510.9593,137723.9448,139784.9408,141879.3389,143622.2545,145807.2887,148125.9237,150634.6271,152453.2342,153302.645,153771.0393,154295.0108,155650.4564,157050.2933,158824.5416,160583.6242,162415.5895,164296.7398,166244.6825,168483.3529,169662.3169,169545.6184,168477.3216,168183.8219,168667.7725,169639.2539,170638.6445,171864.7866,173437.989,174750.9989,175866.4384,176548.6852,177258.8357,177939.288,178708.4737,179172.0322,179421.1391,179388.5934,179173.5949,179278.7162,180177.9322,181765.6555,182971.8923,183405.992
395093,815,"Sheridan, WY",msa,WY,277988.6641,277791.3934,278082.1437,277883.8877,279049.5939,280870.0379,283646.895,285504.57,286615.8729,287152.1358,287728.8867,289133.0225,290968.1493,292829.2689,293956.0955,295468.1412,297470.657,299969.3812,301565.806,302949.1414,304478.4315,306510.6601,307675.2678,308503.4227,309567.6401,311279.0716,312919.4917,313983.7931,315062.0595,316954.5135,320019.4236,323292.9954,326616.9373,330026.466,333966.462,338249.6319,342184.5443,346241.611,351370.4051,357724.1914,363966.1965,368440.8049,371265.8862,374298.9058,378479.8418,383355.1879,388767.6447,393821.5876,400138.9462,405741.2942,411330.9061,415481.3661,418158.5599,418527.0771,418350.2324,418945.8021,420045.9814,419754.7269,418231.5063,416348.0024,415655.8595,417279.8941,420882.9522,424728.636,426975.1436,427537.8567,427596.8951,426145.3863,424119.7372,421055.8908,419069.4636,417516.9683,417946.1735,419710.6618,422388.7369,424006.4404
395176,816,"Union City, TN",msa,TN,94136.58235,94918.44549,95839.31711,96172.06267,96315.67278,96336.47162,96638.86966,96495.73111,96434.4735,95946.94931,96175.89496,97067.01052,98653.84638,99991.0887,100616.1645,100781.6681,100777.7446,100814.4703,100674.5251,100448.5545,100686.7501,101611.5766,102504.2684,103196.2273,103696.4743,104741.4237,105333.0356,105710.7985,105402.0204,105802.7467,107117.6831,108693.2301,109400.0073,109115.3372,108887.1122,109112.9442,109853.8727,110965.7036,113012.5932,115745.3744,118451.2728,120494.4669,121894.0023,123880.2371,126543.1374,129192.8586,131825.0495,133870.6678,134696.0624,134848.8914,134840.868,136075.9532,137021.7428,137324.7822,136564.3612,136420.3455,137209.7098,138450.2994,139362.8046,140297.5843,141549.6568,142884.2434,143547.1427,144306.1154,144936.6042,145551.3595,145632.8415,145181.6698,144877.2433,144489.9909,143586.7689,143049.8635,144512.035,147360.4872,150187.4369,151281.9893
394855,817,"Miami, OK",msa,OK,79907.07167,80481.23217,80741.33844,80188.13201,79468.017,78906.90438,79029.77181,79311.16205,79750.9543,80170.18386,80253.05542,80486.92888,80943.99372,81633.92056,81897.48694,81550.02583,81383.00414,81159.20819,80930.79185,80763.39978,81155.98477,82180.61791,83235.6209,84084.99711,84690.69367,84974.72317,84618.46252,83670.88914,83158.1618,83576.75436,85035.96359,86642.23633,88603.35927,90690.43765,92778.65963,94336.66921,95500.8683,96296.53376,97073.0958,97998.74042,99054.49497,100610.5019,102243.1332,104213.7653,106497.1398,108743.45,110731.2904,111469.8497,111651.178,111411.7514,111632.9274,112184.3632,113291.1511,113886.0693,114135.6394,114128.0099,114563.6684,115551.6371,116111.8562,116181.342,115636.8826,115713.2192,116484.0703,117553.4414,117974.4105,117467.8956,116589.8107,116038.9618,116096.052,116706.8405,117169.4693,117935.0909,119196.4799,121214.2707,123243.3336,124770.7451
394708,818,"Iron Mountain, MI",msa,MI,115264.9907,117382.1375,119070.8416,119244.9064,119485.9931,119547.9727,120235.0148,120453.1902,121487.9972,122478.348,122857.9424,122705.3185,122924.5726,123606.463,124231.9738,124585.2232,124797.5977,125330.5249,125621.5788,126468.2244,127121.4259,127829.6586,127993.0872,128509.6719,129371.5539,131509.9602,133173.6609,134600.0633,135285.3525,137027.0362,139794.2854,142335.7599,143857.805,143466.4375,143110.648,143177.7889,143654.4544,144272.7136,145207.1704,146527.899,146631.6849,145550.8869,144213.7519,143929.6793,144504.3257,145480.2048,147441.0617,149818.8551,152116.6953,153550.1442,154309.4603,155278.5069,155604.7546,155518.8441,154736.3313,154162.7874,153330.7842,153279.4618,154454.4175,156453.8947,158905.4465,161352.7604,164019.3613,165521.8159,166021.5173,166177.5396,166521.2256,166660.6547,166658.9402,166238.747,165677.9567,165737.4412,166699.7523,168232.5974,168874.8752,169054.7735
394725,819,"Jesup, GA",msa,GA,117813.0094,118518.3128,119349.8966,119703.4079,120213.4967,120678.3062,121132.5688,120999.8475,121237.9629,121937.9666,123404.8606,124790.2564,126006.7573,126669.9688,126948.8061,127169.3406,127858.273,129147.3803,130848.2414,132726.697,134203.5766,135276.7896,135507.9729,135872.4879,136133.0381,136761.2899,137387.8394,138267.1638,139801.742,141863.1637,144682.8784,147317.5166,149413.5632,150332.0485,150874.385,151660.7557,152826.3983,153913.6304,155206.6127,157280.8675,159652.1455,161873.2082,163673.4653,166281.3571,169606.7045,172906.3774,176080.9977,179149.0594,181041.8351,181910.0869,182062.9394,183817.0173,185522.4195,186153.5888,184725.2082,182840.0074,181240.8963,180335.7532,179511.8717,178993.2619,179574.6488,181298.968,183723.1424,185372.1572,186508.3965,187223.6246,188243.4104,189053.4631,190080.9659,190423.7037,190204.5603,190031.0251,190923.7165,193152.4406,195426.7142,197388.7817
394846,820,"McPherson, KS",msa,KS,148899.6586,149228.0799,149526.0042,150076.4534,150854.3747,151642.5703,152613.1564,153537.6125,154638.0214,155019.4384,155428.8516,156064.3411,157210.417,158055.7445,158339.7797,158508.6085,158587.2866,158909.2146,159155.0591,159903.8713,160534.8052,161293.2552,161818.0746,162771.2404,164216.6205,165660.0349,166707.3082,167219.3044,167996.4581,168885.4778,170464.7321,171947.9948,173399.1341,174403.2951,174917.4854,175305.1919,175837.3549,176804.6172,178302.9557,179905.9725,182079.0773,183966.7607,185262.8333,185980.975,186887.1555,187969.5406,189440.6291,190589.9021,191817.6806,193063.7186,194873.0581,196985.118,198702.1498,199500.9532,199437.0774,199279.535,199320.5108,199424.8272,199443.554,198852.3323,198713.502,199028.5763,200150.2029,201466.1645,202599.2845,203901.872,204945.6027,205787.2463,205924.1542,205564.5887,204840.4753,204787.2352,205840.2045,207449.6855,208992.2727,210020.8942
394751,821,"Kirksville, MO",msa,MO,123585.1874,124430.945,125246.2823,126038.0691,126844.104,127339.3358,127465.3498,127373.9168,127555.5505,127896.1651,128100.1773,128347.0997,128737.2282,129320.7902,130293.2887,131408.9413,132411.6392,132817.1139,132575.0916,132830.6067,133546.7356,134956.8064,136083.688,136713.718,136986.1416,137229.9401,137768.5254,138038.5511,138560.0357,139202.7706,140971.155,143046.4947,145637.8999,147837.0789,149720.7505,151339.3271,153029.0052,154784.9344,156306.228,157424.0391,158656.7786,160326.7836,162298.2094,164374.7488,165959.4796,167156.7382,167595.3918,167900.9379,168055.4074,168122.6827,168162.7162,168485.2859,168985.0091,168802.0768,168074.0708,167132.7222,166438.3745,165953.9063,165421.8486,165288.6995,165531.6578,166803.2957,168399.665,170355.5877,171591.0468,171871.8512,171205.6511,170666.9839,170511.2775,170713.5807,170653.2212,171605.9471,172951.8532,174606.6981,175324.5301,175486.1772
753901,822,"Ludington, MI",msa,MI,166567.7253,167639.9213,167377.8021,165077.2274,162459.2197,160751.57,160545.7192,159594.7401,158950.3895,158832.8565,159437.9533,160940.2148,162228.0497,163599.651,164459.4003,164853.9983,164728.8715,164544.8917,164639.672,165947.5186,167827.4953,169921.4123,171380.6227,171995.5567,172034.6156,172409.7038,173077.2061,173939.7439,175121.3544,177373.6538,181436.1523,185577.9554,189344.1169,192361.5203,194912.7624,197940.2948,201490.5,205776.8898,210745.7268,216110.3032,222515.2892,228501.6284,232154.7087,233895.085,234807.5377,236479.9717,238418.0861,240683.6574,242955.5122,245860.933,248814.5407,251257.8931,251196.8252,249382.0688,247100.1313,246423.1589,245536.7281,244629.9248,244830.5217,245706.8094,247458.2273,248171.9096,249697.7585,250921.1625,251008.5784,250774.2452,249727.5517,248313.8036,246486.6506,245169.1225,245537.9736,246658.8933,248704.2673,250992.0069,252730.3647,254498.5564
394356,823,"Bainbridge, GA",msa,GA,92965.50991,93367.12701,93748.75181,94290.70391,94968.87663,95697.61815,96457.31501,96795.34363,97209.11576,97192.99352,97499.87057,98153.64763,99531.25096,100511.8342,101246.2984,101872.1852,102719.4395,103641.3388,104585.7132,105500.27,106198.2088,106561.3421,106475.4487,106611.1999,107006.2478,108070.7401,109141.4455,110182.4086,111110.0649,112199.1136,113979.2267,115727.1691,117006.9159,117328.7848,117676.2728,118472.5042,119756.2333,121202.5751,123073.6412,125676.579,128598.3131,131125.8779,132999.7272,135161.2406,137534.935,139551.225,141606.4293,143444.7838,144731.9431,145249.6826,145551.9524,146878.5855,148567.8851,150050.2108,150851.7509,151064.1093,150924.478,150307.3798,149828.9209,149791.603,151217.016,153038.3335,155254.5552,156947.0942,158557.9666,159777.2233,160713.5207,161575.7448,162484.7864,162912.1137,162690.0067,162300.3735,162880.9955,163914.9989,164697.4779,164825.3423
394320,824,"Alpena, MI",msa,MI,123058.7878,124332.5484,126328.4344,128323.449,130717.8566,131103.3471,129810.7859,127097.5082,124751.7885,123484.2583,122809.9198,122840.1067,122864.5037,123194.7726,123490.4601,123562.7992,122942.9483,121711.0672,120058.0013,119905.7188,120250.2437,120932.7822,121541.3899,123460.4557,126120.3694,128779.8106,129959.0139,130049.3028,129620.7234,129993.1682,131986.2574,133539.4339,133977.5714,133464.1702,134031.2354,135775.1512,137759.8327,139953.1278,142994.3841,146991.0359,149897.6951,150950.8077,150605.3735,150614.9458,151418.9901,152416.0065,154621.704,157529.3195,160609.8779,163198.897,164303.961,165327.4838,164847.0571,164835.0973,165288.2552,167015.2425,168126.5068,168811.381,170195.4939,171631.7765,173088.2349,173688.3851,174389.9475,174446.1226,174054.4861,174434.916,175127.0134,175329.5568,175719.4071,175612.6651,175825.7223,175720.2085,176836.2931,178379.356,179130.9285,179568.1949
395206,825,"Washington Court House, OH",msa,OH,136475.7273,137268.1733,137873.082,137999.0665,138139.1506,138317.9634,138650.3971,138982.4683,139643.5737,140582.95,141513.0095,142224.3693,142772.2152,143221.5908,143918.8333,144719.2728,145641.5464,146464.606,147284.4174,148501.2709,149865.6197,151345.5487,152617.9077,154043.451,155420.0076,156536.7283,156931.8728,156959.3007,157307.5316,158786.5132,161453.7504,165013.946,168828.8157,172218.7558,174635.7148,176562.3483,177855.0588,179059.9541,180216.538,181703.0403,182455.8438,182504.9465,181742.849,181833.7543,182696.3559,184112.1195,187043.367,191056.9491,195606.5369,199437.1605,201728.1799,203586.5236,203891.2531,203639.9918,202520.1129,201937.0583,201670.7109,201315.2531,200357.8462,199349.7817,199242.7182,200190.7675,201924.2915,204061.5735,206237.3078,207984.3544,209554.1518,210287.1864,211162.1378,211352.2048,211852.4695,212814.7176,214879.0144,217814.2581,220095.3416,221664.3639
394673,826,"Hays, KS",msa,KS,171148.2345,171362.1568,170987.0819,170117.0117,169631.7479,169530.7054,169951.3735,169889.7523,170122.6694,170324.1841,171166.6984,172431.9235,173760.3173,174655.7239,174635.2464,174371.0159,173916.2719,173948.1232,174299.8511,175355.0048,176733.8521,178272.7877,179835.0804,181564.9757,183129.9716,184410.5918,184777.8966,184622.868,184474.4471,184773.8342,185956.4402,187354.5468,188924.9997,190073.0756,190877.69,191754.0204,193374.7082,195019.9722,197004.769,198964.6006,201627.2719,203680.3273,205005.2601,205452.5048,206393.3267,207196.8476,209511.8497,212225.4876,215564.7501,218435.969,221239.5985,223517.5099,224594.7406,224318.9737,223381.9391,222638.8224,222147.9986,221816.8349,221428.0217,221047.473,221083.2593,221358.6146,222011.1741,222988.6712,223791.7113,224724.4446,225127.3251,225940.6325,226095.8611,226260.7096,225462.6804,225103.9553,225633.9754,226999.4681,228488.7104,229560.051
394606,827,"Fort Morgan, CO",msa,CO,211980.1993,213663.6707,215687.2516,217683.0501,220662.5845,223249.6124,225639.3986,227621.4425,229169.9337,230539.6842,231764.3685,233236.8639,235528.8868,238021.713,240640.445,242797.1191,244232.9077,245399.2584,246071.3652,247241.4223,248836.1975,251007.1747,252598.1343,254143.8864,255478.5403,257485.3121,259370.789,260966.8088,262827.2011,265062.8426,268245.6766,271847.369,275940.3774,280106.3907,283572.6529,286572.485,289367.3693,292680.8867,296571.4043,300591.9577,304459.0991,308009.9158,311210.1834,314767.5657,318669.181,322851.83,327143.6139,331357.3422,336097.514,341005.351,345382.7334,348771.8426,350492.9022,350934.7582,350394.7677,349627.0372,348043.7205,345638.941,342297.6307,339387.333,336844.3125,335613.7322,334993.2189,335739.8827,336465.7256,337512.8943,337772.7281,337385.2895,336546.8707,335972.1237,335895.3906,337505.6694,339659.1901,342665.2142,344599.5641,346000.8262
395185,828,"Van Wert, OH",msa,OH,100279.3646,101300.6461,102330.73,102982.1476,103795.6733,104869.2239,106188.4278,107071.3038,107851.3575,108292.4765,108688.7408,108921.4877,109468.3796,109710.2218,109660.1329,109179.1782,109055.8402,108936.9548,109076.8057,109309.2888,109950.4608,110414.599,110677.3548,110983.0402,111858.7286,113411.6924,115029.6079,116539.7321,117805.1715,118974.0835,120477.2668,122271.1841,124419.2835,126059.4291,127287.6015,128701.7256,130517.9423,132721.9816,134839.3766,137296.6696,139213.7612,140203.8382,140078.3624,140088.2087,140763.4348,141850.9065,143709.5985,145908.3906,147981.1399,149668.1613,151181.9772,153014.3416,153950.3129,154173.5818,153790.0962,153877.4598,153615.3244,153258.5337,152446.4567,152369.8968,152537.1013,153284.4225,154276.188,155634.2825,157176.4866,158796.518,160647.295,162607.296,164407.4365,165772.7274,166544.9813,167488.6501,169094.4133,171060.7229,172470.6422,173160.8001
394740,830,"Kennett, MO",msa,MO,86160.58588,87286.87233,87561.21047,87106.48359,86626.30601,86038.28152,85371.93589,84546.71479,84355.44905,84685.37628,85194.28617,85927.01378,86685.06113,87688.82566,88374.05043,88783.29172,88819.29805,88679.03537,88185.96325,87668.92204,86867.67266,86779.68643,86412.32026,86116.99339,85700.92706,85746.78683,85929.47344,85761.29626,86064.04302,87008.0225,88951.75303,90195.36024,90808.52664,90745.46005,91041.65053,91715.68911,93092.54778,94560.51972,96484.513,97920.78321,98367.34477,97874.72371,96806.69816,96331.0181,96528.75392,96532.53629,96522.21518,96503.2081,96980.35873,97546.96687,97463.97069,97205.45552,97176.68629,97064.12533,97018.73328,96847.76086,96542.8335,95175.80471,93223.03528,91057.49635,90456.61108,90679.60992,91128.57245,90781.726,89828.13924,88630.02101,87253.86257,85883.77603,84620.53579,83552.5993,82404.81011,81584.66956,81387.28022,81599.48735,82346.52096,83101.38349
753926,831,"Weatherford, OK",msa,OK,117739.6491,118463.0244,118879.0036,118770.783,118409.6366,118043.0775,117944.4187,118005.907,118646.8089,119224.3095,119614.1506,119926.9559,120619.2508,121594.9955,122269.1845,123003.3632,123658.4203,124266.4092,124291.5771,124395.7575,124680.1386,125061.2828,125063.3341,125060.9563,125401.8972,126092.4874,126251.8772,125923.6608,125637.6545,125912.2425,126720.3213,127378.3601,128120.0016,129005.8651,129832.2669,130837.2903,131620.3605,132651.1193,133540.975,134381.6952,134506.2234,134380.4287,134050.4843,134297.3262,134865.01,135444.7779,136652.2625,137961.5807,139751.2129,140917.0208,141730.3355,142541.419,143370.4353,144308.1989,144968.6446,145870.1836,146489.1734,147056.8407,147275.4103,147702.5833,148307.2506,149421.9632,150887.0013,152429.6903,153861.0523,155091.1875,156037.1423,156943.3402,157455.4195,158051.5491,158223.998,158632.4977,159163.2742,160088.2308,161017.5764,161628.4343
394892,832,"Mountain Home, ID",msa,ID,156897.616,158695.2978,160126.4111,161314.5262,162837.5521,165036.9755,167664.7792,169811.4279,171889.3256,173642.0422,175772.1259,177615.3564,179702.8671,181801.257,184205.9592,186245.14,188296.995,190089.7828,192056.6276,194611.3373,197595.3903,201002.0362,204162.8354,207775.5727,211476.9036,214886.1678,217361.2911,219407.9184,221994.7873,225246.0019,229441.2163,234505.5978,240641.5602,247732.5955,255206.5746,263220.4285,271681.2901,280862.8318,290553.0108,299274.7169,306863.3369,312684.6013,317729.883,321965.0885,326146.0962,329621.8796,333002.8455,336358.8115,340661.1065,345288.2788,349258.1371,352493.5458,353312.5486,351989.2844,348212.4258,344187.9295,339655.8389,335291.726,332053.3095,330293.2461,329895.2136,329798.9228,330253.7528,331312.8936,332372.5657,333527.6345,334398.6603,336322.0664,337811.0893,338609.1309,339321.0813,341307.6524,344378.1382,346735.1463,347925.225,348310.7799
394864,833,"Mineral Wells, TX",msa,TX,144894.3025,146043.7373,147682.3085,148926.4491,150415.6794,151719.5285,153320.956,154346.1816,155727.367,156863.0823,157944.0441,158678.5724,159508.1405,159781.3891,160248.4361,160945.1355,162559.2991,164240.1006,165973.1859,168141.6567,170271.2053,172318.1704,173639.1347,174613.3088,175550.2078,176350.1158,176675.1588,176485.4777,177024.8245,179490.5829,183443.0509,187341.8538,190596.198,193717.9783,197705.9766,202124.2287,206713.7872,210517.9792,214192.227,217983.6008,222566.1359,227670.0986,232333.7201,236343.9915,239698.7237,242475.5528,245694.5429,248579.1672,251409.9745,254562.0548,258678.3857,263171.0209,265613.072,265986.891,264962.596,264592.1329,264378.9849,264371.6438,263413.7247,261835.2003,259987.2847,259397.2809,259520.7502,260117.339,259706.8167,259155.8268,258245.8038,256847.4138,255036.0214,252971.2025,252093.4882,252536.7679,254026.9464,255676.5323,255953.9143,255798.0981
394795,834,"Lincoln, IL",msa,IL,103908.0921,103550.3296,102777.2321,101803.135,101941.9134,102128.2059,102569.1387,102043.9391,101760.663,101492.6137,102204.2126,103413.2046,104885.2036,105902.4205,106831.2944,107320.829,107581.2615,107664.3507,107262.472,107302.3797,107634.9323,109078.4269,110211.9839,111433.3186,112246.203,113340.9723,113730.8645,113594.2923,113346.2893,114034.5353,115645.7292,117005.6274,117210.4699,116391.0037,115661.151,115680.4867,115705.1953,115069.8485,114235.1285,113854.1108,114075.9039,114551.6325,114705.0626,115366.0561,116058.3293,117236.462,118549.6873,119370.306,119633.1694,118946.3843,117959.1495,117054.4652,115896.5612,115212.6372,114994.8089,115816.7837,116225.5045,116812.5703,117835.1717,119175.4507,120102.0379,120336.1547,120840.2648,121366.8329,121809.0949,122248.544,122395.2887,122822.9638,123326.2789,123928.6296,123827.9439,124061.634,124835.5857,126010.428,125575.2597,124218.5764
395100,835,"Silver City, NM",msa,NM,133578.0006,134297.5476,135417.8659,136324.8546,138053.9485,140018.9369,142672.6245,143886.8956,145134.5642,145187.6719,144323.7868,142841.0629,142173.9719,142299.6084,142234.2782,142028.0233,141671.4011,141184.56,140340.9201,139442.7904,139522.7234,140236.8358,141188.8229,142590.9858,144138.7649,145821.6816,146338.7451,146701.3603,147241.6222,147955.6577,149240.8342,151136.0207,153557.055,155564.2738,157996.3169,161157.7545,164691.4225,167145.1706,168708.9473,169634.3343,170468.8185,171485.2148,172357.2318,173054.9649,173506.6549,173585.0346,174786.881,177661.7872,182576.8759,187027.0219,189936.2208,190932.3152,191603.2799,191576.8417,191711.964,191831.3045,192249.0852,193261.3034,193956.8322,194977.0772,196435.6224,198386.5929,200264.4124,200777.1957,200219.6629,198228.1414,196307.4796,194176.1359,193211.576,192012.2905,191488.3026,191632.0004,193131.5643,195087.9226,196809.5059,197818.4766
753879,836,"Elkins, WV",msa,WV,121575.5824,122872.735,123970.5146,124442.441,124673.1492,124808.6571,125354.0862,125564.4625,125713.14,125520.5778,124661.5408,123501.0328,121957.9385,120546.1102,118973.5129,117979.7509,117493.8083,117154.5861,116372.4099,115554.3714,114732.9634,114161.4103,113887.357,114293.4941,115167.6539,116057.2096,116716.833,116723.1736,116931.9897,117753.1023,119731.4935,122035.029,124573.7955,126539.5183,128360.6124,129855.2584,131574.2428,132959.8263,133759.5545,134566.905,134488.0966,134056.1883,132974.0227,133144.1392,134041.1009,135225.4053,137646.4243,140269.9273,143160.9335,144785.8054,146026.2089,147296.8008,148070.4613,148370.7322,147997.0872,147712.3912,146915.9002,146051.2359,144980.2168,144217.4145,144479.942,145264.5166,147103.5038,148576.1949,149716.3456,150062.6715,149709.6248,149234.0609,149237.6615,149449.4114,149850.3026,150544.3181,152191.3104,154568.1531,156889.6478,158679.6507
394812,838,"Macomb, IL",msa,IL,75617.1234,75631.161,76075.27789,76157.40776,76097.84115,75586.30965,75085.97129,74409.20101,73655.66222,73031.44886,72821.56189,73454.43218,74368.84233,75246.34739,75822.59335,76602.03736,77566.76224,78522.27044,78775.83448,78961.39133,79323.67335,79994.68702,80262.92201,80490.88131,80802.54414,81197.28955,81237.8224,80683.99864,80104.88257,79907.42262,80609.14834,81739.98994,82892.56987,83531.18752,83866.6988,84390.51098,84878.13346,85121.28953,85141.92501,85326.36762,85252.74283,84856.83783,84156.27947,83721.53153,83674.1143,84157.01669,85593.87106,87051.89858,88132.2113,88299.30177,88290.20869,88530.94096,88940.67884,89143.73438,89083.47922,89378.8585,89756.60984,90485.06947,91072.91764,90874.79366,90531.16973,90180.1033,90720.69345,91076.73584,90908.03732,90115.90557,89232.83053,88955.89085,89783.58139,90806.23999,91413.64426,92011.31291,92627.90014,93304.65063,93453.82394,93308.91839
394435,839,"Camden, AR",msa,AR,75744.21163,76980.44349,78001.58784,78202.93303,78485.29463,78532.50643,78154.60142,77063.7245,76179.65106,76034.82224,76052.15117,76370.24419,77043.83986,78372.27264,79720.51812,80733.49847,81338.59833,81483.49274,81197.4031,80836.61999,80523.31936,80745.769,80574.3223,80380.23295,80430.04818,81543.55212,82594.17569,83254.56082,83780.391,85354.42302,87872.55698,90034.71108,91323.18476,91075.35685,90505.31481,90124.83106,90713.30882,91646.44454,92399.55058,93037.63999,93554.27583,94270.84827,94537.52732,95036.81527,95437.06493,95996.74943,96587.36375,96858.64762,96403.25758,95718.76195,95192.29289,95593.92826,95920.2546,95972.87449,95322.59282,94597.19186,94233.99878,93999.18137,93999.04125,94283.08192,95618.568,97390.9891,99194.9035,100204.3541,100179.4605,99202.09272,98079.72311,97132.90731,96680.28082,96329.52161,95789.12179,95345.35338,95665.78639,96557.44043,97180.8893,96959.61637
394508,840,"Crescent City, CA",msa,CA,254134.9369,255438.8295,257040.6073,258201.2396,259871.9878,261207.499,262435.0769,262715.4554,263022.4938,262634.0005,262355.6235,261542.1399,261593.7,262376.4385,264385.6225,266315.3418,267734.3662,268891.2574,270461.8689,273120.3441,276969.8122,280460.8995,283082.2136,283187.5352,283351.837,283306.9978,284087.3688,284779.0414,286660.5187,290346.9633,296423.8233,300929.585,303311.6024,302250.2594,301528.5717,301421.5187,303306.4943,306234.0911,312199.2912,319379.9454,327485.1534,334139.5219,339225.5985,343458.3546,347335.8487,350688.0344,354435.1967,358103.332,361925.8399,365077.7041,366174.4695,366711.7838,365425.6397,362757.1652,357878.2866,352781.7195,348541.1014,344705.8812,343378.3258,344843.1092,349902.81,354311.5204,357527.2461,359680.0881,361796.3798,363948.444,365529.1625,365917.4904,365558.551,363901.675,362998.4386,362004.2419,362695.8445,363643.6347,365209.2306,366366.9736
394921,841,"North Vernon, IN",msa,IN,119324.2038,119918.7383,120640.5784,121354.2306,122210.3555,122917.4618,123567.915,123902.9097,124532.6301,125158.6021,126136.4763,127267.6361,128758.3786,129849.5127,130341.2975,130357.9695,130500.7305,130895.1207,131340.9647,132079.5997,133003.8992,134255.2789,135458.7626,136932.199,138404.4805,139846.09,140716.97,140951.1514,141212.0736,142084.0498,143802.3149,145918.3244,148259.6422,150695.9923,153131.9149,155798.9814,158539.9314,160829.6158,163085.1059,165445.7393,167498.1392,168693.0623,169096.5764,169891.9009,171604.8951,173436.1693,175933.1146,179163.9511,182879.0499,186103.6764,188067.93,189952.9745,190991.8559,190909.8502,190080.8571,189644.8451,189642.8581,189620.5853,189147.9108,189119.6914,189539.9202,191033.0928,193269.0208,196117.6489,198695.8009,200392.0465,201277.7866,201907.5971,202276.287,202376.3744,202208.4766,202760.9416,204006.1041,205665.9539,206857.9433,207357.236
395154,843,"Thomaston, GA",msa,GA,80303.7434,80984.55371,81100.06041,80633.89054,80230.16362,80198.50183,80924.58605,81827.15812,82941.23135,83821.19327,84758.06293,85872.41115,87180.66777,88435.16679,89633.06407,90759.52686,91862.70042,92904.55942,93664.12643,94541.83618,95189.83244,96016.40746,96697.7944,97814.37563,99117.38774,100315.8826,100768.9503,100570.8307,100738.3926,102065.0243,104637.8593,107818.0082,110866.739,113290.422,115397.8487,117568.014,120145.5151,122442.043,124775.0158,127527.4642,129760.092,130934.7269,131009.6227,131845.8046,133486.2464,135541.8753,138773.8039,142431.886,146090.9239,148418.8985,150316.3643,152708.567,155458.6189,157870.4425,160035.3821,161192.6742,162038.2973,161716.1802,161027.5972,160488.8126,161162.2322,163330.4662,166058.4859,168219.5138,169288.3125,169868.9536,170338.0755,171147.2016,172069.5735,172381.876,171799.1679,171315.5251,172543.2114,175102.4708,177811.3363,180043.5549
394642,845,"Grants, NM",msa,NM,86125.84252,87186.68218,88523.40197,89367.76818,90314.02637,91047.26375,92001.09236,93121.85216,94943.78115,96324.704,96560.3989,95870.60192,95457.36744,95778.68651,96397.08227,96612.36536,96496.62725,96389.23771,96399.62743,97163.16686,98183.07604,99387.09791,100244.4185,100854.0165,101363.5414,101859.1134,102501.2986,103274.6011,103973.405,104921.7051,106296.1052,107846.1755,109314.859,110638.9733,112056.8424,113716.6732,115132.6289,116502.5804,117678.4751,118753.3387,120038.3364,121432.4885,123044.9787,124930.0583,127309.033,129575.0187,131848.776,133634.236,135723.2697,137509.869,138697.2204,139136.605,138509.3132,137049.5878,135366.8867,134005.5632,133501.2688,133954.9442,134990.3507,136201.8787,136734.5103,137248.449,137925.8643,138423.2121,138384.459,137782.5688,137470.4308,137739.1696,138651.6028,139531.218,139850.5081,139886.0768,140383.584,141443.9617,142584.6345,142581.0627
394381,846,"Bennettsville, SC",msa,SC,80709.21188,83012.00266,84038.83314,84143.3203,84228.94259,84530.12494,84734.62384,84478.2746,84522.13636,84391.17326,83859.13738,82596.87023,81002.72182,79865.05284,79060.77599,78826.7561,78883.06132,78834.15437,78136.76606,77351.80262,76993.0787,77387.88234,77537.4081,77778.48135,77969.22,79140.58765,79911.43653,80273.55368,79862.3656,80766.15166,83789.00877,86916.62674,88768.79443,88445.84746,87826.18185,87338.88203,87219.37652,86596.24231,86595.33079,87125.65474,88699.19198,89581.17916,90060.58491,91025.71331,93536.90996,96599.97061,99060.02539,100340.8545,100578.7386,100713.9269,101142.1232,102287.6007,102782.8882,103248.8147,103071.3389,103156.7655,102351.4752,101105.2211,100619.8703,99757.48203,99890.53498,98927.23769,97746.3681,96092.61675,94358.39651,91672.82766,88311.23947,85229.08779,83601.89765,82762.12699,82473.81082,82850.52113,83068.66881,83714.22826,84067.49712,84847.47236
394615,847,"Fredericksburg, TX",msa,TX,359265.7536,360940.1241,362311.7911,363991.762,366666.96,370387.0882,372610.6107,373213.1092,372972.0157,373935.9151,372846.3715,369207.1412,364367.0021,361113.2459,359580.7923,358669.3958,359169.227,360281.9045,361402.8097,362902.5484,364121.6828,364947.3927,365873.3821,368227.9102,371447.4569,374788.9891,376816.8617,378317.0217,379805.7502,382950.6939,388385.4159,395415.5635,402310.3192,408001.5025,412006.075,417475.0665,424260.9711,433151.9844,444235.5654,457161.2513,470859.1752,481488.0517,487776.8443,493298.2913,500321.0987,509545.1994,518116.019,523488.9512,529933.0476,538118.8707,549730.0103,559330.2948,563789.3187,562418.1437,557827.8553,554827.829,552542.503,549602.2585,542965.8147,535246.6544,528343.8113,526377.5015,529274.8191,534437.7097,538942.4608,539672.9831,537366.1794,533711.8175,530867.1749,529877.5777,531373.6904,534440.9539,537695.6112,539245.9786,537461.521,533039.149
395159,848,"Toccoa, GA",msa,GA,99565.79646,100464.3007,101252.6924,101944.3637,103085.8112,104466.0403,106556.6343,108537.4715,110744.9127,112367.3709,113623.2736,114526.9675,115578.3874,116531.5091,117432.3225,117803.3234,118021.953,118416.2887,119181.4229,120381.1923,121350.5337,122091.3984,122737.0728,123931.1468,125412.1746,126939.2796,127904.0439,128753.8001,129662.9727,131190.4944,133434.4995,136405.2493,139704.7064,143010.5746,145936.9007,148915.6285,152019.2901,155510.2753,158927.7574,162700.4366,165168.6512,166510.6626,166593.8262,167331.1054,169424.8062,172011.9024,176548.3227,181958.6806,187616.5581,191813.8153,194588.969,197197.8339,199341.3982,200272.4551,200026.9193,198990.8954,197974.3656,196756.0579,195381.7852,194336.7003,194842.0788,196529.8039,199479.9706,201997.3421,204051.3601,205447.1353,206802.7271,208378.897,209885.9378,210551.0708,210780.5201,211001.2359,212556.4154,214938.8968,217705.5765,219904.714
753923,849,"The Dalles, OR",msa,OR,233968.1908,236868.3514,240109.0713,242953.3281,246044.869,248604.868,250760.1992,252027.1143,252857.2275,253286.2718,254294.1036,256432.6944,259537.7674,262413.9868,264677.8384,266527.1212,268051.0418,269121.0446,269999.1719,271495.1369,273511.6585,275745.6773,277321.3774,278192.4365,279723.3048,281465.7914,283672.3573,285833.7556,288307.6031,291018.4277,295348.1395,300786.7076,307612.3637,313287.3348,319180.6814,325645.8686,332862.0279,339966.9219,346295.9951,351647.9605,355965.9353,358858.6193,361015.1601,363177.8956,365863.4436,369006.7495,373907.5241,380448.0084,387558.594,394196.5218,399521.9883,403413.3031,404067.7315,402576.3315,399126.8837,395740.7116,392109.5106,389140.0868,386299.4814,384400.7517,383952.7638,385369.223,387650.2841,389921.779,391010.5136,391501.8026,391060.4228,390564.9401,389965.1803,389573.1119,389138.3873,389164.6916,390340.8901,393145.3799,395693.0878,397120.3944
394649,850,"Greensburg, IN",msa,IN,143297.7516,143787.9616,144099.733,144299.3166,144716.5328,145312.0524,145911.563,146293.4198,146634.2428,146890.9258,147552.7419,148789.9917,150488.7125,151796.9184,152436.8168,153036.5972,154074.9063,155542.9675,156883.8031,158236.3109,159685.0166,161174.9196,162758.1341,164123.0929,165545.2802,166612.6156,167299.728,167415.1864,167552.2527,167971.1916,169044.6933,170696.9215,172840.9633,174878.065,176795.7667,178903.7298,181434.3713,184182.1209,187299.0106,191085.63,194732.9617,197026.8909,197960.5162,198521.971,199809.6783,201421.5331,204025.758,207392.392,211369.3534,215187.689,218161.0799,220557.8948,221457.6907,221055.3137,219239.2004,217341.3384,216061.6595,215430.9307,214414.9797,214011.1441,214298.3102,216257.2412,218361.8614,220527.7772,222159.3393,223546.7101,224561.2709,224799.9048,224419.3979,224181.7435,224914.9595,226277.5355,228144.9344,230047.6006,231850.2242,232869.8119
394706,851,"Indianola, MS",msa,MS,90743.41963,91935.68222,92822.23632,91985.37589,90707.95608,89669.75302,89346.60416,88807.33386,89263.63226,90669.03869,91774.86585,91814.34026,91551.47539,91805.86058,92761.68197,94196.77853,95765.21122,96312.95683,96009.87962,95312.82982,94496.59522,93701.6968,93559.38239,94328.61636,96375.20207,98131.67028,99288.45142,98880.01978,98656.68567,99845.00479,102388.0173,104933.8577,106393.6611,107075.8838,107637.8956,108368.4288,110091.0252,112318.6011,114236.7338,114608.0235,115151.1724,116577.0772,117969.8346,119299.0755,120386.2292,120632.8473,119158.0931,116090.1125,114096.1354,113097.231,113309.8651,113919.8673,113989.457,113590.4671,113237.4455,113109.8161,112328.5688,110240.1782,107455.2276,104238.487,102410.8942,102721.2057,104372.6399,105392.2087,105099.9924,104352.2651,102828.0002,100700.5419,97959.04315,96864.58856,97145.90533,98692.70574,100584.0869,101902.0603,101918.4034,100357.2693
394758,852,"La Grande, OR",msa,OR,192783.1321,194094.4285,195057.2847,195670.4169,196590.1753,197847.6324,199052.8957,199749.022,200220.0381,200530.2693,200834.7847,201086.9262,201801.4484,202862.1675,203800.3999,204425.8233,205089.823,206481.4282,207744.9877,208991.4422,209770.1048,210764.0471,211718.6789,212958.5815,214209.0723,215544.3323,216406.2107,216936.7125,218092.1251,220097.5714,223308.0156,226893.3579,230938.8256,234874.5152,238293.1007,241478.6313,245295.4524,249722.5703,254319.514,258531.7571,262902.2867,267396.7213,271793.4337,275915.5045,279705.4326,282603.0933,285182.0375,287912.4092,291267.0645,294725.5742,298602.5736,302090.6015,304107.2759,303648.4697,301758.8574,299887.1236,298703.065,298147.7199,297706.3805,297887.9573,298527.1815,300162.7187,301825.7227,304544.3902,306924.811,309052.504,309555.6556,309215.4291,308824.1507,308817.7137,308613.2756,308472.3546,308603.9393,309748.5487,310709.7712,311725.9929
753909,854,"Ottawa, KS",msa,KS,135867.7996,136800.2757,137910.522,138899.8242,140063.9712,140965.7432,141576.5325,141481.2217,141772.7478,142329.6652,143349.2446,144395.7316,145714.0184,146878.0469,147577.6873,147693.2293,147726.6308,148195.3637,148712.5125,149471.3007,150254.2059,151127.0473,152130.7872,153747.9472,155889.9216,157743.6678,158503.9098,158722.1591,159776.7295,161735.4775,164646.2452,167503.8746,170639.2546,173680.5672,176385.1958,178813.9478,181269.5281,183927.7918,186867.1816,189730.2973,192316.1309,194136.226,195049.7483,195679.6885,196687.9867,198300.4614,200815.2116,203749.7799,207343.1064,210668.9642,213994.8588,216444.6797,218127.098,218541.1583,218445.6203,218685.4572,218808.9316,218560.1661,217380.7855,215926.2977,215255.2795,216171.4521,218275.3052,220435.9907,222237.343,224307.1669,226484.527,228093.8996,228664.3932,228658.4967,228409.0755,228954.6741,230386.2325,232558.405,234562.278,236290.3523
394912,855,"New Ulm, MN",msa,MN,156144.0519,157316.3249,158095.8563,158090.0452,158133.1332,158147.4,158677.2718,158976.314,159673.6757,159950.015,160565.6208,161592.2848,163393.2704,165109.4049,166186.8612,166630.7272,166526.6658,166348.1047,166309.9144,167006.57,167948.2571,168788.1994,168916.5008,168749.9468,168740.0622,169047.6228,169607.7874,170023.8936,170775.3405,171718.7808,173395.8269,175019.8076,176867.7149,178233.9309,179280.2093,180318.9633,181490.9925,183263.0967,185598.7796,188351.9229,191291.8242,193180.8663,194246.7348,194864.5201,195901.5748,197293.3989,199186.594,201263.9123,203607.7543,206193.6155,209163.5907,212048.7303,213551.9538,213487.0639,212688.0347,212098.401,211878.4294,211581.1607,210799.9908,210133.1237,209923.4837,210706.7802,211724.0935,212721.4489,213265.9793,213734.7509,214418.7429,215133.848,215993.6354,216443.576,217062.3871,217911.3639,219625.9617,221608.8249,223081.6149,223810.9993
394791,856,"Lexington, NE",msa,NE,131422.3674,131722.5291,131908.1218,132160.8734,132849.0677,133867.9489,135040.5034,135765.5619,136478.6961,136962.4378,137623.6827,138312.9133,139251.88,139970.0649,140507.6036,141022.2711,141561.4041,142213.5118,142710.2229,143352.2807,143934.7508,144321.313,144299.5029,144202.6577,144248.9502,144769.7738,145051.5495,145407.6513,146011.5935,147420.1243,149635.0618,151884.7919,154062.5519,155841.3658,157450.4002,158944.4258,160239.975,161866.2202,163458.8933,165510.6588,166829.7658,167652.4979,168166.9326,169471.6961,171509.4818,173103.7741,174658.9444,176545.4567,179034.1602,181624.3066,183891.9619,185942.2915,187363.9434,187796.2877,187564.9082,187665.7166,187781.9068,188038.5655,187224.94,186852.2589,186484.1445,187593.7597,189402.4653,192215.8478,194343.5124,195651.0461,195898.8383,195745.4076,195201.1665,194308.6604,193982.9402,194426.2129,195936.3471,197503.9139,198715.5681,199394.596
394643,857,"Great Bend, KS",msa,KS,77649.84748,77654.56744,77867.75851,78046.41989,78122.2194,78078.67514,78040.6344,78101.82849,78260.19782,78432.70379,78299.0393,78140.45702,78074.95594,78037.74142,77890.71569,77714.7181,77593.43505,77797.37478,77977.22406,78347.96992,78697.46757,79132.24636,79364.58712,79304.03548,79187.89604,79443.08782,79411.19066,78741.17635,77805.6023,77580.71611,78518.45526,79600.46066,80652.96702,81138.04977,81579.45551,82310.20391,83843.01606,85431.53525,86575.47067,87088.21566,87255.92032,87366.35173,87496.64998,88069.27828,89149.13558,90102.11569,91088.48618,91779.95043,92743.15609,93903.88954,95216.41948,96674.74129,98187.99313,99380.82614,100188.965,100604.1142,100910.4569,100429.1643,98843.53905,97123.28006,96419.20329,97439.83903,98890.00885,100295.3262,101547.1645,103203.1721,104885.39,106199.6364,107078.8703,107665.5261,107885.5365,108073.162,108935.8565,110160.2174,111544.2698,112375.6121
395110,858,"Spearfish, SD",msa,SD,256293.9282,257700.2015,259339.7559,260214.5094,261061.4411,261594.352,262299.1657,262836.9514,263842.7013,265101.016,266026.7908,266890.487,267828.3869,269086.8252,269942.3708,270870.3174,271367.5582,272047.5277,272775.7521,274412.0762,276183.344,278001.114,278691.1327,278859.7825,279687.8864,281674.6004,283980.898,285698.6164,287612.789,290446.8252,294080.6845,297472.891,300772.7082,304378.078,308637.9507,314151.9706,319446.2364,324877.6842,330809.782,338360.5518,346349.7615,352851.0207,357239.3665,361594.7331,366930.4125,373308.6679,380039.3438,386987.6384,394558.3786,402894.5286,409882.731,415402.6499,417027.4782,416536.5843,413906.783,411852.4223,409807.3063,408027.0001,406166.9447,404770.3575,404935.2943,406844.4019,409142.2822,411178.8434,412293.6265,413578.4946,415063.2423,417015.974,418835.0477,419493.7869,420183.4922,421961.7251,424800.7923,426868.1284,427446.5138,427249.7641
395214,859,"Wauchula, FL",msa,FL,111545.2238,112298.617,113161.605,113942.1817,115288.3898,116544.0842,117918.3006,118522.3676,118636.8552,118314.4176,117929.7237,118104.6111,118398.2804,119543.2541,120739.7729,122416.9788,123749.0306,124894.9952,125878.0179,126598.0656,127126.7305,127673.7537,128028.9063,128906.275,129669.5446,130434.5332,130475.0311,130403.3441,130971.2481,132579.1696,135080.5482,137920.1712,140537.0329,142800.7905,144787.8705,146958.9133,149172.6206,151434.2951,154021.6216,157645.4542,161534.5195,164878.5447,166809.2545,168379.9755,169982.874,171849.7466,175377.6919,180026.7885,185143.2537,189193.2698,192135.3758,195084.5988,197465.6512,199368.9097,199944.4544,200003.5564,199616.1843,198972.5896,197903.4579,196983.9559,196801.4292,197879.1437,199394.4997,201557.2321,203301.3821,205192.5352,206615.4174,208147.1306,209834.0556,211645.3088,213341.3028,215027.0701,216365.3994,217598.0199,218870.6998,220286.074
394830,860,"Marshall, MN",msa,MN,166508.9217,167355.0063,168186.0657,168430.1953,168905.8253,169241.5345,169667.1189,169573.7169,169492.7882,169056.8627,168847.049,168684.8518,168851.6744,168924.3328,168914.9109,168575.8799,167749.9645,166846.3826,166197.8209,166321.9056,166574.4795,167258.0429,168022.8824,169101.1199,170150.6838,171320.6529,172231.5564,172571.3448,172624.2277,172649.969,173894.0568,175363.7914,177019.163,177625.8591,177842.8528,178156.7041,179058.128,180677.0173,183504.2465,187200.3408,190817.3018,193169.6418,194570.9548,195560.865,196605.3917,197664.2919,198944.4645,200596.0798,202169.3325,204591.7164,206630.8675,208585.7255,209042.0622,208769.018,207713.7312,206687.6385,206142.5945,206393.0178,208859.4162,210873.7329,213170.2807,213896.5133,214588.9712,214144.7424,213117.5208,212518.6535,212136.8928,211374.6555,210785.821,209711.7483,209420.9996,209794.4904,211445.1197,213485.4912,214374.2448,215165.3103
394529,861,"Deming, NM",msa,NM,104671.2264,106304.5135,107999.4709,109291.2203,110133.3843,110145.5333,110269.6906,110986.4362,112373.3318,113234.7022,112663.8456,111310.124,110096.088,109988.8031,110599.8594,111722.0301,112764.1339,113375.9807,113663.7098,114103.4346,114675.742,115361.7488,115126.2978,114491.625,113816.6557,113921.3459,114580.3848,115484.3625,116944.1155,118792.0522,121426.6627,124086.1584,126140.6549,127086.9993,127610.915,128486.479,129114.0133,129748.9009,131012.366,132933.02,134260.8601,134419.6045,133854.4293,133571.5013,134159.8292,135149.9598,136878.8296,138238.9279,139997.2715,141478.7243,142923.1563,144720.0058,145970.0411,146755.6759,146281.2976,145544.8386,144715.4385,144594.0269,145189.5823,144223.6484,143354.5122,142021.3187,140953.5546,138598.1087,136449.4189,135338.4923,134569.766,133576.5968,133596.2361,134526.5431,135864.5334,137526.1419,138958.1965,140761.891,141599.9742,142794.5594
394854,862,"Mexico, MO",msa,MO,99111.72346,99677.5357,100257.7207,100300.4051,100283.4367,100239.7108,100556.0292,100783.082,101300.4774,101670.2026,102390.8131,103510.6763,104961.4466,106194.5856,106759.1394,107428.917,108472.0674,109846.5327,110713.3621,111505.3297,112182.1969,113137.8832,113729.2093,114427.2093,114878.0457,115640.3047,115998.2244,116620.887,117247.3194,118413.092,119980.6238,121406.8833,122780.4059,123973.5348,125404.2954,126768.0238,128164.3209,129631.7274,131503.7288,133424.2727,135004.7619,135857.6063,136043.1421,136554.6269,137589.1028,138847.4305,139911.6778,141184.8663,142530.5687,144067.8231,145307.7655,147417.7779,149626.3434,151402.4738,152015.8515,152118.3918,151917.2942,151685.2508,151419.108,151661.7923,152422.6219,153729.6796,155061.4518,156152.6903,156465.7554,156333.6664,155967.7864,155910.7571,156277.732,156855.4215,157438.6431,158675.2684,160152.0876,161925.2227,162937.5077,163293.1111
394584,863,"Fallon, NV",msa,NV,215984.0052,219200.5975,222620.8858,225601.0464,229267.0239,232873.3162,236367.2993,238562.4215,240108.0802,241736.187,243153.4543,244930.0443,246570.8395,248367.3387,249795.1866,251025.336,252688.9933,254716.7527,256254.1756,257368.0077,258383.0862,260178.3503,261883.4011,263202.1811,263279.8269,262858.3566,262442.996,262459.3327,263780.2788,265805.6045,269637.5421,274167.7437,279318.0414,284374.7904,288877.7564,294102.2312,299894.2561,306290.9712,312989.0681,320297.1128,327761.5502,334414.649,338866.0613,342142.3855,345087.9429,348659.2211,353009.7863,358233.3056,363951.9806,369667.9958,373915.4752,377157.5203,377782.154,376325.1647,372536.0493,368855.2898,365120.5612,361957.0268,358724.1076,356253.4853,354236.7054,353158.2722,352307.5804,352568.8231,353388.0902,355169.3214,356954.0362,358742.9268,360615.9153,362376.2713,363556.1402,364632.8595,365395.1,366803.5397,368144.9372,369953.8847
394322,864,"Altus, OK",msa,OK,73447.44315,73050.13373,73010.30909,73146.16034,73558.09934,74175.71565,74867.0026,75086.429,75239.37516,75519.40332,76006.44233,76567.06219,77644.45284,78996.53245,80142.3392,80754.48898,80582.66927,79993.22134,78949.71356,78224.97769,78263.21382,79047.76487,80097.36288,80129.54094,79499.82604,78310.33745,77314.36722,76278.1548,75809.06356,76297.73037,77674.29585,79215.3407,80660.68637,81542.07081,82205.28734,82919.72101,84302.85612,86107.70477,88035.16934,89659.46579,90917.29431,91709.16246,92304.27486,93112.34378,94237.27237,95453.14947,96829.10502,98309.74045,99615.27108,100544.9364,101342.4926,101968.5399,102048.3907,101111.2384,100247.8618,100021.8601,100263.8713,100455.5528,100074.5654,99675.57034,99308.08146,99259.72513,99811.16737,100758.9424,101717.5152,102118.4885,102371.3321,102922.4284,103720.0234,104399.2798,104707.0534,105118.3123,105980.0565,107026.4588,108380.0392,109900.451
395181,865,"Uvalde, TX",msa,TX,147242.0664,146993.8346,146155.1313,144716.5659,143635.7371,143120.9474,143207.1432,143025.452,143165.1838,143676.3646,144080.9819,144614.0419,145137.1918,146271.4297,147475.1535,148407.6459,149368.8299,150389.0108,151619.9211,152709.2252,153397.1876,154092.3378,153922.9038,153415.7614,153004.0892,153499.4454,154421.8103,154956.5344,155874.9392,157466.7728,159893.052,161792.1457,162812.0213,163624.7921,164593.2981,166058.8837,167587.842,169648.7757,172058.0509,174180.5874,175152.8714,174911.197,174560.802,175691.0555,178414.1821,181616.1192,184113.8932,185308.5179,185566.6546,185637.2471,185967.7213,186869.804,187296.8125,187413.0447,186804.5813,186362.2342,185586.2999,184774.7678,183734.8749,183344.3825,183193.4746,183923.8896,184519.4497,185199.7127,185055.5154,184686.0757,183738.8177,182221.0547,180626.2936,179166.9735,178962.4168,179226.7479,180855.2937,182298.2355,183917.7485,184430.5041
753884,866,"Hailey, ID",msa,ID,500794.0123,503971.5457,507459.163,509165.8484,510345.461,511772.1534,514024.844,515895.177,518664.0136,522452.1246,523915.8024,522386.5478,519082.5529,518524.2618,519411.4507,522670.0297,527183.6228,532803.6989,537437.6727,541970.4285,545445.6379,548572.663,551365.6083,556130.0544,562277.2734,568196.9328,572353.5119,575086.8926,579140.9466,586155.2034,597605.8553,610837.2716,625551.7196,639596.9154,653664.4094,668844.521,686579.5324,708069.7194,734739.9316,762062.3231,785984.4836,801772.3497,814465.1475,828595.3348,844819.1022,860921.2996,877659.5997,898075.8999,923269.5767,951450.8316,975604.601,993619.7687,998198.8354,992216.1641,976575.5256,960570.9645,945847.7835,932524.4717,921629.2525,910659.8169,904039.0596,900030.7437,902058.163,907121.0917,912102.5413,917166.7865,922903.5437,928504.07,933406.4739,935992.3446,939109.2605,942261.2508,948591.5715,953794.9809,956847.8506,954945.1509
753921,867,"Steamboat Springs, CO",msa,CO,528895.3378,532176.4792,535971.7009,539741.4477,543752.4221,547563.1397,551475.2486,555723.5491,558832.3255,562314.5669,564978.8953,568348.2994,571805.3726,575030.3204,577302.2792,579360.852,582215.7747,585414.9084,587432.8737,588803.0469,590330.5906,592527.8397,595445.5041,599316.8494,603495.3943,607880.7648,609874.0912,609614.381,608787.706,612581.9305,621749.0654,635017.7473,651179.289,669728.2095,688169.532,706131.2453,722939.5229,742952.4107,767141.1191,792329.8887,813182.3184,828720.0843,842673.5869,856610.0342,872536.4277,890220.3126,911705.8221,934458.4657,959649.3139,986787.4082,1013520.948,1034810.201,1044821.753,1043564.789,1034967.885,1027422.094,1020928.19,1014881.3,1006202.84,999377.6683,994158.4035,994959.9519,998741.5325,1008075.256,1018145.629,1026797.939,1034274.486,1040581.13,1047152.356,1052500.903,1056816.589,1059781.744,1064148.46,1071478.236,1080322.526,1085568.936
395138,868,"Summerville, GA",msa,GA,90291.06118,90909.41763,91419.89459,91793.16174,92207.97262,92654.1654,93411.30974,93707.12958,94440.61607,95403.0221,97106.32174,98883.14372,100875.2681,102304.8811,103405.0273,104338.3702,105526.8491,106562.7238,106931.7441,107134.1653,107105.1898,106881.8463,106261.3571,106334.4076,106995.5435,107975.058,108653.0328,109229.9078,110359.1165,112627.1808,116139.3733,119499.013,122302.7718,124051.7821,125972.0382,128055.1149,130597.1099,133439.8991,135788.1485,138208.5774,140094.5015,141532.1041,142165.7934,143071.9885,145060.336,147394.4059,150417.143,153430.4277,156085.7591,157714.7909,158830.3444,160750.3235,163297.5087,165246.0785,165898.7069,165312.2966,164131.5212,162783.3622,161151.3323,159567.3305,158929.888,159238.4231,160410.2973,161565.8214,162413.5227,162930.1341,163356.7089,163766.1859,164324.6225,164518.1419,164365.0752,164111.9915,164720.5372,166110.5117,167893.0592,168978.8956
394869,869,"Moberly, MO",msa,MO,99947.58491,100346.1689,100727.6952,100861.7923,101125.2898,101852.3197,102980.1759,103739.8721,104290.9916,104495.285,104875.2382,105465.9226,106579.3995,107753.8549,108793.9502,109450.9424,109533.1992,109234.273,108792.1587,109034.8948,109932.524,110922.7032,111535.8693,111964.6213,112654.4145,113570.6576,114245.3386,114632.3306,115281.6234,116408.1032,118507.1968,120814.861,123236.4671,124936.9879,126213.7344,127462.3115,128817.3167,130318.409,131978.4974,133828.3402,135735.7121,137145.6605,137952.5188,138242.8034,138319.9067,138613.8181,139891.685,142295.6435,144864.8306,146945.8776,148172.4734,149454.87,150324.849,150529.9892,150187.4629,149884.3673,149835.4319,149951.3239,150062.4289,150438.5248,151028.592,152225.4701,153561.1551,154662.068,154917.4758,154663.1592,154498.2947,154980.2211,155752.1261,156660.5826,157181.2523,158360.9574,159999.6104,162200.2249,163808.525,164742.142
394858,870,"Middlesborough, KY",msa,KY,74069.75593,74746.27642,75037.71044,74955.796,75594.40859,76389.64205,77064.18927,77144.63458,77774.96401,79162.11358,80551.77329,81304.32266,81495.40603,81779.48795,82114.09249,82090.49081,81645.4159,81060.99147,80844.03115,81243.86132,82422.81025,83231.61809,83143.67392,82565.00733,82409.09543,83430.45597,84227.22311,84558.79232,84245.9054,84815.19438,86813.18847,89286.94176,90918.28077,90861.57697,90277.41764,89684.65058,89653.15443,88877.88829,88008.0184,87222.81544,86641.01435,85977.37412,84856.49949,84326.92577,84862.22035,86340.83208,88574.79787,90537.08695,91637.42349,91517.11389,90864.10417,91047.10358,92062.98651,93037.81387,93128.06891,92752.83026,92198.28109,91914.63897,91314.1469,91264.56363,91900.42494,92596.63625,92579.06208,91870.14176,90885.46198,89550.62545,88014.40227,86201.29158,85012.34855,83556.18041,82334.39002,81421.92244,81597.24951,82887.871,84676.68285,86229.04015
395236,871,"Woodward, OK",msa,OK,103250.9779,103494.732,103541.4883,103490.192,103704.1354,104151.264,104720.3426,104982.4642,105816.9548,106793.273,107536.2811,107945.6214,108815.4241,110418.5472,111410.9612,111597.7457,110790.0851,110753.5731,110301.3381,109908.2612,109477.7482,109359.6011,109392.9819,109119.8399,109020.257,109185.1499,109068.808,109131.3204,109513.9863,110260.3047,111206.0089,111880.9581,112695.049,112952.0797,112956.2711,112855.4331,113357.3519,114051.3965,114927.0036,116202.0466,117375.035,117872.612,117517.1086,117015.2704,116641.1749,116257.1221,116516.7839,117004.6,117714.6691,117959.4077,118141.0932,118453.1703,119243.5532,120344.4465,121319.9186,121936.2005,122279.6384,122372.5684,122225.1321,122434.3401,123257.3618,124586.6038,125595.0932,126319.3944,126488.4653,126349.1205,125812.066,125151.0889,124382.1558,123565.5795,122824.0868,122634.3273,122818.7388,123376.1595,123762.2787,123961.0388
395004,872,"Prineville, OR",msa,OR,274530.3521,277358.09,279833.2371,281014.7493,282047.4191,283200.131,284416.4764,285481.5584,286610.2909,288556.8119,291130.1772,293903.8571,296564.3141,298236.3045,299226.9508,299868.214,300923.3315,302694.0563,304273.0749,305928.8333,307631.5006,309693.0226,312357.2512,315044.6593,317753.39,320010.0437,321161.9083,321769.885,322739.8905,325900.3431,331025.124,337011.1988,343237.5344,349884.5404,357042.9926,364648.9425,372428.0521,380785.0045,390134.4257,400598.9822,410508.8933,418568.2934,424535.927,429849.0069,435076.195,440338.5409,446646.9294,454415.5397,463492.1369,472478.4765,479446.5059,483724.9745,483084.8112,479405.2512,473132.0496,467628.6138,462507.8402,457946.998,454344.2663,451868.9866,451420.3686,452091.1209,453374.9759,455250.143,456432.1001,457131.3985,456629.8086,456140.1779,456185.2212,456244.5872,456451.588,456526.1072,457285.9977,458611.0253,460511.4093,461723.7308
394687,875,"Hood River, OR",msa,OR,445360.2372,447986.6687,451562.1936,455110.3792,458108.7955,460710.4963,462214.2228,463247.9524,463867.4713,464959.7804,466646.1893,468423.9108,470898.1669,472980.6266,474351.2924,475146.9289,475820.6435,476205.413,476397.1636,477128.9981,478512.6143,479991.7975,481748.6401,484819.4413,488891.1506,492787.9261,494527.1564,495453.7972,496377.4478,499890.3749,506419.6383,515396.0672,525678.9322,536281.3528,546006.003,556223.4999,567498.1049,580936.1059,595667.8137,608248.1366,617200.3351,621393.45,623682.6556,626935.4724,631899.1691,637827.8582,645364.7816,654267.0337,665371.4425,676436.8572,687119.9856,696032.5105,700461.8686,698469.1413,692607.7878,687019.6679,683637.5465,679626.3292,675129.0664,672079.4919,670816.5589,672147.2023,674242.6911,678169.1964,681457.3739,683730.7879,684712.7419,685642.1023,686241.9175,686663.6237,685445.9689,685049.0697,686285.4987,689253.0362,691277.547,691338.5729
394601,876,"Forrest City, AR",msa,AR,67467.36105,67519.72481,67421.54459,66957.95331,66689.43243,66683.68246,67087.80627,67376.51153,67870.64215,68489.61575,69305.46906,69879.30933,70392.73969,70820.80766,71260.25066,71734.56204,72024.73763,72070.74254,71874.55076,71892.05744,72465.79581,73435.50142,73531.20982,73102.63254,72652.54915,72955.06507,73098.02704,73040.94934,73356.48469,74684.00771,76580.49423,77904.77185,78121.27662,76997.70058,75559.06059,74579.80515,74592.22506,74858.19184,75257.29954,75585.44698,75750.61802,75596.87253,75087.3911,75129.02955,75930.89726,76909.42696,77842.37374,77889.34755,77387.20882,76710.11284,76495.49686,76639.95746,76412.53721,75995.36717,75258.82915,74681.67876,73669.37544,73126.0807,72293.20097,72035.90948,72320.86518,73662.77632,75352.66581,76488.86923,77020.56438,76754.86603,76426.69438,76372.82141,76390.63964,76162.56291,75239.89354,74201.76011,73786.53362,74452.63608,75507.06321,76181.1468
394494,877,"Connersville, IN",msa,IN,76183.48534,77277.93814,78616.04577,79783.18254,81130.53082,82344.34182,83613.1661,84360.84401,85185.95426,85596.68452,85849.38936,86053.96345,86926.11699,87855.69293,88432.74612,88461.99928,88576.88477,88709.5262,88926.36083,89245.40548,89700.29609,90214.17706,90748.16178,91887.14086,93306.59299,94869.51082,95729.28721,95981.56748,96174.53701,96901.59506,98584.87116,100685.7153,103055.3473,104893.7016,106415.7846,107413.0089,108767.8823,110234.0553,112037.5432,114063.7399,115291.5967,115737.1005,114997.6245,114634.5787,115128.9576,116220.0742,118470.3428,121522.0839,124968.4212,127845.9899,129951.1133,131979.1354,133846.432,135052.1179,135957.5771,136565.0171,137162.9512,137011.966,136545.6469,136552.394,137362.3658,138597.7519,139492.9861,140224.3128,140506.3678,141033.0579,141381.6973,141857.9762,141916.904,142256.4057,143033.9232,144389.051,146145.7397,147887.174,149539.8083,150735.9023
394868,878,"Mitchell, SD",msa,SD,169191.0287,169264.0662,169713.0016,169847.7858,170204.0014,170336.8966,170610.8663,170737.4171,171205.3591,171525.9893,171667.0687,171835.0649,172369.2338,172810.6841,172646.7871,172093.22,171683.1254,171825.7652,172531.1233,174037.5536,175546.1887,176669.1996,177085.7461,177475.7126,178010.8441,178849.2357,179430.5639,179687.2253,180168.5067,180910.2817,182115.5764,182935.4794,184155.5339,185364.5294,186758.6787,188259.5359,190084.9829,192664.0652,195605.82,198898.8621,202679.7877,206349.1332,209355.399,211184.725,212799.3404,214477.2642,217249.8662,220491.9275,224071.9714,227201.9192,229838.1897,232350.6927,233829.8429,234439.5141,234043.0145,233980.612,233811.9424,233740.829,233138.9937,232936.2013,233791.8491,235727.5921,238234.9977,240806.7928,242458.1818,243473.0019,243400.2491,243372.1494,243255.1726,243055.4632,243117.873,243961.9365,245531.2202,247025.5564,247549.5269,247384.1034
394831,879,"Marshall, MO",msa,MO,131466.2845,132750.4293,133993.9391,134972.6511,135681.6042,136539.6477,136931.3463,137426.907,138754.2096,140268.6535,141091.9783,139855.9518,138537.7311,137417.7516,137355.668,136936.9239,136487.955,136363.0372,136285.4414,136703.4682,137009.3653,138201.4225,139191.1237,140492.9908,141445.4014,143053.0451,144088.3771,144733.2198,145140.8473,145998.0151,148778.4164,151656.3079,153822.9148,154651.7768,155518.2999,156977.3812,158350.7138,159094.7083,158013.8137,154601.7948,150392.335,146305.9545,144002.8144,143933.7733,145530.1439,146015.9629,143262.3789,140825.7033,139513.6048,140473.7832,140754.0501,142318.159,145484.7842,151336.7134,158003.6133,163592.8454,166179.4464,166933.8901,167228.5125,167518.6883,168572.763,169189.4259,169808.2779,169531.2113,168217.1103,166308.4649,163346.4788,160041.8421,156614.61,153935.691,153739.7574,155946.0712,158823.3798,161036.3067,161552.1728,162130.251
394418,880,"Brookings, OR",msa,OR,310302.111,311582.2109,312752.6059,314072.2498,316733.6713,319674.055,322114.199,324225.5814,326358.1041,328885.6571,330496.5064,331882.7867,332825.5519,334045.5587,334929.1862,336437.7461,338111.3764,339829.0488,340953.4232,342509.4437,344722.6648,347134.7191,348934.562,350614.2656,352466.6536,354603.318,355807.4937,356483.5769,357149.1782,359873.2611,365124.5665,372336.2671,380601.6131,388723.173,395469.2936,401876.0509,407920.3515,414807.8656,420967.63,426346.3816,429771.9063,431142.564,432073.654,434820.5414,440032.1886,446357.0221,454170.548,462336.384,471109.1466,479120.287,486037.2562,491362.5686,491439.0561,488360.7257,482398.8011,479089.8486,476803.7638,475325.533,473867.6095,473576.6736,473955.2934,475032.0287,476935.1891,480255.9777,482524.9287,483146.403,481558.1727,479176.5538,476417.8438,474163.6855,472300.3482,471828.4469,472841.6489,475153.5002,477312.8011,478583.4574
395241,881,"Yankton, SD",msa,SD,197877.8908,199418.0392,200758.6408,200999.8915,201806.1518,202498.5638,203266.9813,203052.0683,202652.9935,202588.0868,202736.1814,203139.3265,203441.4249,204169.9454,204545.6867,204662.7936,204208.7079,204085.4543,204022.2831,204393.7992,204856.0881,205866.4014,206695.1356,207438.7667,208043.7834,208943.6759,209723.2657,210017.9192,210356.8088,210886.5949,212517.5515,214614.8678,217056.085,218780.3947,219759.8437,220597.6866,221528.2741,223250.6744,226249.5558,229921.151,233894.7348,237036.1188,239366.0106,241247.7872,243316.0351,245720.9818,248433.3465,250612.3089,252892.1004,255742.6634,258982.9512,262308.9822,264303.9991,265312.4631,265699.9544,266486.231,266912.9592,266765.8844,266431.2125,264219.1412,263458.5483,263475.3701,265450.8018,266965.5216,266248.0358,265259.0841,262830.8642,260601.5001,258579.0578,256762.8611,255933.4579,256615.4628,258651.024,262046.9249,265629.1536,269348.2825
395198,882,"Wahpeton, ND",msa,ND,152565.8703,153406.5435,153913.547,153520.1259,153488.1587,153506.4493,154210.1641,154937.3269,156096.2376,156693.0799,157079.3468,157272.0792,158000.4068,158730.3837,159346.0945,159862.2757,160540.4532,161503.5102,162279.4326,163209.6448,163940.095,165072.4059,165539.3123,165952.1171,166305.2762,167297.6355,168525.2596,169459.9239,170465.5349,171457.5018,173265.8477,174730.1735,176041.6941,177053.8176,178150.424,179496.017,180682.2579,181999.3413,183814.1223,186057.9562,187819.4477,188649.8237,188700.5631,189152.7603,190530.3516,192481.6407,195416.8909,198118.2188,201069.6123,203715.4759,206121.567,208267.8211,209027.0261,208949.9485,207850.0159,207227.9882,206707.4985,205796.9852,204652.3887,203326.7262,202904.6645,203088.1058,204265.6669,205164.3217,205125.4964,204332.5438,203426.9339,202797.1755,202307.626,201509.4963,201343.5516,201991.9041,203590.6265,205423.9404,206743.8459,208335.4689
394818,883,"Magnolia, AR",msa,AR,119269.946,119936.7473,120312.2554,119913.7197,119717.7086,119652.5994,119815.9911,118881.1109,117812.5591,116960.4304,116901.1404,117318.4753,118474.2281,120015.3725,121330.1464,122128.1148,122383.6454,122420.5471,121789.9578,121371.8453,120852.0841,120724.8792,119604.6616,118995.5843,119223.6751,121403.1743,123539.0188,125084.937,126283.6475,127511.5568,129441.7571,130693.4526,131545.0031,131227.924,130847.5761,131070.8327,132504.5681,134356.0057,135888.9682,137099.9835,137695.9536,137971.0043,137402.1339,137308.1325,137913.4651,139280.642,140970.9316,141902.746,141683.851,140411.9128,138996.1095,138253.1055,138000.3568,138154.2658,138088.5422,137485.2896,136280.1634,134904.163,134028.8524,134001.1999,134957.9893,136590.8106,137729.7746,137548.4476,136278.8057,134424.1132,132620.4322,130658.1023,129219.7905,128344.939,127319.1312,126461.9199,126338.1128,127097.0745,128032.5513,128181.4468
394564,884,"Elk City, OK",msa,OK,121101.2333,120897.2628,121192.8554,121448.5278,121900.3109,121755.4338,121192.6385,120019.4807,119716.8652,120177.6546,120319.3415,119408.6918,117855.3842,116861.6796,116165.9777,115912.6715,115822.6227,115756.4862,115391.7827,115445.5319,115712.9379,116311.2527,116544.3287,116574.2083,116428.4417,116475.564,116522.7157,116761.0271,117196.9032,118181.2754,119421.8191,119916.0097,120162.2131,120142.7712,120479.6484,120196.7931,119721.7238,119285.1546,119542.2651,120138.8978,120932.5486,121905.985,122913.3314,124212.2146,125794.5208,127320.4463,128510.2439,128904.4645,128862.8403,128865.9209,129298.8551,130427.9349,131333.657,131771.5776,131512.1963,131787.0833,132365.36,133099.3911,132954.36,132556.4302,132240.5986,132372.9735,132992.0415,133483.2073,134048.4659,134334.2159,134868.3812,135553.8434,136438.4581,137474.8666,138077.3875,138684.2939,139444.5234,140170.92,140502.0166,140404.9647
395239,885,"Worthington, MN",msa,MN,149565.3151,150260.171,150696.1725,150010.5348,149546.0902,149073.7865,149033.2859,149125.2998,150004.0097,150754.4664,151455.5864,152162.7802,153497.1923,154915.628,155780.9029,156254.9393,156483.3109,157049.7294,157903.7131,159124.6863,160133.232,160962.3437,161010.6601,161240.5893,161418.717,162286.0431,163600.4389,164872.3778,165940.7326,166660.5498,168381.5071,170307.8734,172172.7705,173399.3396,174930.2151,177171.0477,179498.1745,182066.7869,185375.6407,189221.012,192937.3534,195079.9548,196366.1704,197156.8302,198640.4726,200402.4543,203103.28,206120.9386,208845.4063,211745.1725,213490.7881,215221.6555,215382.9961,215209.9587,214222.2625,213836.256,213943.8978,214867.0821,217296.4802,219928.754,222789.4251,224443.0025,226008.9789,225502.9689,224009.2855,221605.1116,220133.5992,218193.4129,216768.8304,215177.3477,215150.7348,216536.4226,219247.3731,221123.7318,221835.4693,222300.8067
394793,885,"Liberal, KS",msa,KS,109013.4995,109334.981,109538.2872,109589.8492,109445.3786,109087.4218,108518.1638,107842.2101,107510.7093,107077.386,107352.808,108682.5092,,112610.1141,113255.3039,113361.7213,113753.0082,114032.0996,114316.281,114763.5617,115318.1409,115528.3912,115145.7336,115176.9498,115664.8385,116889.1039,117538.9805,118152.2144,119099.5894,120514.3911,122062.8009,123424.4839,124936.9239,126175.0728,126932.4428,127455.8041,128426.4584,129957.1071,131865.497,133912.6684,135897.0015,137338.413,138549.7264,139513.3601,141012.2019,142043.671,143350.9808,144437.314,145837.7545,147148.8826,148319.7407,149420.4275,150242.5936,150594.6892,150643.4834,150768.4611,151146.5508,151089.0701,150125.7645,148565.5924,147523.8564,146195.864,144986.7273,143272.7345,141967.1972,141000.2291,140063.9571,139722.2191,139304.161,139203.7885,139010.9067,139360.8919,140252.0848,141519.0692,142296.1155,142809.06
394945,887,"Oskaloosa, IA",msa,IA,119776.5777,120233.7754,120380.1212,120622.8961,121110.7484,121392.0164,121496.0626,121331.6499,121430.6124,121634.0608,121964.7991,122643.5342,123588.3606,124416.9663,124906.2927,125269.0315,125697.572,126267.3569,126642.752,127354.8965,127921.5903,128524.1481,128660.3014,129067.8349,129650.0283,130247.5802,130654.9348,130894.2165,131535.2033,132386.9785,133998.3661,135802.312,137766.2383,139415.3759,141001.2506,143038.7111,145327.1479,147534.5359,149132.1803,150222.1246,150837.5161,151178.7447,151492.0573,152305.9308,153375.3026,154433.403,156162.0325,158385.1152,161269.1919,164088.9507,166892.301,169389.1416,171015.7839,171612.7391,171233.6202,170707.0282,170426.6186,170313.0987,170009.7454,169684.3932,170136.1361,171319.3226,172464.4565,173329.2506,173807.1078,174195.1222,174140.9463,174244.339,174555.6329,174843.8396,174832.7236,175234.9301,176515.3434,178398.8326,180290.3109,181847.5027
394959,888,"Pampa, TX",msa,TX,67555.22118,67878.30385,68015.77407,67680.69904,67391.4125,67525.29199,68068.39556,68471.4626,68555.3259,68587.93623,68592.62431,68760.35648,69372.7418,69926.24885,70939.02504,72086.72308,73128.8241,73802.00997,73960.22396,74275.63256,74585.39531,74980.91207,74839.60201,74515.92314,73882.10868,73602.32449,73335.71979,72801.30909,72334.59243,72450.32448,73667.26532,74950.76637,75982.64571,76376.02677,76799.54783,77169.52965,77834.1199,78434.23575,79214.31461,79785.05792,80007.93924,80045.74474,79851.14779,80391.2792,81587.12379,82995.89802,84180.4061,84540.28663,84391.93108,83631.03779,83037.85469,82694.27513,82641.30958,82192.34768,82026.07913,81961.65334,81697.85999,80773.66697,80052.20541,79865.44875,80665.47121,81989.70256,83667.85516,84766.60413,85585.19783,86115.7106,86336.39117,85988.59028,85914.49425,86035.51806,86042.64678,85762.86711,86071.18084,87253.11156,88551.80424,89228.81047
394470,889,"Clarksdale, MS",msa,MS,49847.46349,50357.37005,50307.59074,49666.38427,49193.13339,48932.43306,48759.18231,48527.47938,48825.22542,49711.26571,50816.12715,51700.02888,52556.14084,53158.1523,54014.57138,54550.03847,55042.09042,54677.00585,53734.01822,52915.06065,52672.16347,52841.38541,53108.94787,53644.55652,54701.8224,56317.40698,57453.62997,57965.14412,58141.97303,59017.43765,61065.2744,63311.53538,65192.83618,65919.3276,66477.51118,67336.69429,68810.17886,70311.28105,71753.43326,73131.4098,75106.43852,76768.16984,78469.75778,80105.53932,81783.71736,81194.80639,78469.85129,74662.80428,71712.73268,69683.71398,68642.4405,69328.08175,70306.02377,71167.08285,71307.1842,71027.79016,70256.70535,68563.93508,66450.96233,63596.91453,61323.12292,60284.08463,60552.63175,60732.54505,60251.13334,58982.23367,56975.6508,54918.19568,53180.38174,52682.66027,52754.58854,53095.81227,53310.70446,53296.133,53001.39056,52493.79944
395130,890,"Sterling, CO",msa,CO,159748.8179,160331.7445,161029.1229,161920.6133,163325.8554,164787.1429,166113.2909,166971.0017,167875.8648,168773.8348,170116.2966,171363.268,172719.8692,173863.55,174977.0905,175908.9787,176652.9508,177225.0143,177546.6328,178451.7151,179587.3954,180928.7149,182138.257,183391.7694,184641.3175,185745.9022,186554.1608,187191.441,188258.0164,190173.4412,193052.2592,195994.7424,198894.7064,201373.1209,203284.9472,204590.0726,206023.7443,208328.8415,211822.6526,216004.6854,219766.4297,222693.4955,224190.2799,225440.319,227054.3147,229217.7677,232403.2336,236046.4149,240498.7646,244627.4275,248453.6269,251819.9411,253991.6087,254452.417,253656.6171,252667.236,251791.2511,251099.7697,250599.1089,250270.6371,250113.1636,250512.9513,251038.6559,251510.2432,251428.8888,251787.2024,251966.3103,251859.5144,251296.1123,250581.396,249908.5603,250187.3908,250953.3947,252468.7989,253521.1313,254517.2103
394371,891,"Beatrice, NE",msa,NE,124669.448,125483.0277,126039.4466,126558.0189,127378.7475,127975.2336,128206.4119,127725.7279,127350.5741,127271.6314,127529.6623,127890.3185,128206.9008,128731.5211,129603.7792,130300.3371,130902.9277,131358.3959,131644.3707,131866.5185,131951.1293,132266.7886,132525.9109,132744.4513,133135.8484,133863.6684,134915.5278,135802.6149,136930.2479,138208.3745,140205.6738,142073.9984,143900.4257,144946.1889,145620.421,146333.0106,147330.5953,148676.3871,150438.0204,152971.8555,155377.2039,156878.4745,157538.9197,158178.051,159227.4429,160395.2264,162219.1932,164828.0631,167772.3805,170630.051,172548.6698,174816.8174,176530.6678,177890.5038,178308.2466,178587.9745,178688.8365,178318.8108,177515.0852,176751.4489,176686.104,177629.7334,179417.3654,181435.3144,182570.774,182926.1114,182552.5323,182202.8832,182031.6127,182171.419,182535.5926,183517.4047,185093.0688,187262.4241,188979.3631,190401.0229
394718,892,"Jamestown, ND",msa,ND,191620.2854,192584.6812,193383.0515,193387.1061,193422.7828,193227.6226,193131.6912,192352.8736,191500.521,190454.6466,189820.3914,189517.1286,189594.3248,189361.3435,189192.754,189787.3567,191334.9845,192787.9445,193966.8258,195087.3195,196098.1495,196819.2872,196811.7786,196656.3931,196469.5618,196959.4243,197923.0847,198321.6198,198226.9842,198051.9224,199296.7086,200201.0029,200590.8342,199956.7954,199923.3746,200573.3184,201260.8098,202492.6022,204194.1639,206541.1256,207670.3912,207114.8367,205032.6926,203786.098,203854.8167,205539.9311,207977.3371,210252.1302,212188.7157,214406.2049,216579.6801,219186.7137,220443.3783,221392.0459,220828.0732,220415.4222,219605.8668,217773.7618,214184.5016,209939.9,207720.9653,207806.4901,209509.4692,211563.7978,212577.4188,213069.6595,212033.3271,210349.4794,208529.9497,206320.0764,204870.0825,204451.3402,205643.134,207828.5947,209134.3872,210778.4452
394784,893,"Levelland, TX",msa,TX,118637.0429,120270.3973,122151.0597,122930.6452,123572.3102,123746.2164,124256.6433,124335.0728,124691.5771,125372.0409,126194.9288,127112.8851,127876.8031,128870.7602,129674.2277,130597.4913,131061.6059,131726.8637,132187.1608,133106.139,134009.5325,134888.6512,134860.6658,134489.0377,134343.1657,134967.2323,136065.2548,136819.9496,137959.8593,139146.6637,141133.5222,141864.807,141924.5458,141137.5392,141155.4773,142150.3744,143508.8352,144201.3116,144117.9868,144086.991,144817.3468,146030.8563,147228.5138,148664.5729,150132.5448,151366.2212,151726.1309,151585.5318,151323.5847,151784.3343,152607.0039,153737.6699,154474.119,154569.9668,153883.461,152983.4837,152073.4651,151008.1517,150074.0945,149152.7603,148932.4904,148790.214,148447.13,148030.7689,148161.98,149259.2825,150245.119,150852.3699,150805.9737,150904.5507,150796.4686,151409.5543,152556.1726,154313.6644,155506.775,155649.1724
394656,894,"Grenada, MS",msa,MS,90680.96187,91327.8875,91977.99417,91710.82161,91206.96277,90270.52628,90039.65117,89654.54995,89731.47912,90296.42482,91744.4465,93518.61931,95435.85481,96555.04422,97276.69217,97953.56018,99126.08809,100079.3464,100867.1585,101319.1502,101827.1902,102090.2567,101978.2556,101882.1659,102203.6066,103023.4164,103604.3721,103517.386,103892.9246,104916.2563,106693.2282,108211.6708,109572.5779,110421.3993,111126.6974,111849.7704,113181.978,114797.3043,116431.5649,117747.6493,119361.824,121100.076,122871.0782,124697.2637,127403.0804,129288.0014,129625.7023,128255.4755,126991.3405,126228.0019,126133.9127,126890.8345,128073.5716,128909.9335,128237.2432,127086.1354,125165.8848,123146.1164,119529.8532,116065.7687,114194.9857,115533.1083,118345.3343,121169.9803,122522.7503,122683.535,121317.1131,120596.7943,120212.5607,120905.9324,121088.7472,121443.1467,122728.4356,124159.8194,124449.7478,123730.3292
394837,895,"Maryville, MO",msa,MO,132735.9776,134253.3128,135735.8956,136517.7375,136914.229,136643.3394,136308.889,136187.8185,137195.7241,137999.4255,139123.1566,140120.8167,141528.6184,142823.3626,143810.3397,144926.0975,146050.3296,147072.0428,147628.9016,148208.1719,149120.8666,150139.5383,151239.4149,151681.8784,152086.7316,152389.9657,152975.0517,153352.7889,154176.4217,155290.3226,156975.7057,157794.7117,158483.9484,158699.8945,159339.773,160312.0553,162028.6006,164358.3474,167132.1304,170232.5698,173271.4631,175644.0917,177193.7249,178499.4303,180637.6806,183145.0697,186459.7886,189570.2642,193274.9933,197224.9909,200918.5359,203798.0994,205045.5387,204944.6481,203955.3615,202872.8944,202538.8292,202138.4107,201400.9741,199920.5287,199951.8361,202173.9515,205628.1037,208424.6139,209698.1984,209934.0435,209180.5949,207392.2041,205642.4533,204329.1788,204206.4219,204872.6131,206067.9513,207135.4581,207284.5173,206519.7409
394337,896,"Arkadelphia, AR",msa,AR,101525.3947,102404.1786,103024.269,102909.665,102804.7137,102471.577,102330.9138,101928.9873,102141.6894,102230.34,102621.3807,103144.0459,104184.6226,105125.3022,105897.8722,106563.2112,106774.0774,106278.8283,105415.8573,105095.1644,105348.0196,106007.8871,106195.5717,106413.5084,106774.5583,107710.3212,108517.6766,108971.621,109454.4817,110373.324,111825.6295,112952.3677,113613.5668,114033.4676,114656.3993,115918.5076,117545.0571,119174.4964,120836.8536,122625.0339,124796.7573,126844.03,128481.0988,129762.7725,130829.0475,131535.657,132123.8917,132632.6089,132845.7424,133081.9422,133385.8656,134490.6676,135538.0834,136195.4949,136086.9702,136038.691,136084.3597,136771.8364,137336.068,138327.0453,139557.6175,141516.1799,143594.655,144884.6496,145100.1684,144081.1205,143067.977,142254.7212,142170.1484,142244.7137,142097.1563,142300.5317,143001.0092,144227.2895,145394.8433,146242.8378
394544,897,"Dumas, TX",msa,TX,144029.1109,146751.1503,149200.5674,150725.7293,152031.7092,152841.0558,152916.6302,152809.5997,153617.2619,154845.6841,154089.0803,151749.4585,148668.0764,147153.4728,146300.236,145503.6888,144582.0152,143861.405,143543.4902,143962.0474,144807.6872,146048.898,147010.3346,148073.0037,149488.6948,151068.5587,152316.9059,152809.0444,153409.6364,154216.2146,155194.1255,155731.6923,156005.1652,156045.0782,156788.0323,158157.6837,160018.1252,161728.8569,163165.2947,164110.9912,164497.3871,164199.7891,163702.9585,163894.527,165010.1412,166487.4364,167869.0974,168999.7752,170141.0623,171327.3737,172461.0622,173360.2509,173051.9262,171619.9193,170595.0228,170884.1556,171741.0549,171670.3309,170498.8522,168730.2414,167346.5047,166859.7619,166662.6222,166748.7632,166579.9064,167177.8259,167227.1454,166901.9104,165776.6129,164998.2227,164836.713,166205.7042,168211.4465,170408.8172,171800.9753,172048.2762
394659,898,"Guymon, OK",msa,OK,110428.3155,110711.0332,111340.0087,112115.9493,112415.2095,112156.5434,111439.4417,110780.9607,110955.8754,112071.8998,113059.8123,113859.0487,114027.7506,114773.3828,114963.6124,114768.4541,114003.1524,113327.6729,112598.5267,112658.1987,113618.6266,115254.4357,116445.8433,117160.3859,117684.4277,118346.3967,118429.2002,117895.4627,117606.2318,118116.2967,119794.0472,121620.6521,123926.1462,125648.2131,126963.3515,128100.4085,129470.9233,130933.1597,132106.5038,133361.9438,134670.6936,136244.3757,137897.6153,140305.9403,143053.8597,145858.1597,148965.7725,152164.3679,154992.6028,156518.8134,156935.4501,157724.6944,158818.065,159867.804,160341.3353,160952.0842,161403.8933,161072.7589,159210.3921,157601.051,156485.2543,156247.2398,155493.4231,154601.0524,153174.7349,151839.6405,150617.1577,150211.7655,150039.6693,149984.8892,149848.8051,150146.4744,150972.4779,151948.4606,152601.4126,152596.6755
394403,899,"Borger, TX",msa,TX,86839.68905,87817.48687,88571.93479,88485.01688,88631.88054,88787.57261,89012.79984,88950.3211,89309.69216,89844.26664,90322.55073,90661.59096,91302.03692,92335.6134,93839.39693,94891.79459,94879.61768,93940.47423,93024.33895,92437.72793,92096.87604,92051.99325,91819.09458,91611.26304,91186.04525,91432.16224,92079.85498,92731.65972,93065.36322,93329.21938,94400.37565,95822.70315,96963.74062,97202.82772,97383.34146,97823.42549,98561.7619,98945.86151,99581.0043,100608.7246,102014.7288,103019.2959,103545.3499,104390.6772,105790.0527,107041.8363,107876.1374,108064.622,107613.1394,107226.6883,107157.4113,107627.8378,107810.076,107521.9192,106985.0297,106635.9153,106000.8992,105060.329,104029.2828,103141.1038,102915.6744,102730.009,102171.0203,101450.2241,101030.1571,101156.6517,101238.1989,100784.5135,100433.8068,99944.20506,100129.5782,100965.7629,102676.7275,104645.9269,105931.6651,106764.3434
394979,900,"Pierre, SD",msa,SD,202174.3328,202952.8354,204082.0398,204906.4994,205903.7759,206460.9899,206573.5058,206674.6819,206890.6753,207322.2204,207431.8094,207639.5031,208070.0754,208919.7513,209701.542,210379.051,210662.7041,210909.7336,211068.5909,211794.7208,212650.6581,213335.3974,213241.7385,212728.6628,212780.3839,213438.0766,214429.0701,215121.6566,216400.9842,218049.8284,220474.4632,222918.9561,226074.3596,228903.1048,231057.5282,233019.6308,235067.6005,237971.0287,241421.2427,245472.6655,249311.2485,252220.9097,254087.3726,255461.5985,256967.6005,258534.9335,260899.539,263893.2757,267651.8617,271644.9097,275672.4893,279945.3813,283169.8271,284520.3687,284010.0229,283409.6752,282939.6323,282499.6441,281687.0609,280445.733,279884.3148,279765.7412,280221.259,280387.9795,279953.6212,279446.1661,278988.7096,278809.2392,278860.6826,278742.8843,278600.1861,278777.3058,279457.8835,280112.1978,280775.5952,281140.4142
394700,901,"Huron, SD",msa,SD,161100.7167,161392.7242,161644.6129,161284.8672,161233.4889,160834.259,160280.0387,159530.1706,159373.0924,159853.2684,160474.4659,161332.9961,162249.8476,163120.997,163978.598,164872.7826,165590.0802,165607.2262,165078.8689,164648.2773,164207.7828,164249.8776,164305.8546,164797.2311,165643.0415,166879.5733,168198.7142,169102.4063,170237.7361,171651.1344,173801.1833,175183.6338,175926.3901,176056.2011,176771.0441,178498.1665,180604.9859,183202.5614,186137.4148,189127.5475,192673.2004,196231.7035,200114.9017,203179.7613,205691.7906,207297.5566,208598.9812,209480.9698,210949.0889,212673.623,214785.4529,216449.6821,216949.4998,217042.5565,216711.0457,217149.3178,217252.0014,216971.4386,216837.4879,216180.071,216276.5219,216696.6912,217964.2196,217526.3741,214034.1333,208797.8572,204133.4583,200476.7131,197828.1343,195067.8548,193435.7982,193150.8598,194343.2282,196235.7079,197083.3997,197120.5245
395135,903,"Storm Lake, IA",msa,IA,123460.5843,124497.7403,125358.672,125880.5271,126459.4391,126682.014,127218.2347,127433.0346,127811.6063,127929.0985,128361.7934,129450.506,130851.1446,132084.7632,132893.8328,133685.9681,134401.2307,135058.6034,135611.5006,136486.4094,137454.6368,138114.3983,138176.8736,138065.9843,138413.0113,139102.9069,139842.0835,140394.9629,141189.0957,141993.7665,143619.6854,145231.4173,146967.4177,147982.6062,148649.2342,149595.0307,150802.3624,152379.0606,153858.6546,155500.6976,157062.6878,158205.3652,158928.4073,159692.6451,161001.3906,162369.2502,164326.8275,166432.5508,169189.1747,171953.8471,174766.936,177285.1212,179065.2541,179857.7509,180110.3277,180291.119,180673.9332,180497.5098,179710.3966,179083.4248,179567.4005,181072.4471,182437.7557,183340.83,183880.2094,184387.8557,184790.2956,185467.3957,186737.0465,188311.1585,189132.3076,189495.3661,189685.2116,190227.3619,190726.5119,190940.6198
394498,905,"Cordele, GA",msa,GA,82935.86288,83501.65397,84107.12057,84237.35334,84259.44621,84045.26564,83972.5765,83927.11112,84316.05685,84821.94339,85417.23056,85857.42364,86244.24772,86416.46699,86867.47139,87224.57399,87742.7176,88034.77687,88280.73891,88593.42859,88913.34051,89272.44434,89316.85431,89431.50329,89781.27996,90792.99761,91670.84518,92442.61455,92933.44857,93875.20926,95541.34835,97546.1841,99281.03564,100160.8367,100859.7888,101624.7917,102761.0969,104085.0803,105459.1502,107349.6936,108545.3243,109199.4312,108922.2631,109091.0355,110273.1969,111706.828,114322.9626,117523.6808,120629.3961,122601.4998,123198.0697,124216.7574,124918.3071,125509.7917,125789.4702,126419.306,126886.4809,127006.6238,125786.3905,124717.8332,124048.0172,124906.1968,126456.4713,127895.0316,129113.6749,129764.0572,130397.3044,130352.4036,130611.386,130341.5557,129985.8279,129227.8971,129323.9998,130216.5746,131598.6132,132657.7416
394578,906,"Evanston, WY",msa,WY,191050.5565,191284.4505,191307.2579,191066.4184,191134.2997,191690.0166,192617.4275,193484.2757,194351.6745,194887.7165,195599.572,196543.2906,197862.0863,199078.9665,199373.8042,199592.067,199858.8673,200943.9558,201536.376,201939.1827,202365.625,203221.4091,204068.2528,204798.2495,205643.7896,206763.038,207691.8461,208555.0833,209545.7542,211073.9696,213231.4384,215911.1387,219383.9578,222694.1696,225531.4382,228017.2415,230858.3498,234418.7237,238438.5587,243007.8789,247072.1657,250240.2726,252186.1396,254721.0486,258201.4869,262030.4454,266586.5891,271277.9754,276990.3569,282315.6962,287017.2453,291324.9504,294552.4255,296375.1415,297133.2483,297798.2925,298856.4433,299256.607,299209.0079,299318.1884,300493.2198,302206.6937,303775.8841,305427.551,306534.2039,307418.0962,307121.4428,307002.6851,306639.7714,306193.5732,305612.9307,305820.9241,306604.6082,307488.5308,308394.7267,308707.2213
395014,907,"Raymondville, TX",msa,TX,99266.80802,101141.2694,102453.9692,102487.906,102355.7456,102724.5944,103201.142,103356.5507,103460.7118,103889.6131,104369.3257,105441.5265,107388.1172,109630.5205,111691.183,112750.6915,113687.1238,114346.6902,115349.7279,116820.7479,118074.4414,119080.7002,118757.683,118763.2663,119196.9307,120970.0105,121877.1564,122261.4373,123138.6425,125673.8745,129120.1798,131715.7417,132372.3785,131955.9764,130912.9474,131035.233,131485.3857,132704.6294,133309.2238,133958.82,135026.3203,137423.7647,139265.7009,141519.9004,144345.7192,147729.6933,148362.8331,145846.6971,141499.3826,137586.2298,135709.607,134750.4657,133144.7229,130051.878,126291.4978,123808.7715,121611.5404,119971.294,118240.7985,116094.3664,114760.3575,114865.5649,115876.0886,116821.1103,116432.6,115322.7394,113601.3681,111579.7845,110084.4814,108189.6349,107593.402,107687.0251,109272.5825,111138.6193,112379.058,112887.2736
753914,908,"Port Lavaca, TX",msa,TX,144967.683,146533.4897,147653.016,148028.3875,148453.5866,148700.784,149344.7175,149729.6903,150618.0278,151627.2988,152999.9747,154565.3,155871.0797,156896.4928,157616.3056,158150.5554,158858.6916,159198.5502,159596.0141,160038.6031,161008.381,162299.4424,163062.8809,163401.2837,163356.0313,163884.2673,164306.7308,164296.4143,164138.8604,164775.9883,166447.8034,168118.0302,169595.4481,170935.9206,172549.742,174204.8707,175895.1591,177351.2349,178730.4657,179910.5112,181469.6655,182853.7275,183993.2715,184845.6815,186188.4724,187681.4798,189892.2262,192088.9318,194068.0465,195250.1897,196178.5259,197980.3744,199794.2948,200679.0356,200355.8475,199862.3474,199362.1949,198300.9751,196801.0082,195256.5671,194564.3416,195144.2906,196708.4033,198630.63,199345.0026,199091.9965,197879.544,196284.1716,194491.6757,192630.3191,190963.4081,190868.4121,192477.8786,195385.7255,197546.5338,198705.6372
753908,909,"Othello, WA",msa,WA,165988.2995,167750.4026,169835.4758,171574.8407,173290.2489,174559.6497,175482.719,175691.5242,175997.7496,176291.5147,176747.1329,177268.2595,178391.1396,180239.6264,182280.8091,184442.1609,186247.4564,188168.87,189990.1291,192125.9022,194148.0363,195686.7156,196418.8203,196759.6853,197520.2067,198894.2404,200441.4255,201943.5215,204002.9843,207192.3367,210981.3639,214891.5865,219149.7636,223495.3968,227816.403,232010.5409,236359.8418,240538.0985,244482.1687,248294.6763,252021.3429,254885.1975,257419.9113,259395.3717,261372.3882,262811.326,265947.0472,270471.3638,276208.4339,281579.2122,285932.671,289296.0041,290611.6161,290257.8177,289141.1069,288877.9057,289197.5483,289579.4576,288893.6718,288525.5823,288704.8204,289764.2034,291172.893,293144.3539,295199.8172,297182.9391,297968.6472,298321.7978,298294.5857,298377.8746,298713.3465,299653.8595,300899.4483,302161.2736,303480.9832,304624.118
753925,910,"Vineyard Haven, MA",msa,MA,815377.3567,820782.7355,828502.9773,835842.6633,841684.9827,847373.9872,852597.7462,858187.5836,863145.4607,867870.4512,871183.4574,874295.0343,879230.6459,885350.0605,888713.9434,890040.3497,890595.3018,892144.381,892264.2465,894071.5828,896692.1814,900296.6547,903663.0258,909326.1115,914746.3572,919089.8126,918338.194,918176.6862,919539.8783,928041.7331,941082.9012,957656.5658,978084.4454,1000436.236,1020916.682,1039439.929,1058796.455,1085838.168,1119996.838,1154402.73,1180092.764,1193779.705,1202226.565,1213058.721,1229001.651,1247139.146,1273111.737,1303556.179,1343194.988,1384702.936,1420334.156,1451613.024,1464753.756,1464619.763,1450344.703,1438960.882,1434816.643,1433014.645,1425791.843,1415948.159,1406378.544,1404076.926,1411061.079,1427035.737,1445218.414,1457886.56,1466170.585,1473114.486,1480546.942,1487380.876,1490733.23,1494301.115,1503210.462,1518924.997,1534163.855,1536732.272
394965,911,"Parsons, KS",msa,KS,58650.47306,59696.79834,60682.28782,60961.66709,60991.45702,60704.34719,60441.04044,59954.62713,59767.71029,59856.32366,60145.87453,60632.64942,61202.86761,61692.81876,62017.68875,62302.92294,62628.81762,62785.00008,62964.0029,63447.18275,64027.91792,64408.68066,64121.19991,63388.11492,62892.20851,63164.90008,63774.92358,64154.1179,64847.3032,65890.26552,67747.5436,69238.98007,70788.05704,72293.71661,73668.93809,74869.75772,75841.13015,76928.54995,77978.82776,78728.29508,78927.56032,78796.22787,78256.23332,78107.6911,78625.87062,79473.51463,80642.34002,81606.15733,82443.00687,83093.83331,84240.67427,85825.77774,87684.32736,88964.15089,89957.30107,90818.7098,91234.88195,91026.26389,89508.22497,87595.45105,85992.82602,85400.45409,85259.06672,85100.84758,84908.27152,84894.14711,85149.71466,85525.51392,85657.6518,85326.56026,84547.58488,84297.72966,85013.03573,86527.26974,88220.85825,89781.08244
395003,912,"Price, UT",msa,UT,134123.3892,134284.814,134067.128,133430.7446,133560.157,134053.2092,135261.7867,136384.8078,137721.59,138224.4015,138719.8842,139318.3394,141137.4363,143321.429,145459.0731,147378.8495,149251.2864,151507.897,153280.6356,154808.6535,155869.1814,156958.045,157362.0588,157379.7473,157422.0813,157686.9402,157833.5089,157739.0704,158305.8854,159755.6535,161901.0943,164089.5121,166569.9588,168973.7495,171353.0999,173569.7868,176332.3766,179219.823,182613.6364,186318.9513,190931.14,196154.1674,200780.125,204857.1434,208225.1823,211628.7647,214789.8727,218346.5243,222305.4617,226593.3656,230590.8191,234431.8866,237120.8601,237828.2751,237800.6375,238021.4839,238614.5163,238752.2185,239623.9669,241119.5142,242977.2232,244700.2678,246409.7962,247969.9023,248806.0535,249508.4376,249659.3761,249072.4238,248678.2518,248333.9459,249319.5429,251344.7469,254030.5952,256251.078,256870.1125,256509.1613
394996,915,"Portales, NM",msa,NM,125507.8426,126275.7597,125871.2546,124978.2909,124856.9951,125137.3309,125861.1464,126218.4606,127174.1946,127872.0298,128134.6433,128459.4438,128972.0868,129902.5288,130581.1298,131436.4455,132120.5183,132381.8221,132155.9251,131889.6464,131924.2417,132485.2479,133637.7745,134808.6616,135823.9065,136549.7044,137024.6622,137679.2009,138313.982,139389.3699,140409.1317,141357.8272,141221.8946,140041.8467,139038.8002,138563.2173,138370.6885,137946.4105,138053.3788,138556.2171,138344.931,137521.9253,136645.7567,136742.0316,137232.6636,137344.5661,138012.4534,139050.8442,140701.7627,141699.0135,142076.1107,142651.5619,143170.1005,143374.5683,142985.7253,142556.9931,142148.911,141572.9862,140579.9438,139499.3143,139287.8041,140534.9137,142157.7954,143049.5547,143153.9627,143203.3853,143664.9247,143679.503,143477.194,142767.0526,142571.6727,142987.9386,144473.3163,145591.833,145877.6057,144456.9288
394805,916,"Los Alamos, NM",msa,NM,317894.6582,320451.8426,323419.725,326727.3298,330238.6048,333660.8928,335994.1222,337507.2304,338476.7627,339573.7915,340948.8303,342602.1389,344669.4613,346708.7961,348576.7619,349563.8594,351234.9434,353909.6611,357601.9516,361976.8373,366364.781,371424.2928,376684.5246,381883.6609,386332.2426,390135.3542,393070.92,396812.4013,400114.773,404353.3721,408343.8379,413658.0238,420259.4163,428059.1808,435231.3759,441370.3477,445905.9755,450272.0988,454376.4363,458621.594,461096.1317,462317.3467,462254.845,463263.085,464760.4376,466378.658,469341.5662,475358.6812,483685.6027,490740.2256,496132.5665,500299.7723,502806.1475,502171.6299,500742.5037,500602.2264,501138.8614,500150.5512,497871.0726,496521.2923,497795.5703,501199.5203,505639.1656,510205.0979,515021.5038,518751.2372,521566.3149,524988.257,529611.687,535253.8954,539969.6921,544699.3213,549870.8012,554263.3631,557726.5407,558902.7691
394678,918,"Hereford, TX",msa,TX,88051.50554,89872.7954,91892.68286,93496.59054,94732.10561,95769.73582,96594.11931,96886.26726,97149.06039,97001.65333,96878.36314,96986.10567,97759.62354,99129.75305,100620.5484,102109.6021,103143.0878,103952.9698,104446.1641,105492.6911,107159.5876,109184.6143,110870.466,112296.1481,114063.2861,116319.5126,118730.6704,120447.1858,122259.3851,124278.5208,127184.1537,128970.6859,130064.5369,130238.0309,131469.42,133553.9868,136789.7591,140137.7903,143067.8972,145396.5616,147228.4354,148871.0871,149629.6502,150350.6925,150892.6488,151524.01,151865.8322,151979.2528,151923.3393,152188.0505,152768.4776,154200.0417,155585.947,156507.7295,156549.4009,155693.0522,154822.0752,154045.7631,154019.8349,153642.4645,152752.5256,151888.7138,151354.8836,151752.5242,152176.1097,153251.1168,154342.4476,155456.6112,156020.473,156311.5254,156460.2772,157102.3153,158552.0482,160387.6938,161909.4639,162566.9248
394330,920,"Andrews, TX",msa,TX,169129.1612,170317.6298,171068.4258,171419.4992,171949.6222,173019.4509,174179.6906,175036.7889,176312.6566,177623.9198,179374.7108,181101.2999,182986.7176,184791.0767,186303.6495,187700.886,189406.5933,191541.3304,193780.2828,196028.6165,198083.4549,199946.9676,201203.1154,202369.053,203827.2941,205626.9396,206777.9815,207712.7845,209010.5264,211174.4496,213698.4984,214838.1785,214827.7965,213805.7229,212907.9279,213083.3202,214424.2578,217076.4727,220152.6664,222795.1094,225087.7427,226584.9209,227213.7521,227385.8648,228010.0994,229051.3485,229917.7063,230327.1147,230509.6197,230691.0508,230237.6025,230001.9993,229436.7747,228805.8109,227840.8386,226878.3205,225528.7586,222690.0312,218944.1476,215790.8079,213995.8847,213812.6669,214465.2532,215843.4412,216549.6646,215915.7087,214336.4171,213204.7974,213503.1729,214695.4071,216078.9128,216863.7945,218167.1354,220114.1954,222226.141,223637.2316
395112,922,"Spirit Lake, IA",msa,IA,248175.5327,249463.8324,250899.5668,252095.5799,253695.6559,254396.2957,255390.3816,255779.7973,256754.7437,257401.4778,258259.9262,259695.6395,261401.175,263371.9129,264938.854,266042.4518,266894.3132,267690.2981,269003.9317,270403.1608,272352.9934,274656.7285,276301.4344,277233.8409,277206.9688,277075.4556,277039.1247,277119.4973,278597.0555,281312.1023,285027.11,288668.1245,290939.794,292724.2046,293851.9554,295883.8296,297426.89,298890.1556,300496.5066,302964.4615,306253.3937,308542.6966,310112.4446,311930.3443,315305.7024,320074.1847,325892.6688,332407.6368,339236.0915,346111.1339,352392.9562,357835.123,361553.7268,362796.0326,363669.1253,363899.2447,364003.7921,362023.2565,359435.8615,357496.7069,358180.4202,360539.215,364176.7359,367739.6491,370786.227,373406.6338,375341.7178,376732.2964,377588.7368,378037.7206,378520.5179,379050.7314,380490.8011,381919.5997,383643.7097,385294.7592
394594,923,"Fitzgerald, GA",msa,GA,64624.01854,64933.39567,65295.91256,65331.72885,65634.49193,66092.05101,66794.79581,67058.46628,67605.03853,68395.76364,69313.08156,69544.96447,69350.30581,69107.91154,69147.82889,69429.12345,69620.95109,69830.33281,69847.95465,69994.34268,69980.82076,69909.70274,69670.29678,70038.3114,70889.99758,71920.21892,72483.60876,72666.52507,72949.88837,73773.97811,75372.21885,77323.79325,79197.67117,80571.79487,81934.541,83366.63289,84899.88594,86162.19843,87665.23042,89424.0952,90141.46207,90265.78254,90213.03291,91972.27524,94542.09399,97214.86223,100478.1685,103853.356,106419.856,107429.0979,108012.9937,109626.6146,111697.3351,113480.4897,114637.881,115189.3002,114993.2486,113591.7492,111039.358,108110.6395,106857.6703,107330.0633,109106.8891,110567.4987,111525.8949,111932.2461,111884.5731,111250.5124,110590.7518,110197.8469,110331.5633,110937.844,112140.1544,113617.6218,114624.9576,115153.0814
753927,924,"Winnemucca, NV",msa,NV,197485.2734,198584.5603,200367.6988,201654.1245,203404.082,204422.083,205140.5435,204898.0684,205182.5386,206199.0335,207735.6922,208575.3619,209268.9753,210233.094,211738.7212,213009.9067,214032.888,214860.8658,215386.4111,215380.5777,215662.3297,216215.0422,218159.2816,220023.6651,222138.4062,223389.3927,224217.6233,225107.9043,227503.7082,230948.8701,234178.3003,235270.8795,235984.4185,237126.3647,239907.6863,243628.8513,248443.4172,253996.7928,259711.165,265051.7547,268781.4297,271281.406,273456.0994,276511.1824,280330.3844,283157.6268,285443.9241,287693.9157,291145.9687,295069.6984,298541.3811,302152.7265,303885.0965,303698.2397,300980.3313,298258.3641,295599.0513,292485.9781,290090.7362,289889.0554,291470.543,294113.2258,296463.2209,299395.995,301475.6191,303353.518,305341.3361,307945.0392,310144.2508,311086.6224,310587.7535,310325.5972,310198.0014,311412.5082,313216.69,315849.1777
394841,925,"Maysville, KY",msa,KY,87055.36633,87496.43398,88089.98053,88803.51871,89730.36008,90478.18188,91159.67985,91215.6441,91823.15521,92150.71403,92580.4732,92819.90256,93376.54783,93959.12441,94381.34927,94751.66681,95178.74872,95710.59512,96051.46797,96499.29497,96330.64418,95980.8611,95324.96899,95066.70229,95352.30067,95839.78826,96400.11219,96924.2949,97947.19769,99632.71946,101932.9074,104597.9256,107176.2988,109256.7851,110469.2751,111423.934,112624.3647,114090.8285,115372.5676,116701.9792,118088.1112,119494.1887,120373.0943,121242.2734,122366.2717,123841.549,126147.1592,128773.349,131520.896,133607.7625,135195.7507,136849.4951,137943.413,138545.7989,138028.8697,137989.5781,138442.163,139716.7628,140481.3606,141191.3404,141888.8553,142733.8812,143337.6604,143027.1514,142114.6564,140970.4581,140437.8733,140579.6893,140843.0627,140949.5663,141322.3655,142653.0707,145396.5715,148296.151,150516.5808,151660.9101
395104,926,"Snyder, TX",msa,TX,103392.4372,103663.5159,104236.5407,104532.4001,104606.788,104540.9782,104629.6767,104447.889,104229.3575,103988.3589,103888.269,104060.6965,104698.4418,105592.8993,106627.388,107796.6913,108858.164,109719.1727,110091.8685,110465.8224,111033.3594,111497.9544,111660.6777,111608.8567,111529.3305,111725.1086,111818.181,111944.2841,112492.3057,113480.0786,115435.77,116698.657,117548.1578,117259.0094,117156.4302,117295.8349,117995.6805,119010.8569,119781.9066,120561.8845,121659.3845,123501.5952,125049.2983,126485.3641,128006.4099,129377.2867,129688.876,128837.9205,128169.2336,128119.2678,128479.6842,128553.6494,127886.8199,126102.2812,123757.4959,122434.7559,121899.1568,121925.0837,121722.4952,121528.9937,121531.8847,121582.5173,122318.8363,122725.1236,122623.8443,121393.7414,119933.2621,118366.8865,117376.0991,116833.4483,116886.5969,117160.4427,117873.2671,118956.7696,120138.0936,121033.2915
394676,927,"Helena, AR",msa,AR,57540.68108,57510.28596,57356.75178,57086.41424,56751.54554,55776.70296,54633.55471,53287.83606,52897.33426,52798.07808,53035.18027,53145.50858,53585.82044,53965.0668,54322.755,54595.91993,54782.50484,54678.00197,54541.5679,54544.24201,54547.25453,54337.57636,53832.27355,53586.99856,53658.2174,54207.75084,54836.67132,55117.81217,55440.99416,56314.83487,57870.36111,59319.12023,59564.08198,58459.21654,56669.14351,55127.49881,54543.6428,54293.75412,54698.81627,54699.0019,54495.74525,53980.71154,53559.22634,53624.79874,54072.58682,54820.40344,55609.11815,55668.52862,54815.14623,53403.77079,52517.78631,52409.57461,52412.33924,52047.56474,51105.13485,49939.39094,48730.64963,47713.46933,46733.61667,45936.63474,45884.44116,46822.95571,47696.88525,47934.72343,47437.97449,46784.37126,46418.78433,46198.23365,46039.79735,45533.69993,44918.38015,44484.80691,44821.44112,45575.13449,46536.78061,46984.59628
395111,928,"Spencer, IA",msa,IA,131715.6546,131959.1864,132078.1058,132055.6503,132274.0915,132127.8495,132192.6708,132116.2864,132582.0475,133064.1685,133493.8372,133975.5722,134336.8871,134900.7862,135384.8595,136306.6011,136970.5502,137697.3794,138222.0183,139444.207,140450.3959,141227.6875,140904.2108,140453.3904,140051.911,140317.5563,140876.2763,141608.2406,142381.6127,143329.3895,145062.0736,146699.5359,148161.6732,149014.5603,149973.0874,150973.9915,151913.9223,153114.2969,154529.2524,156049.6681,157492.3033,158726.3231,159866.4672,161216.8089,163050.0313,164905.9273,167245.5472,169377.806,171957.2099,174407.4774,176764.7416,178884.8046,180040.924,180333.4597,179778.6289,179115.6403,178962.7044,178836.6419,178820.0997,178705.0493,179156.6323,179820.6552,180671.6298,181229.1515,181883.7425,182587.3852,183395.2391,184046.9415,184453.2536,184725.5651,184542.2811,184238.0599,184209.8316,184483.8794,185125.4793,185713.6554
394342,929,"Atchison, KS",msa,KS,93067.19849,93819.56,94638.13105,94933.53058,95200.37827,95453.0475,96233.24949,96961.14068,97907.5752,98610.83189,99123.19382,99584.95969,100295.6447,101169.308,101627.7523,101667.2798,101492.0926,101679.1539,101956.096,102741.1668,103767.7619,104950.9051,105728.9633,106792.4021,108036.6313,109654.7413,110371.7635,110845.1713,111411.8359,112538.2889,114219.983,116086.2826,118277.1916,120595.1408,122642.2579,124870.5388,127029.2382,129431.3306,131899.6889,134480.4594,136320.9913,137408.5322,137203.8743,137664.4059,138794.0348,140602.9556,142958.2667,145455.6705,148504.3527,151012.7928,153375.5467,155599.6283,158120.0889,160154.3981,161525.6882,162454.9805,162585.0134,161635.9465,159245.8779,156362.1482,154318.2722,153519.5436,153551.8445,153599.2195,153592.3493,154129.4184,155317.7997,156369.8169,157079.824,157410.7213,157879.6198,158681.3656,160545.474,162883.997,165026.9903,166565.8304
753880,930,"Fairfield, IA",msa,IA,129375.391,130110.5697,130754.2537,130770.23,130955.5449,130968.7136,131390.8995,131547.9986,131742.8446,131600.652,131490.4622,131448.3081,131750.4826,132062.9765,132307.6721,132767.8477,133336.176,134135.2889,134692.0187,135665.4493,136407.3775,136759.0887,136115.4676,135677.6699,135878.1975,136661.4951,137607.0177,138391.8813,139398.232,140409.0517,141854.4841,143281.0202,144762.0876,145847.5762,146791.4609,147517.2475,148683.3313,150350.5547,152151.8788,153884.1148,155109.0556,156106.6764,157004.0478,158220.4235,159766.5052,160838.0173,162309.9477,164228.0952,167444.1091,171324.2738,175379.2362,178388.5675,179687.674,179429.7333,179083.6137,178969.0964,178632.8317,177105.7036,174735.9989,172629.3037,171586.9187,171471.4048,171745.8416,171984.8113,172216.7509,172158.4323,171755.9451,171380.2095,171342.2529,171688.2989,172208.1057,173475.8064,175161.2684,176774.7709,177900.7416,178558.6755
395186,932,"Vermillion, SD",msa,SD,156978.7695,158677.8533,159942.6992,160271.4876,160510.5213,160623.9503,160519.6514,160001.1459,159851.4502,160155.2609,161015.518,162338.5381,164033.7179,165409.027,165930.4453,166670.975,167446.096,167934.573,167839.9548,168478.4373,169971.6898,171548.9954,172180.131,172896.2084,174026.3962,175583.6398,176668.6784,177002.2058,177355.8204,178136.858,180165.9408,182458.5875,184963.2626,187104.9211,189249.2332,191383.8701,193032.8746,194648.5298,196530.8319,199101.177,201843.2747,204002.0079,204977.8613,205768.7587,206982.923,208892.804,211606.3038,214588.3033,218422.6369,222389.8744,226129.7718,229605.3152,231603.9424,232111.7746,230641.5235,229722.9232,229728.189,230737.777,231620.4501,232283.1911,233741.6776,235554.9142,237925.6246,240032.8185,241482.4446,242143.9588,242084.7872,241567.5452,241151.9369,241193.8782,241710.7024,242956.5572,245040.4684,248109.6377,251128.8075,253083.0919
395142,933,"Sweetwater, TX",msa,TX,106585.3908,107016.1529,107423.3309,107167.5426,107079.1514,107274.4547,107695.8044,107937.7791,108415.9572,109079.1917,109845.8042,110574.323,111737.9811,112861.7451,113574.879,114406.2869,114370.5302,113897.8339,113159.7168,113459.0984,114066.1219,114499.2163,114115.502,114078.5151,113894.9514,114674.5911,115111.4698,115780.0633,115761.8664,116586.3913,118156.7899,120311.721,121886.8477,122695.6015,123207.5871,123294.5235,123698.6075,124089.3971,124539.1196,124844.1447,125193.0701,125118.1049,124692.8638,124554.9023,125580.2418,126329.5112,126811.6715,126201.6745,125342.6074,124245.3067,124340.6913,125361.9,126705.6097,127302.4798,127089.0712,126895.3025,125714.3687,123924.047,121023.381,118118.6728,116498.4724,116255.4997,116865.2573,116789.1167,116719.7751,116581.3839,116419.2136,115466.696,114318.648,112312.4986,110190.1855,108719.9641,108810.933,109907.27,111040.1397,111880.37
394968,934,"Pecos, TX",msa,TX,145379.341,148346.4245,151438.9612,153105.3833,154690.1321,156887.5989,160272.6889,163718.5381,167184.4813,169991.1918,170770.062,170950.4297,170829.6383,172793.6221,174847.8291,176658.977,177889.9123,178888.2999,180234.6877,182000.0481,184477.9484,186992.7311,188721.5241,190311.9402,191734.0056,193318.9409,196619.834,200477.9741,205477.5159,209767.1851,215067.1994,218518.6454,220258.418,219839.3035,220310.6609,221951.8728,224849.3483,228691.0875,230271.392,229992.614,226812.7833,223595.2342,222259.2677,227187.5518,235055.1066,242613.2489,245664.4191,248202.8262,250020.0592,251921.0439,252707.6917,251518.5351,246966.5179,241392.9282,236374.497,231804.4142,225863.715,217722.6104,210748.9945,203479.5508,197638.218,191983.6846,187585.8643,182917.0358,178228.2472,173324.607,169310.2462,164748.5314,161465.9658,157683.4836,155674.9939,154877.9679,155691.2956,158252.5908,159740.3754,161141.8877
753929,935,"Zapata, TX",msa,TX,119252.2631,120134.2037,120923.6809,120996.0319,120780.424,120201.4705,119511.3275,118284.4463,117733.1574,117871.2942,118173.8069,118864.8269,119800.0486,121758.0962,123791.5744,126119.0297,127196.7814,126831.355,125676.6342,125203.3567,125285.4556,125783.2669,126095.6912,127408.4978,128373.4909,129722.5769,130191.3202,130801.713,132047.6273,134148.8566,136812.7329,138216.1023,138652.5517,138102.6799,137986.9766,139117.8587,141345.9571,143727.2404,145659.6726,147237.9939,147663.0433,147266.9938,145681.6867,145237.6186,145691.5705,146762.3199,147342.9064,147007.7163,145801.4976,144484.4665,144606.0052,146394.0336,148108.5706,148214.0952,146233.2099,143972.8094,140599.7938,136753.8057,132167.1937,129193.1052,128110.2689,128304.5967,127790.5947,127062.3888,126685.7482,126917.9308,126560.3329,124921.3087,122699.7406,120638.7758,118929.2984,118115.532,118233.847,119712.4374,121389.321,122456.9842
394743,936,"Ketchikan, AK",msa,AK,300539.9755,303655.3338,305890.3499,306685.3574,307449.3151,308046.327,309366.2353,309667.3271,310206.1266,310275.0835,312100.4046,315018.3396,318237.0672,320829.754,322367.0274,324110.6879,326132.0689,328026.7587,329838.7448,331495.0568,333570.9192,335829.0635,338369.7875,340664.0192,342886.5599,344515.2131,344462.5809,343134.4552,342057.0065,343211.8867,346420.2023,349874.7958,353341.2719,356685.7791,359328.6666,362093.6866,363921.2592,365803.7655,367597.4159,370777.0441,375201.3665,378164.4099,378290.1939,377050.0235,376408.6188,377547.3954,379390.8485,380995.8088,383096.7859,385689.4583,390066.4743,395679.5861,400007.849,402428.7864,402912.6942,403395.7551,403128.9362,402041.1203,399680.9106,397931.5604,395774.3673,394628.6665,394963.3922,396384.626,397932.6793,397513.7155,395528.4197,392091.0601,389234.9266,386709.4652,386478.8467,386599.3631,388305.494,389830.4483,390955.5906,391024.9509
753874,937,"Craig, CO",msa,CO,169624.0401,169862.4201,169626.3922,169258.8445,169521.8984,170546.1023,171903.5406,172760.7573,173708.5686,174445.6728,175373.6626,175957.2053,176645.5313,177781.2977,179042.1982,180598.5508,181863.0558,183291.3236,184134.3067,184881.2766,185362.6968,186070.1106,186940.1114,187939.7896,189473.4271,191275.5546,192607.1848,193371.1231,194009.573,195305.3864,197254.4436,199583.5057,202229.268,204424.199,206087.9055,207740.0086,209768.0842,212038.2022,214795.084,217614.6957,220326.808,222435.8913,223911.7759,225990.8901,228924.6109,232931.4568,237486.9814,241977.5319,245862.0467,249346.8533,252068.9452,255118.0232,257344.5172,259168.7281,260313.6679,261840.0586,263320.1038,265022.0453,266316.5871,267658.9214,268862.6688,270931.0741,273619.555,277298.0716,280232.3813,282507.1722,283770.9132,285015.504,285747.2699,285698.4136,284930.3819,284861.3869,285325.1834,286107.214,287011.422,287351.3066
395188,938,"Vernon, TX",msa,TX,72852.3174,73560.64313,74127.68503,73878.99766,73751.73526,73502.4312,73703.24588,73690.48938,73928.30357,74331.35826,74876.29337,75578.61828,76046.88023,76346.03976,76764.23041,77530.45032,78302.22685,78990.25584,79347.04659,80159.21057,80530.74998,81011.52573,80611.00892,80319.5237,80232.10168,81056.86618,81933.09327,82494.49835,83057.22051,84033.68083,86440.46681,88506.95353,90257.39584,90925.86462,91510.29976,91846.0928,91672.26603,91100.41532,90580.58936,90244.69418,90038.04729,89869.0362,89480.43606,89794.19342,90671.88715,92103.61029,94087.7842,96307.8761,98412.62483,99616.75866,100665.3386,101667.903,102437.4044,102510.4182,102532.1665,102129.2359,101008.0705,98254.78853,95991.71987,94922.07323,96111.61417,97698.71782,99031.46705,98991.70297,98421.09442,97348.79707,96318.64425,95201.17587,93650.32067,92270.44159,91526.91101,91577.61255,92239.22234,92985.58645,93640.58184,93905.2232
394767,939,"Lamesa, TX",msa,TX,87546.11125,88156.15105,88613.78911,88292.4621,87956.83994,86991.2111,85973.84862,85169.55835,85147.05646,85861.16023,86552.7341,87449.33941,88900.61553,90499.93049,92328.36127,93449.44664,94255.82715,93959.30466,93574.50902,93395.40016,94139.82526,95371.15361,95900.89388,96260.34283,96495.20088,97895.91438,99506.38142,101400.3717,102918.1787,104297.9311,105941.8779,107323.9889,108373.1693,109516.7362,110827.9581,112391.1453,113438.1839,114035.2469,114509.5365,114036.6887,112597.3301,110242.2239,107777.4238,107039.7632,108431.6946,110285.9156,111561.7809,111465.7638,110850.3678,109534.4723,108377.4342,107671.2714,107184.3951,106578.1997,105815.1964,105652.3665,104995.3479,103363.1305,101639.2486,100137.5095,99983.61892,99753.42654,99679.37625,98042.51404,96063.04621,93923.68176,92737.58174,91677.11471,90834.93929,89475.99503,88736.18088,87625.62618,87678.58102,87898.55205,88824.59877,90114.17783